Kafka semble être en cours d'exécution sur le port 9092.
Compilation du projet...
[info] welcome to sbt 1.11.2 (Homebrew Java 17.0.15)
[info] loading settings for project exam_stream-build from plugins.sbt...
[info] loading project definition from /Users/evan/Desktop/COURS/4IABD2/spark-streaming/exam_stream/exam_stream/project
[info] loading settings for project root from build.sbt, plugins.sbt...
[info] set current project to smart-meter-streaming (in build file:/Users/evan/Desktop/COURS/4IABD2/spark-streaming/exam_stream/exam_stream/)
[info] Executing in batch mode. For better performance use sbt's shell
[success] Total time: 2 s, completed 11 juil. 2025, 11:08:08
Exécution du producteur Kafka avec Spark...
:: loading settings :: url = jar:file:/Users/evan/opt/spark-3.3.2/jars/ivy-2.5.1.jar!/org/apache/ivy/core/settings/ivysettings.xml
Ivy Default Cache set to: /Users/evan/.ivy2/cache
The jars for the packages stored in: /Users/evan/.ivy2/jars
org.apache.spark#spark-sql-kafka-0-10_2.12 added as a dependency
org.apache.kafka#kafka-clients added as a dependency
:: resolving dependencies :: org.apache.spark#spark-submit-parent-4f0b4767-6784-4ff2-900d-f55ea636d2d5;1.0
	confs: [default]
	found org.apache.spark#spark-sql-kafka-0-10_2.12;3.3.2 in central
	found org.apache.spark#spark-token-provider-kafka-0-10_2.12;3.3.2 in central
	found org.apache.hadoop#hadoop-client-runtime;3.3.2 in central
	found org.spark-project.spark#unused;1.0.0 in central
	found org.apache.hadoop#hadoop-client-api;3.3.2 in central
	found org.xerial.snappy#snappy-java;1.1.8.4 in central
	found org.slf4j#slf4j-api;1.7.32 in central
	found commons-logging#commons-logging;1.1.3 in central
	found com.google.code.findbugs#jsr305;3.0.0 in central
	found org.apache.commons#commons-pool2;2.11.1 in central
	found org.apache.kafka#kafka-clients;3.3.1 in central
	found com.github.luben#zstd-jni;1.5.2-1 in central
	found org.lz4#lz4-java;1.8.0 in central
	found org.slf4j#slf4j-api;1.7.36 in local-m2-cache
:: resolution report :: resolve 538ms :: artifacts dl 6ms
	:: modules in use:
	com.github.luben#zstd-jni;1.5.2-1 from central in [default]
	com.google.code.findbugs#jsr305;3.0.0 from central in [default]
	commons-logging#commons-logging;1.1.3 from central in [default]
	org.apache.commons#commons-pool2;2.11.1 from central in [default]
	org.apache.hadoop#hadoop-client-api;3.3.2 from central in [default]
	org.apache.hadoop#hadoop-client-runtime;3.3.2 from central in [default]
	org.apache.kafka#kafka-clients;3.3.1 from central in [default]
	org.apache.spark#spark-sql-kafka-0-10_2.12;3.3.2 from central in [default]
	org.apache.spark#spark-token-provider-kafka-0-10_2.12;3.3.2 from central in [default]
	org.lz4#lz4-java;1.8.0 from central in [default]
	org.slf4j#slf4j-api;1.7.36 from local-m2-cache in [default]
	org.spark-project.spark#unused;1.0.0 from central in [default]
	org.xerial.snappy#snappy-java;1.1.8.4 from central in [default]
	:: evicted modules:
	org.apache.kafka#kafka-clients;2.8.1 by [org.apache.kafka#kafka-clients;3.3.1] in [default]
	org.slf4j#slf4j-api;1.7.32 by [org.slf4j#slf4j-api;1.7.36] in [default]
	---------------------------------------------------------------------
	|                  |            modules            ||   artifacts   |
	|       conf       | number| search|dwnlded|evicted|| number|dwnlded|
	---------------------------------------------------------------------
	|      default     |   15  |   0   |   0   |   2   ||   13  |   0   |
	---------------------------------------------------------------------
:: retrieving :: org.apache.spark#spark-submit-parent-4f0b4767-6784-4ff2-900d-f55ea636d2d5
	confs: [default]
	0 artifacts copied, 13 already retrieved (0kB/4ms)
25/07/11 11:08:11 WARN NativeCodeLoader: Unable to load native-hadoop library for your platform... using builtin-java classes where applicable
25/07/11 11:08:11 INFO SparkContext: Running Spark version 3.3.2
25/07/11 11:08:11 INFO ResourceUtils: ==============================================================
25/07/11 11:08:11 INFO ResourceUtils: No custom resources configured for spark.driver.
25/07/11 11:08:11 INFO ResourceUtils: ==============================================================
25/07/11 11:08:11 INFO SparkContext: Submitted application: SmartMeterKafkaProducer
25/07/11 11:08:11 INFO ResourceProfile: Default ResourceProfile created, executor resources: Map(cores -> name: cores, amount: 1, script: , vendor: , memory -> name: memory, amount: 1024, script: , vendor: , offHeap -> name: offHeap, amount: 0, script: , vendor: ), task resources: Map(cpus -> name: cpus, amount: 1.0)
25/07/11 11:08:11 INFO ResourceProfile: Limiting resource is cpu
25/07/11 11:08:11 INFO ResourceProfileManager: Added ResourceProfile id: 0
25/07/11 11:08:11 INFO SecurityManager: Changing view acls to: evan
25/07/11 11:08:11 INFO SecurityManager: Changing modify acls to: evan
25/07/11 11:08:11 INFO SecurityManager: Changing view acls groups to: 
25/07/11 11:08:11 INFO SecurityManager: Changing modify acls groups to: 
25/07/11 11:08:11 INFO SecurityManager: SecurityManager: authentication disabled; ui acls disabled; users  with view permissions: Set(evan); groups with view permissions: Set(); users  with modify permissions: Set(evan); groups with modify permissions: Set()
25/07/11 11:08:11 INFO Utils: Successfully started service 'sparkDriver' on port 54172.
25/07/11 11:08:11 INFO SparkEnv: Registering MapOutputTracker
25/07/11 11:08:11 INFO SparkEnv: Registering BlockManagerMaster
25/07/11 11:08:11 INFO BlockManagerMasterEndpoint: Using org.apache.spark.storage.DefaultTopologyMapper for getting topology information
25/07/11 11:08:11 INFO BlockManagerMasterEndpoint: BlockManagerMasterEndpoint up
25/07/11 11:08:11 INFO SparkEnv: Registering BlockManagerMasterHeartbeat
25/07/11 11:08:11 INFO DiskBlockManager: Created local directory at /private/var/folders/qp/y8k46p7j4zx1vs63v2zcp3jh0000gn/T/blockmgr-c3c56e0c-5fc3-4198-b297-41d3a6ae19ad
25/07/11 11:08:11 INFO MemoryStore: MemoryStore started with capacity 434.4 MiB
25/07/11 11:08:11 INFO SparkEnv: Registering OutputCommitCoordinator
25/07/11 11:08:11 INFO Utils: Successfully started service 'SparkUI' on port 4040.
25/07/11 11:08:11 INFO SparkContext: Added JAR file:///Users/evan/.ivy2/jars/org.apache.spark_spark-sql-kafka-0-10_2.12-3.3.2.jar at spark://air-de-greven.lan:54172/jars/org.apache.spark_spark-sql-kafka-0-10_2.12-3.3.2.jar with timestamp 1752224891240
25/07/11 11:08:11 INFO SparkContext: Added JAR file:///Users/evan/.ivy2/jars/org.apache.kafka_kafka-clients-3.3.1.jar at spark://air-de-greven.lan:54172/jars/org.apache.kafka_kafka-clients-3.3.1.jar with timestamp 1752224891240
25/07/11 11:08:11 INFO SparkContext: Added JAR file:///Users/evan/.ivy2/jars/org.apache.spark_spark-token-provider-kafka-0-10_2.12-3.3.2.jar at spark://air-de-greven.lan:54172/jars/org.apache.spark_spark-token-provider-kafka-0-10_2.12-3.3.2.jar with timestamp 1752224891240
25/07/11 11:08:11 INFO SparkContext: Added JAR file:///Users/evan/.ivy2/jars/com.google.code.findbugs_jsr305-3.0.0.jar at spark://air-de-greven.lan:54172/jars/com.google.code.findbugs_jsr305-3.0.0.jar with timestamp 1752224891240
25/07/11 11:08:11 INFO SparkContext: Added JAR file:///Users/evan/.ivy2/jars/org.apache.commons_commons-pool2-2.11.1.jar at spark://air-de-greven.lan:54172/jars/org.apache.commons_commons-pool2-2.11.1.jar with timestamp 1752224891240
25/07/11 11:08:11 INFO SparkContext: Added JAR file:///Users/evan/.ivy2/jars/org.spark-project.spark_unused-1.0.0.jar at spark://air-de-greven.lan:54172/jars/org.spark-project.spark_unused-1.0.0.jar with timestamp 1752224891240
25/07/11 11:08:11 INFO SparkContext: Added JAR file:///Users/evan/.ivy2/jars/org.apache.hadoop_hadoop-client-runtime-3.3.2.jar at spark://air-de-greven.lan:54172/jars/org.apache.hadoop_hadoop-client-runtime-3.3.2.jar with timestamp 1752224891240
25/07/11 11:08:11 INFO SparkContext: Added JAR file:///Users/evan/.ivy2/jars/org.apache.hadoop_hadoop-client-api-3.3.2.jar at spark://air-de-greven.lan:54172/jars/org.apache.hadoop_hadoop-client-api-3.3.2.jar with timestamp 1752224891240
25/07/11 11:08:11 INFO SparkContext: Added JAR file:///Users/evan/.ivy2/jars/org.xerial.snappy_snappy-java-1.1.8.4.jar at spark://air-de-greven.lan:54172/jars/org.xerial.snappy_snappy-java-1.1.8.4.jar with timestamp 1752224891240
25/07/11 11:08:11 INFO SparkContext: Added JAR file:///Users/evan/.ivy2/jars/commons-logging_commons-logging-1.1.3.jar at spark://air-de-greven.lan:54172/jars/commons-logging_commons-logging-1.1.3.jar with timestamp 1752224891240
25/07/11 11:08:11 INFO SparkContext: Added JAR file:///Users/evan/.ivy2/jars/com.github.luben_zstd-jni-1.5.2-1.jar at spark://air-de-greven.lan:54172/jars/com.github.luben_zstd-jni-1.5.2-1.jar with timestamp 1752224891240
25/07/11 11:08:11 INFO SparkContext: Added JAR file:///Users/evan/.ivy2/jars/org.lz4_lz4-java-1.8.0.jar at spark://air-de-greven.lan:54172/jars/org.lz4_lz4-java-1.8.0.jar with timestamp 1752224891240
25/07/11 11:08:11 INFO SparkContext: Added JAR file:///Users/evan/.ivy2/jars/org.slf4j_slf4j-api-1.7.36.jar at spark://air-de-greven.lan:54172/jars/org.slf4j_slf4j-api-1.7.36.jar with timestamp 1752224891240
25/07/11 11:08:11 INFO SparkContext: Added JAR file:/Users/evan/Desktop/COURS/4IABD2/spark-streaming/exam_stream/exam_stream/target/scala-2.12/smart-meter-streaming-assembly-0.1.0-SNAPSHOT.jar at spark://air-de-greven.lan:54172/jars/smart-meter-streaming-assembly-0.1.0-SNAPSHOT.jar with timestamp 1752224891240
25/07/11 11:08:11 INFO Executor: Starting executor ID driver on host air-de-greven.lan
25/07/11 11:08:11 INFO Executor: Starting executor with user classpath (userClassPathFirst = false): ''
25/07/11 11:08:11 INFO Executor: Fetching spark://air-de-greven.lan:54172/jars/org.apache.spark_spark-sql-kafka-0-10_2.12-3.3.2.jar with timestamp 1752224891240
25/07/11 11:08:11 INFO TransportClientFactory: Successfully created connection to air-de-greven.lan/192.168.1.158:54172 after 11 ms (0 ms spent in bootstraps)
25/07/11 11:08:11 INFO Utils: Fetching spark://air-de-greven.lan:54172/jars/org.apache.spark_spark-sql-kafka-0-10_2.12-3.3.2.jar to /private/var/folders/qp/y8k46p7j4zx1vs63v2zcp3jh0000gn/T/spark-e2173500-b679-439b-a068-6d1888317953/userFiles-b1bcb39e-72c4-47c9-b136-518990c968da/fetchFileTemp8152331434407483293.tmp
25/07/11 11:08:11 INFO Executor: Adding file:/private/var/folders/qp/y8k46p7j4zx1vs63v2zcp3jh0000gn/T/spark-e2173500-b679-439b-a068-6d1888317953/userFiles-b1bcb39e-72c4-47c9-b136-518990c968da/org.apache.spark_spark-sql-kafka-0-10_2.12-3.3.2.jar to class loader
25/07/11 11:08:11 INFO Executor: Fetching spark://air-de-greven.lan:54172/jars/org.apache.spark_spark-token-provider-kafka-0-10_2.12-3.3.2.jar with timestamp 1752224891240
25/07/11 11:08:11 INFO Utils: Fetching spark://air-de-greven.lan:54172/jars/org.apache.spark_spark-token-provider-kafka-0-10_2.12-3.3.2.jar to /private/var/folders/qp/y8k46p7j4zx1vs63v2zcp3jh0000gn/T/spark-e2173500-b679-439b-a068-6d1888317953/userFiles-b1bcb39e-72c4-47c9-b136-518990c968da/fetchFileTemp10718146436199889171.tmp
25/07/11 11:08:11 INFO Executor: Adding file:/private/var/folders/qp/y8k46p7j4zx1vs63v2zcp3jh0000gn/T/spark-e2173500-b679-439b-a068-6d1888317953/userFiles-b1bcb39e-72c4-47c9-b136-518990c968da/org.apache.spark_spark-token-provider-kafka-0-10_2.12-3.3.2.jar to class loader
25/07/11 11:08:11 INFO Executor: Fetching spark://air-de-greven.lan:54172/jars/org.spark-project.spark_unused-1.0.0.jar with timestamp 1752224891240
25/07/11 11:08:11 INFO Utils: Fetching spark://air-de-greven.lan:54172/jars/org.spark-project.spark_unused-1.0.0.jar to /private/var/folders/qp/y8k46p7j4zx1vs63v2zcp3jh0000gn/T/spark-e2173500-b679-439b-a068-6d1888317953/userFiles-b1bcb39e-72c4-47c9-b136-518990c968da/fetchFileTemp4103669533578324039.tmp
25/07/11 11:08:11 INFO Executor: Adding file:/private/var/folders/qp/y8k46p7j4zx1vs63v2zcp3jh0000gn/T/spark-e2173500-b679-439b-a068-6d1888317953/userFiles-b1bcb39e-72c4-47c9-b136-518990c968da/org.spark-project.spark_unused-1.0.0.jar to class loader
25/07/11 11:08:11 INFO Executor: Fetching spark://air-de-greven.lan:54172/jars/org.lz4_lz4-java-1.8.0.jar with timestamp 1752224891240
25/07/11 11:08:11 INFO Utils: Fetching spark://air-de-greven.lan:54172/jars/org.lz4_lz4-java-1.8.0.jar to /private/var/folders/qp/y8k46p7j4zx1vs63v2zcp3jh0000gn/T/spark-e2173500-b679-439b-a068-6d1888317953/userFiles-b1bcb39e-72c4-47c9-b136-518990c968da/fetchFileTemp3435905595604798560.tmp
25/07/11 11:08:11 INFO Executor: Adding file:/private/var/folders/qp/y8k46p7j4zx1vs63v2zcp3jh0000gn/T/spark-e2173500-b679-439b-a068-6d1888317953/userFiles-b1bcb39e-72c4-47c9-b136-518990c968da/org.lz4_lz4-java-1.8.0.jar to class loader
25/07/11 11:08:11 INFO Executor: Fetching spark://air-de-greven.lan:54172/jars/com.google.code.findbugs_jsr305-3.0.0.jar with timestamp 1752224891240
25/07/11 11:08:11 INFO Utils: Fetching spark://air-de-greven.lan:54172/jars/com.google.code.findbugs_jsr305-3.0.0.jar to /private/var/folders/qp/y8k46p7j4zx1vs63v2zcp3jh0000gn/T/spark-e2173500-b679-439b-a068-6d1888317953/userFiles-b1bcb39e-72c4-47c9-b136-518990c968da/fetchFileTemp242630268859581158.tmp
25/07/11 11:08:11 INFO Executor: Adding file:/private/var/folders/qp/y8k46p7j4zx1vs63v2zcp3jh0000gn/T/spark-e2173500-b679-439b-a068-6d1888317953/userFiles-b1bcb39e-72c4-47c9-b136-518990c968da/com.google.code.findbugs_jsr305-3.0.0.jar to class loader
25/07/11 11:08:11 INFO Executor: Fetching spark://air-de-greven.lan:54172/jars/org.xerial.snappy_snappy-java-1.1.8.4.jar with timestamp 1752224891240
25/07/11 11:08:11 INFO Utils: Fetching spark://air-de-greven.lan:54172/jars/org.xerial.snappy_snappy-java-1.1.8.4.jar to /private/var/folders/qp/y8k46p7j4zx1vs63v2zcp3jh0000gn/T/spark-e2173500-b679-439b-a068-6d1888317953/userFiles-b1bcb39e-72c4-47c9-b136-518990c968da/fetchFileTemp7876502757542800177.tmp
25/07/11 11:08:11 INFO Executor: Adding file:/private/var/folders/qp/y8k46p7j4zx1vs63v2zcp3jh0000gn/T/spark-e2173500-b679-439b-a068-6d1888317953/userFiles-b1bcb39e-72c4-47c9-b136-518990c968da/org.xerial.snappy_snappy-java-1.1.8.4.jar to class loader
25/07/11 11:08:11 INFO Executor: Fetching spark://air-de-greven.lan:54172/jars/com.github.luben_zstd-jni-1.5.2-1.jar with timestamp 1752224891240
25/07/11 11:08:11 INFO Utils: Fetching spark://air-de-greven.lan:54172/jars/com.github.luben_zstd-jni-1.5.2-1.jar to /private/var/folders/qp/y8k46p7j4zx1vs63v2zcp3jh0000gn/T/spark-e2173500-b679-439b-a068-6d1888317953/userFiles-b1bcb39e-72c4-47c9-b136-518990c968da/fetchFileTemp12364098662640194035.tmp
25/07/11 11:08:11 INFO Executor: Adding file:/private/var/folders/qp/y8k46p7j4zx1vs63v2zcp3jh0000gn/T/spark-e2173500-b679-439b-a068-6d1888317953/userFiles-b1bcb39e-72c4-47c9-b136-518990c968da/com.github.luben_zstd-jni-1.5.2-1.jar to class loader
25/07/11 11:08:11 INFO Executor: Fetching spark://air-de-greven.lan:54172/jars/commons-logging_commons-logging-1.1.3.jar with timestamp 1752224891240
25/07/11 11:08:11 INFO Utils: Fetching spark://air-de-greven.lan:54172/jars/commons-logging_commons-logging-1.1.3.jar to /private/var/folders/qp/y8k46p7j4zx1vs63v2zcp3jh0000gn/T/spark-e2173500-b679-439b-a068-6d1888317953/userFiles-b1bcb39e-72c4-47c9-b136-518990c968da/fetchFileTemp11510003816733218067.tmp
25/07/11 11:08:11 INFO Executor: Adding file:/private/var/folders/qp/y8k46p7j4zx1vs63v2zcp3jh0000gn/T/spark-e2173500-b679-439b-a068-6d1888317953/userFiles-b1bcb39e-72c4-47c9-b136-518990c968da/commons-logging_commons-logging-1.1.3.jar to class loader
25/07/11 11:08:11 INFO Executor: Fetching spark://air-de-greven.lan:54172/jars/org.apache.hadoop_hadoop-client-api-3.3.2.jar with timestamp 1752224891240
25/07/11 11:08:11 INFO Utils: Fetching spark://air-de-greven.lan:54172/jars/org.apache.hadoop_hadoop-client-api-3.3.2.jar to /private/var/folders/qp/y8k46p7j4zx1vs63v2zcp3jh0000gn/T/spark-e2173500-b679-439b-a068-6d1888317953/userFiles-b1bcb39e-72c4-47c9-b136-518990c968da/fetchFileTemp3199724761945821889.tmp
25/07/11 11:08:11 INFO Executor: Adding file:/private/var/folders/qp/y8k46p7j4zx1vs63v2zcp3jh0000gn/T/spark-e2173500-b679-439b-a068-6d1888317953/userFiles-b1bcb39e-72c4-47c9-b136-518990c968da/org.apache.hadoop_hadoop-client-api-3.3.2.jar to class loader
25/07/11 11:08:11 INFO Executor: Fetching spark://air-de-greven.lan:54172/jars/org.apache.commons_commons-pool2-2.11.1.jar with timestamp 1752224891240
25/07/11 11:08:11 INFO Utils: Fetching spark://air-de-greven.lan:54172/jars/org.apache.commons_commons-pool2-2.11.1.jar to /private/var/folders/qp/y8k46p7j4zx1vs63v2zcp3jh0000gn/T/spark-e2173500-b679-439b-a068-6d1888317953/userFiles-b1bcb39e-72c4-47c9-b136-518990c968da/fetchFileTemp5057825523427117959.tmp
25/07/11 11:08:11 INFO Executor: Adding file:/private/var/folders/qp/y8k46p7j4zx1vs63v2zcp3jh0000gn/T/spark-e2173500-b679-439b-a068-6d1888317953/userFiles-b1bcb39e-72c4-47c9-b136-518990c968da/org.apache.commons_commons-pool2-2.11.1.jar to class loader
25/07/11 11:08:11 INFO Executor: Fetching spark://air-de-greven.lan:54172/jars/org.slf4j_slf4j-api-1.7.36.jar with timestamp 1752224891240
25/07/11 11:08:11 INFO Utils: Fetching spark://air-de-greven.lan:54172/jars/org.slf4j_slf4j-api-1.7.36.jar to /private/var/folders/qp/y8k46p7j4zx1vs63v2zcp3jh0000gn/T/spark-e2173500-b679-439b-a068-6d1888317953/userFiles-b1bcb39e-72c4-47c9-b136-518990c968da/fetchFileTemp7308400704767092068.tmp
25/07/11 11:08:11 INFO Executor: Adding file:/private/var/folders/qp/y8k46p7j4zx1vs63v2zcp3jh0000gn/T/spark-e2173500-b679-439b-a068-6d1888317953/userFiles-b1bcb39e-72c4-47c9-b136-518990c968da/org.slf4j_slf4j-api-1.7.36.jar to class loader
25/07/11 11:08:11 INFO Executor: Fetching spark://air-de-greven.lan:54172/jars/org.apache.hadoop_hadoop-client-runtime-3.3.2.jar with timestamp 1752224891240
25/07/11 11:08:11 INFO Utils: Fetching spark://air-de-greven.lan:54172/jars/org.apache.hadoop_hadoop-client-runtime-3.3.2.jar to /private/var/folders/qp/y8k46p7j4zx1vs63v2zcp3jh0000gn/T/spark-e2173500-b679-439b-a068-6d1888317953/userFiles-b1bcb39e-72c4-47c9-b136-518990c968da/fetchFileTemp3707840485951610646.tmp
25/07/11 11:08:11 INFO Executor: Adding file:/private/var/folders/qp/y8k46p7j4zx1vs63v2zcp3jh0000gn/T/spark-e2173500-b679-439b-a068-6d1888317953/userFiles-b1bcb39e-72c4-47c9-b136-518990c968da/org.apache.hadoop_hadoop-client-runtime-3.3.2.jar to class loader
25/07/11 11:08:11 INFO Executor: Fetching spark://air-de-greven.lan:54172/jars/smart-meter-streaming-assembly-0.1.0-SNAPSHOT.jar with timestamp 1752224891240
25/07/11 11:08:11 INFO Utils: Fetching spark://air-de-greven.lan:54172/jars/smart-meter-streaming-assembly-0.1.0-SNAPSHOT.jar to /private/var/folders/qp/y8k46p7j4zx1vs63v2zcp3jh0000gn/T/spark-e2173500-b679-439b-a068-6d1888317953/userFiles-b1bcb39e-72c4-47c9-b136-518990c968da/fetchFileTemp3701051684835095228.tmp
25/07/11 11:08:12 INFO Executor: Adding file:/private/var/folders/qp/y8k46p7j4zx1vs63v2zcp3jh0000gn/T/spark-e2173500-b679-439b-a068-6d1888317953/userFiles-b1bcb39e-72c4-47c9-b136-518990c968da/smart-meter-streaming-assembly-0.1.0-SNAPSHOT.jar to class loader
25/07/11 11:08:12 INFO Executor: Fetching spark://air-de-greven.lan:54172/jars/org.apache.kafka_kafka-clients-3.3.1.jar with timestamp 1752224891240
25/07/11 11:08:12 INFO Utils: Fetching spark://air-de-greven.lan:54172/jars/org.apache.kafka_kafka-clients-3.3.1.jar to /private/var/folders/qp/y8k46p7j4zx1vs63v2zcp3jh0000gn/T/spark-e2173500-b679-439b-a068-6d1888317953/userFiles-b1bcb39e-72c4-47c9-b136-518990c968da/fetchFileTemp14405369562255002370.tmp
25/07/11 11:08:12 INFO Executor: Adding file:/private/var/folders/qp/y8k46p7j4zx1vs63v2zcp3jh0000gn/T/spark-e2173500-b679-439b-a068-6d1888317953/userFiles-b1bcb39e-72c4-47c9-b136-518990c968da/org.apache.kafka_kafka-clients-3.3.1.jar to class loader
25/07/11 11:08:12 INFO Utils: Successfully started service 'org.apache.spark.network.netty.NettyBlockTransferService' on port 54175.
25/07/11 11:08:12 INFO NettyBlockTransferService: Server created on air-de-greven.lan:54175
25/07/11 11:08:12 INFO BlockManager: Using org.apache.spark.storage.RandomBlockReplicationPolicy for block replication policy
25/07/11 11:08:12 INFO BlockManagerMaster: Registering BlockManager BlockManagerId(driver, air-de-greven.lan, 54175, None)
25/07/11 11:08:12 INFO BlockManagerMasterEndpoint: Registering block manager air-de-greven.lan:54175 with 434.4 MiB RAM, BlockManagerId(driver, air-de-greven.lan, 54175, None)
25/07/11 11:08:12 INFO BlockManagerMaster: Registered BlockManager BlockManagerId(driver, air-de-greven.lan, 54175, None)
25/07/11 11:08:12 INFO BlockManager: Initialized BlockManager: BlockManagerId(driver, air-de-greven.lan, 54175, None)
25/07/11 11:08:14 WARN ResolveWriteToStream: spark.sql.adaptive.enabled is not supported in streaming DataFrames/Datasets and will be disabled.
25/07/11 11:27:52 WARN HadoopFSUtils: The directory file:/Users/evan/Desktop/COURS/4IABD2/spark-streaming/exam_stream/exam_stream/data/halfourlydataset was not found. Was it deleted very recently?
25/07/11 11:27:54 WARN HadoopFSUtils: The directory file:/Users/evan/Desktop/COURS/4IABD2/spark-streaming/exam_stream/exam_stream/data/halfourlydataset was not found. Was it deleted very recently?
25/07/11 11:27:56 WARN HadoopFSUtils: The directory file:/Users/evan/Desktop/COURS/4IABD2/spark-streaming/exam_stream/exam_stream/data/halfourlydataset was not found. Was it deleted very recently?
25/07/11 11:27:58 WARN HadoopFSUtils: The directory file:/Users/evan/Desktop/COURS/4IABD2/spark-streaming/exam_stream/exam_stream/data/halfourlydataset was not found. Was it deleted very recently?
25/07/11 11:28:00 WARN HadoopFSUtils: The directory file:/Users/evan/Desktop/COURS/4IABD2/spark-streaming/exam_stream/exam_stream/data/halfourlydataset was not found. Was it deleted very recently?
25/07/11 11:28:02 WARN HadoopFSUtils: The directory file:/Users/evan/Desktop/COURS/4IABD2/spark-streaming/exam_stream/exam_stream/data/halfourlydataset was not found. Was it deleted very recently?
25/07/11 11:28:04 WARN HadoopFSUtils: The directory file:/Users/evan/Desktop/COURS/4IABD2/spark-streaming/exam_stream/exam_stream/data/halfourlydataset was not found. Was it deleted very recently?
25/07/11 11:28:06 WARN HadoopFSUtils: The directory file:/Users/evan/Desktop/COURS/4IABD2/spark-streaming/exam_stream/exam_stream/data/halfourlydataset was not found. Was it deleted very recently?
25/07/11 11:28:08 WARN HadoopFSUtils: The directory file:/Users/evan/Desktop/COURS/4IABD2/spark-streaming/exam_stream/exam_stream/data/halfourlydataset was not found. Was it deleted very recently?
25/07/11 11:28:10 WARN HadoopFSUtils: The directory file:/Users/evan/Desktop/COURS/4IABD2/spark-streaming/exam_stream/exam_stream/data/halfourlydataset was not found. Was it deleted very recently?
25/07/11 11:28:12 WARN HadoopFSUtils: The directory file:/Users/evan/Desktop/COURS/4IABD2/spark-streaming/exam_stream/exam_stream/data/halfourlydataset was not found. Was it deleted very recently?
25/07/11 11:28:14 WARN HadoopFSUtils: The directory file:/Users/evan/Desktop/COURS/4IABD2/spark-streaming/exam_stream/exam_stream/data/halfourlydataset was not found. Was it deleted very recently?
25/07/11 11:28:16 WARN HadoopFSUtils: The directory file:/Users/evan/Desktop/COURS/4IABD2/spark-streaming/exam_stream/exam_stream/data/halfourlydataset was not found. Was it deleted very recently?
25/07/11 11:28:18 WARN HadoopFSUtils: The directory file:/Users/evan/Desktop/COURS/4IABD2/spark-streaming/exam_stream/exam_stream/data/halfourlydataset was not found. Was it deleted very recently?
25/07/11 11:28:20 WARN HadoopFSUtils: The directory file:/Users/evan/Desktop/COURS/4IABD2/spark-streaming/exam_stream/exam_stream/data/halfourlydataset was not found. Was it deleted very recently?
25/07/11 11:28:22 WARN HadoopFSUtils: The directory file:/Users/evan/Desktop/COURS/4IABD2/spark-streaming/exam_stream/exam_stream/data/halfourlydataset was not found. Was it deleted very recently?
25/07/11 11:28:24 WARN HadoopFSUtils: The directory file:/Users/evan/Desktop/COURS/4IABD2/spark-streaming/exam_stream/exam_stream/data/halfourlydataset was not found. Was it deleted very recently?
25/07/11 11:28:26 WARN HadoopFSUtils: The directory file:/Users/evan/Desktop/COURS/4IABD2/spark-streaming/exam_stream/exam_stream/data/halfourlydataset was not found. Was it deleted very recently?
25/07/11 11:28:28 WARN HadoopFSUtils: The directory file:/Users/evan/Desktop/COURS/4IABD2/spark-streaming/exam_stream/exam_stream/data/halfourlydataset was not found. Was it deleted very recently?
25/07/11 11:28:30 WARN HadoopFSUtils: The directory file:/Users/evan/Desktop/COURS/4IABD2/spark-streaming/exam_stream/exam_stream/data/halfourlydataset was not found. Was it deleted very recently?
25/07/11 11:28:32 WARN HadoopFSUtils: The directory file:/Users/evan/Desktop/COURS/4IABD2/spark-streaming/exam_stream/exam_stream/data/halfourlydataset was not found. Was it deleted very recently?
25/07/11 11:28:34 WARN HadoopFSUtils: The directory file:/Users/evan/Desktop/COURS/4IABD2/spark-streaming/exam_stream/exam_stream/data/halfourlydataset was not found. Was it deleted very recently?
25/07/11 11:28:36 WARN HadoopFSUtils: The directory file:/Users/evan/Desktop/COURS/4IABD2/spark-streaming/exam_stream/exam_stream/data/halfourlydataset was not found. Was it deleted very recently?
25/07/11 11:28:38 WARN HadoopFSUtils: The directory file:/Users/evan/Desktop/COURS/4IABD2/spark-streaming/exam_stream/exam_stream/data/halfourlydataset was not found. Was it deleted very recently?
25/07/11 11:28:40 WARN HadoopFSUtils: The directory file:/Users/evan/Desktop/COURS/4IABD2/spark-streaming/exam_stream/exam_stream/data/halfourlydataset was not found. Was it deleted very recently?
25/07/11 11:28:42 WARN HadoopFSUtils: The directory file:/Users/evan/Desktop/COURS/4IABD2/spark-streaming/exam_stream/exam_stream/data/halfourlydataset was not found. Was it deleted very recently?
25/07/11 11:28:44 WARN HadoopFSUtils: The directory file:/Users/evan/Desktop/COURS/4IABD2/spark-streaming/exam_stream/exam_stream/data/halfourlydataset was not found. Was it deleted very recently?
25/07/11 11:28:46 WARN HadoopFSUtils: The directory file:/Users/evan/Desktop/COURS/4IABD2/spark-streaming/exam_stream/exam_stream/data/halfourlydataset was not found. Was it deleted very recently?
25/07/11 11:28:48 WARN HadoopFSUtils: The directory file:/Users/evan/Desktop/COURS/4IABD2/spark-streaming/exam_stream/exam_stream/data/halfourlydataset was not found. Was it deleted very recently?
25/07/11 11:28:50 WARN HadoopFSUtils: The directory file:/Users/evan/Desktop/COURS/4IABD2/spark-streaming/exam_stream/exam_stream/data/halfourlydataset was not found. Was it deleted very recently?
25/07/11 11:28:52 WARN HadoopFSUtils: The directory file:/Users/evan/Desktop/COURS/4IABD2/spark-streaming/exam_stream/exam_stream/data/halfourlydataset was not found. Was it deleted very recently?
25/07/11 11:28:54 WARN HadoopFSUtils: The directory file:/Users/evan/Desktop/COURS/4IABD2/spark-streaming/exam_stream/exam_stream/data/halfourlydataset was not found. Was it deleted very recently?
25/07/11 11:28:56 WARN HadoopFSUtils: The directory file:/Users/evan/Desktop/COURS/4IABD2/spark-streaming/exam_stream/exam_stream/data/halfourlydataset was not found. Was it deleted very recently?
25/07/11 11:28:58 WARN HadoopFSUtils: The directory file:/Users/evan/Desktop/COURS/4IABD2/spark-streaming/exam_stream/exam_stream/data/halfourlydataset was not found. Was it deleted very recently?
25/07/11 11:29:00 WARN HadoopFSUtils: The directory file:/Users/evan/Desktop/COURS/4IABD2/spark-streaming/exam_stream/exam_stream/data/halfourlydataset was not found. Was it deleted very recently?
25/07/11 11:29:02 WARN HadoopFSUtils: The directory file:/Users/evan/Desktop/COURS/4IABD2/spark-streaming/exam_stream/exam_stream/data/halfourlydataset was not found. Was it deleted very recently?
25/07/11 11:29:04 WARN HadoopFSUtils: The directory file:/Users/evan/Desktop/COURS/4IABD2/spark-streaming/exam_stream/exam_stream/data/halfourlydataset was not found. Was it deleted very recently?
25/07/11 11:29:06 WARN HadoopFSUtils: The directory file:/Users/evan/Desktop/COURS/4IABD2/spark-streaming/exam_stream/exam_stream/data/halfourlydataset was not found. Was it deleted very recently?
25/07/11 11:29:08 WARN HadoopFSUtils: The directory file:/Users/evan/Desktop/COURS/4IABD2/spark-streaming/exam_stream/exam_stream/data/halfourlydataset was not found. Was it deleted very recently?
25/07/11 11:29:10 WARN HadoopFSUtils: The directory file:/Users/evan/Desktop/COURS/4IABD2/spark-streaming/exam_stream/exam_stream/data/halfourlydataset was not found. Was it deleted very recently?
25/07/11 11:29:12 WARN HadoopFSUtils: The directory file:/Users/evan/Desktop/COURS/4IABD2/spark-streaming/exam_stream/exam_stream/data/halfourlydataset was not found. Was it deleted very recently?
25/07/11 11:29:14 WARN HadoopFSUtils: The directory file:/Users/evan/Desktop/COURS/4IABD2/spark-streaming/exam_stream/exam_stream/data/halfourlydataset was not found. Was it deleted very recently?
25/07/11 11:29:16 WARN HadoopFSUtils: The directory file:/Users/evan/Desktop/COURS/4IABD2/spark-streaming/exam_stream/exam_stream/data/halfourlydataset was not found. Was it deleted very recently?
25/07/11 11:29:18 WARN HadoopFSUtils: The directory file:/Users/evan/Desktop/COURS/4IABD2/spark-streaming/exam_stream/exam_stream/data/halfourlydataset was not found. Was it deleted very recently?
25/07/11 11:29:20 WARN HadoopFSUtils: The directory file:/Users/evan/Desktop/COURS/4IABD2/spark-streaming/exam_stream/exam_stream/data/halfourlydataset was not found. Was it deleted very recently?
25/07/11 11:29:22 WARN HadoopFSUtils: The directory file:/Users/evan/Desktop/COURS/4IABD2/spark-streaming/exam_stream/exam_stream/data/halfourlydataset was not found. Was it deleted very recently?
25/07/11 11:29:24 WARN HadoopFSUtils: The directory file:/Users/evan/Desktop/COURS/4IABD2/spark-streaming/exam_stream/exam_stream/data/halfourlydataset was not found. Was it deleted very recently?
25/07/11 11:29:26 WARN HadoopFSUtils: The directory file:/Users/evan/Desktop/COURS/4IABD2/spark-streaming/exam_stream/exam_stream/data/halfourlydataset was not found. Was it deleted very recently?
25/07/11 11:29:28 WARN HadoopFSUtils: The directory file:/Users/evan/Desktop/COURS/4IABD2/spark-streaming/exam_stream/exam_stream/data/halfourlydataset was not found. Was it deleted very recently?
25/07/11 11:29:30 WARN HadoopFSUtils: The directory file:/Users/evan/Desktop/COURS/4IABD2/spark-streaming/exam_stream/exam_stream/data/halfourlydataset was not found. Was it deleted very recently?
25/07/11 11:29:32 WARN HadoopFSUtils: The directory file:/Users/evan/Desktop/COURS/4IABD2/spark-streaming/exam_stream/exam_stream/data/halfourlydataset was not found. Was it deleted very recently?
25/07/11 11:29:34 WARN HadoopFSUtils: The directory file:/Users/evan/Desktop/COURS/4IABD2/spark-streaming/exam_stream/exam_stream/data/halfourlydataset was not found. Was it deleted very recently?
25/07/11 11:29:36 WARN HadoopFSUtils: The directory file:/Users/evan/Desktop/COURS/4IABD2/spark-streaming/exam_stream/exam_stream/data/halfourlydataset was not found. Was it deleted very recently?
25/07/11 11:29:38 WARN HadoopFSUtils: The directory file:/Users/evan/Desktop/COURS/4IABD2/spark-streaming/exam_stream/exam_stream/data/halfourlydataset was not found. Was it deleted very recently?
25/07/11 11:29:40 WARN HadoopFSUtils: The directory file:/Users/evan/Desktop/COURS/4IABD2/spark-streaming/exam_stream/exam_stream/data/halfourlydataset was not found. Was it deleted very recently?
25/07/11 11:29:42 WARN HadoopFSUtils: The directory file:/Users/evan/Desktop/COURS/4IABD2/spark-streaming/exam_stream/exam_stream/data/halfourlydataset was not found. Was it deleted very recently?
25/07/11 11:29:44 WARN HadoopFSUtils: The directory file:/Users/evan/Desktop/COURS/4IABD2/spark-streaming/exam_stream/exam_stream/data/halfourlydataset was not found. Was it deleted very recently?
25/07/11 11:29:46 WARN HadoopFSUtils: The directory file:/Users/evan/Desktop/COURS/4IABD2/spark-streaming/exam_stream/exam_stream/data/halfourlydataset was not found. Was it deleted very recently?
25/07/11 11:29:48 WARN HadoopFSUtils: The directory file:/Users/evan/Desktop/COURS/4IABD2/spark-streaming/exam_stream/exam_stream/data/halfourlydataset was not found. Was it deleted very recently?
25/07/11 11:29:50 WARN HadoopFSUtils: The directory file:/Users/evan/Desktop/COURS/4IABD2/spark-streaming/exam_stream/exam_stream/data/halfourlydataset was not found. Was it deleted very recently?
25/07/11 11:29:52 WARN HadoopFSUtils: The directory file:/Users/evan/Desktop/COURS/4IABD2/spark-streaming/exam_stream/exam_stream/data/halfourlydataset was not found. Was it deleted very recently?
25/07/11 11:29:54 WARN HadoopFSUtils: The directory file:/Users/evan/Desktop/COURS/4IABD2/spark-streaming/exam_stream/exam_stream/data/halfourlydataset was not found. Was it deleted very recently?
25/07/11 11:29:56 WARN HadoopFSUtils: The directory file:/Users/evan/Desktop/COURS/4IABD2/spark-streaming/exam_stream/exam_stream/data/halfourlydataset was not found. Was it deleted very recently?
25/07/11 11:29:58 WARN HadoopFSUtils: The directory file:/Users/evan/Desktop/COURS/4IABD2/spark-streaming/exam_stream/exam_stream/data/halfourlydataset was not found. Was it deleted very recently?
25/07/11 11:30:00 WARN HadoopFSUtils: The directory file:/Users/evan/Desktop/COURS/4IABD2/spark-streaming/exam_stream/exam_stream/data/halfourlydataset was not found. Was it deleted very recently?
25/07/11 11:30:02 WARN HadoopFSUtils: The directory file:/Users/evan/Desktop/COURS/4IABD2/spark-streaming/exam_stream/exam_stream/data/halfourlydataset was not found. Was it deleted very recently?
25/07/11 11:30:04 WARN HadoopFSUtils: The directory file:/Users/evan/Desktop/COURS/4IABD2/spark-streaming/exam_stream/exam_stream/data/halfourlydataset was not found. Was it deleted very recently?
25/07/11 11:30:06 WARN HadoopFSUtils: The directory file:/Users/evan/Desktop/COURS/4IABD2/spark-streaming/exam_stream/exam_stream/data/halfourlydataset was not found. Was it deleted very recently?
25/07/11 11:30:08 WARN HadoopFSUtils: The directory file:/Users/evan/Desktop/COURS/4IABD2/spark-streaming/exam_stream/exam_stream/data/halfourlydataset was not found. Was it deleted very recently?
25/07/11 11:30:10 WARN HadoopFSUtils: The directory file:/Users/evan/Desktop/COURS/4IABD2/spark-streaming/exam_stream/exam_stream/data/halfourlydataset was not found. Was it deleted very recently?
25/07/11 11:30:12 WARN HadoopFSUtils: The directory file:/Users/evan/Desktop/COURS/4IABD2/spark-streaming/exam_stream/exam_stream/data/halfourlydataset was not found. Was it deleted very recently?
25/07/11 11:30:14 WARN HadoopFSUtils: The directory file:/Users/evan/Desktop/COURS/4IABD2/spark-streaming/exam_stream/exam_stream/data/halfourlydataset was not found. Was it deleted very recently?
25/07/11 11:30:16 WARN HadoopFSUtils: The directory file:/Users/evan/Desktop/COURS/4IABD2/spark-streaming/exam_stream/exam_stream/data/halfourlydataset was not found. Was it deleted very recently?
25/07/11 11:30:18 WARN HadoopFSUtils: The directory file:/Users/evan/Desktop/COURS/4IABD2/spark-streaming/exam_stream/exam_stream/data/halfourlydataset was not found. Was it deleted very recently?
25/07/11 11:30:20 WARN HadoopFSUtils: The directory file:/Users/evan/Desktop/COURS/4IABD2/spark-streaming/exam_stream/exam_stream/data/halfourlydataset was not found. Was it deleted very recently?
25/07/11 11:30:22 WARN HadoopFSUtils: The directory file:/Users/evan/Desktop/COURS/4IABD2/spark-streaming/exam_stream/exam_stream/data/halfourlydataset was not found. Was it deleted very recently?
25/07/11 11:30:24 WARN HadoopFSUtils: The directory file:/Users/evan/Desktop/COURS/4IABD2/spark-streaming/exam_stream/exam_stream/data/halfourlydataset was not found. Was it deleted very recently?
25/07/11 11:30:26 WARN HadoopFSUtils: The directory file:/Users/evan/Desktop/COURS/4IABD2/spark-streaming/exam_stream/exam_stream/data/halfourlydataset was not found. Was it deleted very recently?
25/07/11 11:30:28 WARN HadoopFSUtils: The directory file:/Users/evan/Desktop/COURS/4IABD2/spark-streaming/exam_stream/exam_stream/data/halfourlydataset was not found. Was it deleted very recently?
25/07/11 11:30:30 WARN HadoopFSUtils: The directory file:/Users/evan/Desktop/COURS/4IABD2/spark-streaming/exam_stream/exam_stream/data/halfourlydataset was not found. Was it deleted very recently?
25/07/11 11:30:32 WARN HadoopFSUtils: The directory file:/Users/evan/Desktop/COURS/4IABD2/spark-streaming/exam_stream/exam_stream/data/halfourlydataset was not found. Was it deleted very recently?
25/07/11 11:30:34 WARN HadoopFSUtils: The directory file:/Users/evan/Desktop/COURS/4IABD2/spark-streaming/exam_stream/exam_stream/data/halfourlydataset was not found. Was it deleted very recently?
25/07/11 11:30:36 WARN HadoopFSUtils: The directory file:/Users/evan/Desktop/COURS/4IABD2/spark-streaming/exam_stream/exam_stream/data/halfourlydataset was not found. Was it deleted very recently?
25/07/11 11:30:38 WARN HadoopFSUtils: The directory file:/Users/evan/Desktop/COURS/4IABD2/spark-streaming/exam_stream/exam_stream/data/halfourlydataset was not found. Was it deleted very recently?
25/07/11 11:30:40 WARN HadoopFSUtils: The directory file:/Users/evan/Desktop/COURS/4IABD2/spark-streaming/exam_stream/exam_stream/data/halfourlydataset was not found. Was it deleted very recently?
25/07/11 11:30:42 WARN HadoopFSUtils: The directory file:/Users/evan/Desktop/COURS/4IABD2/spark-streaming/exam_stream/exam_stream/data/halfourlydataset was not found. Was it deleted very recently?
25/07/11 11:30:44 WARN HadoopFSUtils: The directory file:/Users/evan/Desktop/COURS/4IABD2/spark-streaming/exam_stream/exam_stream/data/halfourlydataset was not found. Was it deleted very recently?
25/07/11 11:30:46 WARN HadoopFSUtils: The directory file:/Users/evan/Desktop/COURS/4IABD2/spark-streaming/exam_stream/exam_stream/data/halfourlydataset was not found. Was it deleted very recently?
25/07/11 11:30:48 WARN HadoopFSUtils: The directory file:/Users/evan/Desktop/COURS/4IABD2/spark-streaming/exam_stream/exam_stream/data/halfourlydataset was not found. Was it deleted very recently?
25/07/11 11:30:50 WARN HadoopFSUtils: The directory file:/Users/evan/Desktop/COURS/4IABD2/spark-streaming/exam_stream/exam_stream/data/halfourlydataset was not found. Was it deleted very recently?
25/07/11 11:30:52 WARN HadoopFSUtils: The directory file:/Users/evan/Desktop/COURS/4IABD2/spark-streaming/exam_stream/exam_stream/data/halfourlydataset was not found. Was it deleted very recently?
25/07/11 11:30:54 WARN HadoopFSUtils: The directory file:/Users/evan/Desktop/COURS/4IABD2/spark-streaming/exam_stream/exam_stream/data/halfourlydataset was not found. Was it deleted very recently?
25/07/11 11:30:56 WARN HadoopFSUtils: The directory file:/Users/evan/Desktop/COURS/4IABD2/spark-streaming/exam_stream/exam_stream/data/halfourlydataset was not found. Was it deleted very recently?
25/07/11 11:30:58 WARN HadoopFSUtils: The directory file:/Users/evan/Desktop/COURS/4IABD2/spark-streaming/exam_stream/exam_stream/data/halfourlydataset was not found. Was it deleted very recently?
25/07/11 11:31:00 WARN HadoopFSUtils: The directory file:/Users/evan/Desktop/COURS/4IABD2/spark-streaming/exam_stream/exam_stream/data/halfourlydataset was not found. Was it deleted very recently?
25/07/11 11:31:02 WARN HadoopFSUtils: The directory file:/Users/evan/Desktop/COURS/4IABD2/spark-streaming/exam_stream/exam_stream/data/halfourlydataset was not found. Was it deleted very recently?
25/07/11 11:31:04 WARN HadoopFSUtils: The directory file:/Users/evan/Desktop/COURS/4IABD2/spark-streaming/exam_stream/exam_stream/data/halfourlydataset was not found. Was it deleted very recently?
25/07/11 11:31:06 WARN HadoopFSUtils: The directory file:/Users/evan/Desktop/COURS/4IABD2/spark-streaming/exam_stream/exam_stream/data/halfourlydataset was not found. Was it deleted very recently?
25/07/11 11:31:08 WARN HadoopFSUtils: The directory file:/Users/evan/Desktop/COURS/4IABD2/spark-streaming/exam_stream/exam_stream/data/halfourlydataset was not found. Was it deleted very recently?
25/07/11 11:31:10 WARN HadoopFSUtils: The directory file:/Users/evan/Desktop/COURS/4IABD2/spark-streaming/exam_stream/exam_stream/data/halfourlydataset was not found. Was it deleted very recently?
25/07/11 11:31:12 WARN HadoopFSUtils: The directory file:/Users/evan/Desktop/COURS/4IABD2/spark-streaming/exam_stream/exam_stream/data/halfourlydataset was not found. Was it deleted very recently?
25/07/11 11:31:14 WARN HadoopFSUtils: The directory file:/Users/evan/Desktop/COURS/4IABD2/spark-streaming/exam_stream/exam_stream/data/halfourlydataset was not found. Was it deleted very recently?
25/07/11 11:31:16 WARN HadoopFSUtils: The directory file:/Users/evan/Desktop/COURS/4IABD2/spark-streaming/exam_stream/exam_stream/data/halfourlydataset was not found. Was it deleted very recently?
25/07/11 11:31:18 WARN HadoopFSUtils: The directory file:/Users/evan/Desktop/COURS/4IABD2/spark-streaming/exam_stream/exam_stream/data/halfourlydataset was not found. Was it deleted very recently?
25/07/11 11:31:20 WARN HadoopFSUtils: The directory file:/Users/evan/Desktop/COURS/4IABD2/spark-streaming/exam_stream/exam_stream/data/halfourlydataset was not found. Was it deleted very recently?
25/07/11 11:31:22 WARN HadoopFSUtils: The directory file:/Users/evan/Desktop/COURS/4IABD2/spark-streaming/exam_stream/exam_stream/data/halfourlydataset was not found. Was it deleted very recently?
25/07/11 11:31:24 WARN HadoopFSUtils: The directory file:/Users/evan/Desktop/COURS/4IABD2/spark-streaming/exam_stream/exam_stream/data/halfourlydataset was not found. Was it deleted very recently?
25/07/11 11:31:26 WARN HadoopFSUtils: The directory file:/Users/evan/Desktop/COURS/4IABD2/spark-streaming/exam_stream/exam_stream/data/halfourlydataset was not found. Was it deleted very recently?
25/07/11 11:31:28 WARN HadoopFSUtils: The directory file:/Users/evan/Desktop/COURS/4IABD2/spark-streaming/exam_stream/exam_stream/data/halfourlydataset was not found. Was it deleted very recently?
25/07/11 11:31:30 WARN HadoopFSUtils: The directory file:/Users/evan/Desktop/COURS/4IABD2/spark-streaming/exam_stream/exam_stream/data/halfourlydataset was not found. Was it deleted very recently?
25/07/11 11:31:32 WARN HadoopFSUtils: The directory file:/Users/evan/Desktop/COURS/4IABD2/spark-streaming/exam_stream/exam_stream/data/halfourlydataset was not found. Was it deleted very recently?
25/07/11 11:31:34 WARN HadoopFSUtils: The directory file:/Users/evan/Desktop/COURS/4IABD2/spark-streaming/exam_stream/exam_stream/data/halfourlydataset was not found. Was it deleted very recently?
25/07/11 11:31:36 WARN HadoopFSUtils: The directory file:/Users/evan/Desktop/COURS/4IABD2/spark-streaming/exam_stream/exam_stream/data/halfourlydataset was not found. Was it deleted very recently?
25/07/11 11:31:38 WARN HadoopFSUtils: The directory file:/Users/evan/Desktop/COURS/4IABD2/spark-streaming/exam_stream/exam_stream/data/halfourlydataset was not found. Was it deleted very recently?
25/07/11 11:31:40 WARN HadoopFSUtils: The directory file:/Users/evan/Desktop/COURS/4IABD2/spark-streaming/exam_stream/exam_stream/data/halfourlydataset was not found. Was it deleted very recently?
25/07/11 11:31:42 WARN HadoopFSUtils: The directory file:/Users/evan/Desktop/COURS/4IABD2/spark-streaming/exam_stream/exam_stream/data/halfourlydataset was not found. Was it deleted very recently?
25/07/11 11:31:44 WARN HadoopFSUtils: The directory file:/Users/evan/Desktop/COURS/4IABD2/spark-streaming/exam_stream/exam_stream/data/halfourlydataset was not found. Was it deleted very recently?
25/07/11 11:31:46 WARN HadoopFSUtils: The directory file:/Users/evan/Desktop/COURS/4IABD2/spark-streaming/exam_stream/exam_stream/data/halfourlydataset was not found. Was it deleted very recently?
25/07/11 11:31:48 WARN HadoopFSUtils: The directory file:/Users/evan/Desktop/COURS/4IABD2/spark-streaming/exam_stream/exam_stream/data/halfourlydataset was not found. Was it deleted very recently?
25/07/11 11:31:50 WARN HadoopFSUtils: The directory file:/Users/evan/Desktop/COURS/4IABD2/spark-streaming/exam_stream/exam_stream/data/halfourlydataset was not found. Was it deleted very recently?
25/07/11 11:31:52 WARN HadoopFSUtils: The directory file:/Users/evan/Desktop/COURS/4IABD2/spark-streaming/exam_stream/exam_stream/data/halfourlydataset was not found. Was it deleted very recently?
25/07/11 11:31:54 WARN HadoopFSUtils: The directory file:/Users/evan/Desktop/COURS/4IABD2/spark-streaming/exam_stream/exam_stream/data/halfourlydataset was not found. Was it deleted very recently?
25/07/11 11:31:56 WARN HadoopFSUtils: The directory file:/Users/evan/Desktop/COURS/4IABD2/spark-streaming/exam_stream/exam_stream/data/halfourlydataset was not found. Was it deleted very recently?
25/07/11 11:31:58 WARN HadoopFSUtils: The directory file:/Users/evan/Desktop/COURS/4IABD2/spark-streaming/exam_stream/exam_stream/data/halfourlydataset was not found. Was it deleted very recently?
25/07/11 11:32:00 WARN HadoopFSUtils: The directory file:/Users/evan/Desktop/COURS/4IABD2/spark-streaming/exam_stream/exam_stream/data/halfourlydataset was not found. Was it deleted very recently?
25/07/11 11:32:02 WARN HadoopFSUtils: The directory file:/Users/evan/Desktop/COURS/4IABD2/spark-streaming/exam_stream/exam_stream/data/halfourlydataset was not found. Was it deleted very recently?
25/07/11 11:32:04 WARN HadoopFSUtils: The directory file:/Users/evan/Desktop/COURS/4IABD2/spark-streaming/exam_stream/exam_stream/data/halfourlydataset was not found. Was it deleted very recently?
25/07/11 11:32:06 WARN HadoopFSUtils: The directory file:/Users/evan/Desktop/COURS/4IABD2/spark-streaming/exam_stream/exam_stream/data/halfourlydataset was not found. Was it deleted very recently?
25/07/11 11:32:08 WARN HadoopFSUtils: The directory file:/Users/evan/Desktop/COURS/4IABD2/spark-streaming/exam_stream/exam_stream/data/halfourlydataset was not found. Was it deleted very recently?
25/07/11 11:32:10 WARN HadoopFSUtils: The directory file:/Users/evan/Desktop/COURS/4IABD2/spark-streaming/exam_stream/exam_stream/data/halfourlydataset was not found. Was it deleted very recently?
25/07/11 11:32:12 WARN HadoopFSUtils: The directory file:/Users/evan/Desktop/COURS/4IABD2/spark-streaming/exam_stream/exam_stream/data/halfourlydataset was not found. Was it deleted very recently?
25/07/11 11:32:14 WARN HadoopFSUtils: The directory file:/Users/evan/Desktop/COURS/4IABD2/spark-streaming/exam_stream/exam_stream/data/halfourlydataset was not found. Was it deleted very recently?
25/07/11 11:32:16 WARN HadoopFSUtils: The directory file:/Users/evan/Desktop/COURS/4IABD2/spark-streaming/exam_stream/exam_stream/data/halfourlydataset was not found. Was it deleted very recently?
25/07/11 11:32:18 WARN HadoopFSUtils: The directory file:/Users/evan/Desktop/COURS/4IABD2/spark-streaming/exam_stream/exam_stream/data/halfourlydataset was not found. Was it deleted very recently?
25/07/11 11:32:20 WARN HadoopFSUtils: The directory file:/Users/evan/Desktop/COURS/4IABD2/spark-streaming/exam_stream/exam_stream/data/halfourlydataset was not found. Was it deleted very recently?
25/07/11 11:32:22 WARN HadoopFSUtils: The directory file:/Users/evan/Desktop/COURS/4IABD2/spark-streaming/exam_stream/exam_stream/data/halfourlydataset was not found. Was it deleted very recently?
25/07/11 11:32:24 WARN HadoopFSUtils: The directory file:/Users/evan/Desktop/COURS/4IABD2/spark-streaming/exam_stream/exam_stream/data/halfourlydataset was not found. Was it deleted very recently?
25/07/11 11:32:26 WARN HadoopFSUtils: The directory file:/Users/evan/Desktop/COURS/4IABD2/spark-streaming/exam_stream/exam_stream/data/halfourlydataset was not found. Was it deleted very recently?
25/07/11 11:32:28 WARN HadoopFSUtils: The directory file:/Users/evan/Desktop/COURS/4IABD2/spark-streaming/exam_stream/exam_stream/data/halfourlydataset was not found. Was it deleted very recently?
25/07/11 11:32:30 WARN HadoopFSUtils: The directory file:/Users/evan/Desktop/COURS/4IABD2/spark-streaming/exam_stream/exam_stream/data/halfourlydataset was not found. Was it deleted very recently?
25/07/11 11:32:32 WARN HadoopFSUtils: The directory file:/Users/evan/Desktop/COURS/4IABD2/spark-streaming/exam_stream/exam_stream/data/halfourlydataset was not found. Was it deleted very recently?
25/07/11 11:32:34 WARN HadoopFSUtils: The directory file:/Users/evan/Desktop/COURS/4IABD2/spark-streaming/exam_stream/exam_stream/data/halfourlydataset was not found. Was it deleted very recently?
25/07/11 11:32:36 WARN HadoopFSUtils: The directory file:/Users/evan/Desktop/COURS/4IABD2/spark-streaming/exam_stream/exam_stream/data/halfourlydataset was not found. Was it deleted very recently?
25/07/11 11:32:38 WARN HadoopFSUtils: The directory file:/Users/evan/Desktop/COURS/4IABD2/spark-streaming/exam_stream/exam_stream/data/halfourlydataset was not found. Was it deleted very recently?
25/07/11 11:32:40 WARN HadoopFSUtils: The directory file:/Users/evan/Desktop/COURS/4IABD2/spark-streaming/exam_stream/exam_stream/data/halfourlydataset was not found. Was it deleted very recently?
25/07/11 11:32:42 WARN HadoopFSUtils: The directory file:/Users/evan/Desktop/COURS/4IABD2/spark-streaming/exam_stream/exam_stream/data/halfourlydataset was not found. Was it deleted very recently?
25/07/11 11:32:44 WARN HadoopFSUtils: The directory file:/Users/evan/Desktop/COURS/4IABD2/spark-streaming/exam_stream/exam_stream/data/halfourlydataset was not found. Was it deleted very recently?
25/07/11 11:32:46 WARN HadoopFSUtils: The directory file:/Users/evan/Desktop/COURS/4IABD2/spark-streaming/exam_stream/exam_stream/data/halfourlydataset was not found. Was it deleted very recently?
25/07/11 11:32:48 WARN HadoopFSUtils: The directory file:/Users/evan/Desktop/COURS/4IABD2/spark-streaming/exam_stream/exam_stream/data/halfourlydataset was not found. Was it deleted very recently?
25/07/11 11:32:50 WARN HadoopFSUtils: The directory file:/Users/evan/Desktop/COURS/4IABD2/spark-streaming/exam_stream/exam_stream/data/halfourlydataset was not found. Was it deleted very recently?
25/07/11 11:32:52 WARN HadoopFSUtils: The directory file:/Users/evan/Desktop/COURS/4IABD2/spark-streaming/exam_stream/exam_stream/data/halfourlydataset was not found. Was it deleted very recently?
25/07/11 11:32:54 WARN HadoopFSUtils: The directory file:/Users/evan/Desktop/COURS/4IABD2/spark-streaming/exam_stream/exam_stream/data/halfourlydataset was not found. Was it deleted very recently?
25/07/11 11:32:56 WARN HadoopFSUtils: The directory file:/Users/evan/Desktop/COURS/4IABD2/spark-streaming/exam_stream/exam_stream/data/halfourlydataset was not found. Was it deleted very recently?
25/07/11 11:32:58 WARN HadoopFSUtils: The directory file:/Users/evan/Desktop/COURS/4IABD2/spark-streaming/exam_stream/exam_stream/data/halfourlydataset was not found. Was it deleted very recently?
25/07/11 11:33:00 WARN HadoopFSUtils: The directory file:/Users/evan/Desktop/COURS/4IABD2/spark-streaming/exam_stream/exam_stream/data/halfourlydataset was not found. Was it deleted very recently?
25/07/11 11:33:02 WARN HadoopFSUtils: The directory file:/Users/evan/Desktop/COURS/4IABD2/spark-streaming/exam_stream/exam_stream/data/halfourlydataset was not found. Was it deleted very recently?
25/07/11 11:33:04 WARN HadoopFSUtils: The directory file:/Users/evan/Desktop/COURS/4IABD2/spark-streaming/exam_stream/exam_stream/data/halfourlydataset was not found. Was it deleted very recently?
25/07/11 11:33:06 WARN HadoopFSUtils: The directory file:/Users/evan/Desktop/COURS/4IABD2/spark-streaming/exam_stream/exam_stream/data/halfourlydataset was not found. Was it deleted very recently?
25/07/11 11:33:08 WARN HadoopFSUtils: The directory file:/Users/evan/Desktop/COURS/4IABD2/spark-streaming/exam_stream/exam_stream/data/halfourlydataset was not found. Was it deleted very recently?
25/07/11 11:33:10 WARN HadoopFSUtils: The directory file:/Users/evan/Desktop/COURS/4IABD2/spark-streaming/exam_stream/exam_stream/data/halfourlydataset was not found. Was it deleted very recently?
25/07/11 11:33:12 WARN HadoopFSUtils: The directory file:/Users/evan/Desktop/COURS/4IABD2/spark-streaming/exam_stream/exam_stream/data/halfourlydataset was not found. Was it deleted very recently?
25/07/11 11:33:14 WARN HadoopFSUtils: The directory file:/Users/evan/Desktop/COURS/4IABD2/spark-streaming/exam_stream/exam_stream/data/halfourlydataset was not found. Was it deleted very recently?
25/07/11 11:33:16 WARN HadoopFSUtils: The directory file:/Users/evan/Desktop/COURS/4IABD2/spark-streaming/exam_stream/exam_stream/data/halfourlydataset was not found. Was it deleted very recently?
25/07/11 11:33:18 WARN HadoopFSUtils: The directory file:/Users/evan/Desktop/COURS/4IABD2/spark-streaming/exam_stream/exam_stream/data/halfourlydataset was not found. Was it deleted very recently?
25/07/11 11:33:20 WARN HadoopFSUtils: The directory file:/Users/evan/Desktop/COURS/4IABD2/spark-streaming/exam_stream/exam_stream/data/halfourlydataset was not found. Was it deleted very recently?
25/07/11 11:33:22 WARN HadoopFSUtils: The directory file:/Users/evan/Desktop/COURS/4IABD2/spark-streaming/exam_stream/exam_stream/data/halfourlydataset was not found. Was it deleted very recently?
25/07/11 11:33:24 WARN HadoopFSUtils: The directory file:/Users/evan/Desktop/COURS/4IABD2/spark-streaming/exam_stream/exam_stream/data/halfourlydataset was not found. Was it deleted very recently?
25/07/11 11:33:26 WARN HadoopFSUtils: The directory file:/Users/evan/Desktop/COURS/4IABD2/spark-streaming/exam_stream/exam_stream/data/halfourlydataset was not found. Was it deleted very recently?
25/07/11 11:33:28 WARN HadoopFSUtils: The directory file:/Users/evan/Desktop/COURS/4IABD2/spark-streaming/exam_stream/exam_stream/data/halfourlydataset was not found. Was it deleted very recently?
25/07/11 11:33:30 WARN HadoopFSUtils: The directory file:/Users/evan/Desktop/COURS/4IABD2/spark-streaming/exam_stream/exam_stream/data/halfourlydataset was not found. Was it deleted very recently?
25/07/11 11:33:32 WARN HadoopFSUtils: The directory file:/Users/evan/Desktop/COURS/4IABD2/spark-streaming/exam_stream/exam_stream/data/halfourlydataset was not found. Was it deleted very recently?
25/07/11 11:33:34 WARN HadoopFSUtils: The directory file:/Users/evan/Desktop/COURS/4IABD2/spark-streaming/exam_stream/exam_stream/data/halfourlydataset was not found. Was it deleted very recently?
25/07/11 11:33:36 WARN HadoopFSUtils: The directory file:/Users/evan/Desktop/COURS/4IABD2/spark-streaming/exam_stream/exam_stream/data/halfourlydataset was not found. Was it deleted very recently?
25/07/11 11:33:38 WARN HadoopFSUtils: The directory file:/Users/evan/Desktop/COURS/4IABD2/spark-streaming/exam_stream/exam_stream/data/halfourlydataset was not found. Was it deleted very recently?
25/07/11 11:33:40 WARN HadoopFSUtils: The directory file:/Users/evan/Desktop/COURS/4IABD2/spark-streaming/exam_stream/exam_stream/data/halfourlydataset was not found. Was it deleted very recently?
25/07/11 11:33:42 WARN HadoopFSUtils: The directory file:/Users/evan/Desktop/COURS/4IABD2/spark-streaming/exam_stream/exam_stream/data/halfourlydataset was not found. Was it deleted very recently?
25/07/11 11:33:44 WARN HadoopFSUtils: The directory file:/Users/evan/Desktop/COURS/4IABD2/spark-streaming/exam_stream/exam_stream/data/halfourlydataset was not found. Was it deleted very recently?
25/07/11 11:33:46 WARN HadoopFSUtils: The directory file:/Users/evan/Desktop/COURS/4IABD2/spark-streaming/exam_stream/exam_stream/data/halfourlydataset was not found. Was it deleted very recently?
25/07/11 11:33:48 WARN HadoopFSUtils: The directory file:/Users/evan/Desktop/COURS/4IABD2/spark-streaming/exam_stream/exam_stream/data/halfourlydataset was not found. Was it deleted very recently?
25/07/11 11:33:50 WARN HadoopFSUtils: The directory file:/Users/evan/Desktop/COURS/4IABD2/spark-streaming/exam_stream/exam_stream/data/halfourlydataset was not found. Was it deleted very recently?
25/07/11 11:33:52 WARN HadoopFSUtils: The directory file:/Users/evan/Desktop/COURS/4IABD2/spark-streaming/exam_stream/exam_stream/data/halfourlydataset was not found. Was it deleted very recently?
25/07/11 11:33:54 WARN HadoopFSUtils: The directory file:/Users/evan/Desktop/COURS/4IABD2/spark-streaming/exam_stream/exam_stream/data/halfourlydataset was not found. Was it deleted very recently?
25/07/11 11:33:56 WARN HadoopFSUtils: The directory file:/Users/evan/Desktop/COURS/4IABD2/spark-streaming/exam_stream/exam_stream/data/halfourlydataset was not found. Was it deleted very recently?
25/07/11 11:33:58 WARN HadoopFSUtils: The directory file:/Users/evan/Desktop/COURS/4IABD2/spark-streaming/exam_stream/exam_stream/data/halfourlydataset was not found. Was it deleted very recently?
25/07/11 11:34:00 WARN HadoopFSUtils: The directory file:/Users/evan/Desktop/COURS/4IABD2/spark-streaming/exam_stream/exam_stream/data/halfourlydataset was not found. Was it deleted very recently?
25/07/11 11:34:02 WARN HadoopFSUtils: The directory file:/Users/evan/Desktop/COURS/4IABD2/spark-streaming/exam_stream/exam_stream/data/halfourlydataset was not found. Was it deleted very recently?
25/07/11 11:34:04 WARN HadoopFSUtils: The directory file:/Users/evan/Desktop/COURS/4IABD2/spark-streaming/exam_stream/exam_stream/data/halfourlydataset was not found. Was it deleted very recently?
25/07/11 11:34:06 WARN HadoopFSUtils: The directory file:/Users/evan/Desktop/COURS/4IABD2/spark-streaming/exam_stream/exam_stream/data/halfourlydataset was not found. Was it deleted very recently?
25/07/11 11:34:08 WARN HadoopFSUtils: The directory file:/Users/evan/Desktop/COURS/4IABD2/spark-streaming/exam_stream/exam_stream/data/halfourlydataset was not found. Was it deleted very recently?
25/07/11 11:34:10 WARN HadoopFSUtils: The directory file:/Users/evan/Desktop/COURS/4IABD2/spark-streaming/exam_stream/exam_stream/data/halfourlydataset was not found. Was it deleted very recently?
25/07/11 11:34:12 WARN HadoopFSUtils: The directory file:/Users/evan/Desktop/COURS/4IABD2/spark-streaming/exam_stream/exam_stream/data/halfourlydataset was not found. Was it deleted very recently?
25/07/11 11:34:14 WARN HadoopFSUtils: The directory file:/Users/evan/Desktop/COURS/4IABD2/spark-streaming/exam_stream/exam_stream/data/halfourlydataset was not found. Was it deleted very recently?
25/07/11 11:34:16 WARN HadoopFSUtils: The directory file:/Users/evan/Desktop/COURS/4IABD2/spark-streaming/exam_stream/exam_stream/data/halfourlydataset was not found. Was it deleted very recently?
25/07/11 11:34:18 WARN HadoopFSUtils: The directory file:/Users/evan/Desktop/COURS/4IABD2/spark-streaming/exam_stream/exam_stream/data/halfourlydataset was not found. Was it deleted very recently?
25/07/11 11:34:20 WARN HadoopFSUtils: The directory file:/Users/evan/Desktop/COURS/4IABD2/spark-streaming/exam_stream/exam_stream/data/halfourlydataset was not found. Was it deleted very recently?
25/07/11 11:34:22 WARN HadoopFSUtils: The directory file:/Users/evan/Desktop/COURS/4IABD2/spark-streaming/exam_stream/exam_stream/data/halfourlydataset was not found. Was it deleted very recently?
25/07/11 11:34:24 WARN HadoopFSUtils: The directory file:/Users/evan/Desktop/COURS/4IABD2/spark-streaming/exam_stream/exam_stream/data/halfourlydataset was not found. Was it deleted very recently?
25/07/11 11:34:26 WARN HadoopFSUtils: The directory file:/Users/evan/Desktop/COURS/4IABD2/spark-streaming/exam_stream/exam_stream/data/halfourlydataset was not found. Was it deleted very recently?
25/07/11 11:34:28 WARN HadoopFSUtils: The directory file:/Users/evan/Desktop/COURS/4IABD2/spark-streaming/exam_stream/exam_stream/data/halfourlydataset was not found. Was it deleted very recently?
25/07/11 11:34:30 WARN HadoopFSUtils: The directory file:/Users/evan/Desktop/COURS/4IABD2/spark-streaming/exam_stream/exam_stream/data/halfourlydataset was not found. Was it deleted very recently?
25/07/11 11:34:32 WARN HadoopFSUtils: The directory file:/Users/evan/Desktop/COURS/4IABD2/spark-streaming/exam_stream/exam_stream/data/halfourlydataset was not found. Was it deleted very recently?
25/07/11 11:34:34 WARN HadoopFSUtils: The directory file:/Users/evan/Desktop/COURS/4IABD2/spark-streaming/exam_stream/exam_stream/data/halfourlydataset was not found. Was it deleted very recently?
25/07/11 11:34:36 WARN HadoopFSUtils: The directory file:/Users/evan/Desktop/COURS/4IABD2/spark-streaming/exam_stream/exam_stream/data/halfourlydataset was not found. Was it deleted very recently?
25/07/11 11:34:38 WARN HadoopFSUtils: The directory file:/Users/evan/Desktop/COURS/4IABD2/spark-streaming/exam_stream/exam_stream/data/halfourlydataset was not found. Was it deleted very recently?
25/07/11 11:34:40 WARN HadoopFSUtils: The directory file:/Users/evan/Desktop/COURS/4IABD2/spark-streaming/exam_stream/exam_stream/data/halfourlydataset was not found. Was it deleted very recently?
25/07/11 11:34:42 WARN HadoopFSUtils: The directory file:/Users/evan/Desktop/COURS/4IABD2/spark-streaming/exam_stream/exam_stream/data/halfourlydataset was not found. Was it deleted very recently?
25/07/11 11:34:44 WARN HadoopFSUtils: The directory file:/Users/evan/Desktop/COURS/4IABD2/spark-streaming/exam_stream/exam_stream/data/halfourlydataset was not found. Was it deleted very recently?
25/07/11 11:34:46 WARN HadoopFSUtils: The directory file:/Users/evan/Desktop/COURS/4IABD2/spark-streaming/exam_stream/exam_stream/data/halfourlydataset was not found. Was it deleted very recently?
25/07/11 11:34:48 WARN HadoopFSUtils: The directory file:/Users/evan/Desktop/COURS/4IABD2/spark-streaming/exam_stream/exam_stream/data/halfourlydataset was not found. Was it deleted very recently?
25/07/11 11:34:50 WARN HadoopFSUtils: The directory file:/Users/evan/Desktop/COURS/4IABD2/spark-streaming/exam_stream/exam_stream/data/halfourlydataset was not found. Was it deleted very recently?
25/07/11 11:34:52 WARN HadoopFSUtils: The directory file:/Users/evan/Desktop/COURS/4IABD2/spark-streaming/exam_stream/exam_stream/data/halfourlydataset was not found. Was it deleted very recently?
25/07/11 11:34:54 WARN HadoopFSUtils: The directory file:/Users/evan/Desktop/COURS/4IABD2/spark-streaming/exam_stream/exam_stream/data/halfourlydataset was not found. Was it deleted very recently?
25/07/11 11:34:56 WARN HadoopFSUtils: The directory file:/Users/evan/Desktop/COURS/4IABD2/spark-streaming/exam_stream/exam_stream/data/halfourlydataset was not found. Was it deleted very recently?
25/07/11 11:34:58 WARN HadoopFSUtils: The directory file:/Users/evan/Desktop/COURS/4IABD2/spark-streaming/exam_stream/exam_stream/data/halfourlydataset was not found. Was it deleted very recently?
25/07/11 11:35:00 WARN HadoopFSUtils: The directory file:/Users/evan/Desktop/COURS/4IABD2/spark-streaming/exam_stream/exam_stream/data/halfourlydataset was not found. Was it deleted very recently?
25/07/11 11:35:02 WARN HadoopFSUtils: The directory file:/Users/evan/Desktop/COURS/4IABD2/spark-streaming/exam_stream/exam_stream/data/halfourlydataset was not found. Was it deleted very recently?
25/07/11 11:35:04 WARN HadoopFSUtils: The directory file:/Users/evan/Desktop/COURS/4IABD2/spark-streaming/exam_stream/exam_stream/data/halfourlydataset was not found. Was it deleted very recently?
25/07/11 11:35:06 WARN HadoopFSUtils: The directory file:/Users/evan/Desktop/COURS/4IABD2/spark-streaming/exam_stream/exam_stream/data/halfourlydataset was not found. Was it deleted very recently?
25/07/11 11:35:08 WARN HadoopFSUtils: The directory file:/Users/evan/Desktop/COURS/4IABD2/spark-streaming/exam_stream/exam_stream/data/halfourlydataset was not found. Was it deleted very recently?
25/07/11 11:35:10 WARN HadoopFSUtils: The directory file:/Users/evan/Desktop/COURS/4IABD2/spark-streaming/exam_stream/exam_stream/data/halfourlydataset was not found. Was it deleted very recently?
25/07/11 11:35:12 WARN HadoopFSUtils: The directory file:/Users/evan/Desktop/COURS/4IABD2/spark-streaming/exam_stream/exam_stream/data/halfourlydataset was not found. Was it deleted very recently?
25/07/11 11:35:14 WARN HadoopFSUtils: The directory file:/Users/evan/Desktop/COURS/4IABD2/spark-streaming/exam_stream/exam_stream/data/halfourlydataset was not found. Was it deleted very recently?
25/07/11 11:35:16 WARN HadoopFSUtils: The directory file:/Users/evan/Desktop/COURS/4IABD2/spark-streaming/exam_stream/exam_stream/data/halfourlydataset was not found. Was it deleted very recently?
25/07/11 11:35:18 WARN HadoopFSUtils: The directory file:/Users/evan/Desktop/COURS/4IABD2/spark-streaming/exam_stream/exam_stream/data/halfourlydataset was not found. Was it deleted very recently?
25/07/11 11:35:20 WARN HadoopFSUtils: The directory file:/Users/evan/Desktop/COURS/4IABD2/spark-streaming/exam_stream/exam_stream/data/halfourlydataset was not found. Was it deleted very recently?
25/07/11 11:35:22 WARN HadoopFSUtils: The directory file:/Users/evan/Desktop/COURS/4IABD2/spark-streaming/exam_stream/exam_stream/data/halfourlydataset was not found. Was it deleted very recently?
25/07/11 11:35:24 WARN HadoopFSUtils: The directory file:/Users/evan/Desktop/COURS/4IABD2/spark-streaming/exam_stream/exam_stream/data/halfourlydataset was not found. Was it deleted very recently?
25/07/11 11:35:26 WARN HadoopFSUtils: The directory file:/Users/evan/Desktop/COURS/4IABD2/spark-streaming/exam_stream/exam_stream/data/halfourlydataset was not found. Was it deleted very recently?
25/07/11 11:35:28 WARN HadoopFSUtils: The directory file:/Users/evan/Desktop/COURS/4IABD2/spark-streaming/exam_stream/exam_stream/data/halfourlydataset was not found. Was it deleted very recently?
25/07/11 11:35:30 WARN HadoopFSUtils: The directory file:/Users/evan/Desktop/COURS/4IABD2/spark-streaming/exam_stream/exam_stream/data/halfourlydataset was not found. Was it deleted very recently?
25/07/11 11:35:32 WARN HadoopFSUtils: The directory file:/Users/evan/Desktop/COURS/4IABD2/spark-streaming/exam_stream/exam_stream/data/halfourlydataset was not found. Was it deleted very recently?
25/07/11 11:35:34 WARN HadoopFSUtils: The directory file:/Users/evan/Desktop/COURS/4IABD2/spark-streaming/exam_stream/exam_stream/data/halfourlydataset was not found. Was it deleted very recently?
25/07/11 11:35:36 WARN HadoopFSUtils: The directory file:/Users/evan/Desktop/COURS/4IABD2/spark-streaming/exam_stream/exam_stream/data/halfourlydataset was not found. Was it deleted very recently?
25/07/11 11:35:38 WARN HadoopFSUtils: The directory file:/Users/evan/Desktop/COURS/4IABD2/spark-streaming/exam_stream/exam_stream/data/halfourlydataset was not found. Was it deleted very recently?
25/07/11 11:35:40 WARN HadoopFSUtils: The directory file:/Users/evan/Desktop/COURS/4IABD2/spark-streaming/exam_stream/exam_stream/data/halfourlydataset was not found. Was it deleted very recently?
25/07/11 11:35:42 WARN HadoopFSUtils: The directory file:/Users/evan/Desktop/COURS/4IABD2/spark-streaming/exam_stream/exam_stream/data/halfourlydataset was not found. Was it deleted very recently?
25/07/11 11:35:44 WARN HadoopFSUtils: The directory file:/Users/evan/Desktop/COURS/4IABD2/spark-streaming/exam_stream/exam_stream/data/halfourlydataset was not found. Was it deleted very recently?
25/07/11 11:35:46 WARN HadoopFSUtils: The directory file:/Users/evan/Desktop/COURS/4IABD2/spark-streaming/exam_stream/exam_stream/data/halfourlydataset was not found. Was it deleted very recently?
25/07/11 11:35:48 WARN HadoopFSUtils: The directory file:/Users/evan/Desktop/COURS/4IABD2/spark-streaming/exam_stream/exam_stream/data/halfourlydataset was not found. Was it deleted very recently?
25/07/11 11:35:50 WARN HadoopFSUtils: The directory file:/Users/evan/Desktop/COURS/4IABD2/spark-streaming/exam_stream/exam_stream/data/halfourlydataset was not found. Was it deleted very recently?
25/07/11 11:35:52 WARN HadoopFSUtils: The directory file:/Users/evan/Desktop/COURS/4IABD2/spark-streaming/exam_stream/exam_stream/data/halfourlydataset was not found. Was it deleted very recently?
25/07/11 11:35:54 WARN HadoopFSUtils: The directory file:/Users/evan/Desktop/COURS/4IABD2/spark-streaming/exam_stream/exam_stream/data/halfourlydataset was not found. Was it deleted very recently?
25/07/11 11:35:56 WARN HadoopFSUtils: The directory file:/Users/evan/Desktop/COURS/4IABD2/spark-streaming/exam_stream/exam_stream/data/halfourlydataset was not found. Was it deleted very recently?
25/07/11 11:35:58 WARN HadoopFSUtils: The directory file:/Users/evan/Desktop/COURS/4IABD2/spark-streaming/exam_stream/exam_stream/data/halfourlydataset was not found. Was it deleted very recently?
25/07/11 11:36:00 WARN HadoopFSUtils: The directory file:/Users/evan/Desktop/COURS/4IABD2/spark-streaming/exam_stream/exam_stream/data/halfourlydataset was not found. Was it deleted very recently?
25/07/11 11:36:02 WARN HadoopFSUtils: The directory file:/Users/evan/Desktop/COURS/4IABD2/spark-streaming/exam_stream/exam_stream/data/halfourlydataset was not found. Was it deleted very recently?
25/07/11 11:36:04 WARN HadoopFSUtils: The directory file:/Users/evan/Desktop/COURS/4IABD2/spark-streaming/exam_stream/exam_stream/data/halfourlydataset was not found. Was it deleted very recently?
25/07/11 11:36:06 WARN HadoopFSUtils: The directory file:/Users/evan/Desktop/COURS/4IABD2/spark-streaming/exam_stream/exam_stream/data/halfourlydataset was not found. Was it deleted very recently?
25/07/11 11:36:08 WARN HadoopFSUtils: The directory file:/Users/evan/Desktop/COURS/4IABD2/spark-streaming/exam_stream/exam_stream/data/halfourlydataset was not found. Was it deleted very recently?
25/07/11 11:36:10 WARN HadoopFSUtils: The directory file:/Users/evan/Desktop/COURS/4IABD2/spark-streaming/exam_stream/exam_stream/data/halfourlydataset was not found. Was it deleted very recently?
25/07/11 11:36:12 WARN HadoopFSUtils: The directory file:/Users/evan/Desktop/COURS/4IABD2/spark-streaming/exam_stream/exam_stream/data/halfourlydataset was not found. Was it deleted very recently?
25/07/11 11:36:14 WARN HadoopFSUtils: The directory file:/Users/evan/Desktop/COURS/4IABD2/spark-streaming/exam_stream/exam_stream/data/halfourlydataset was not found. Was it deleted very recently?
25/07/11 11:36:16 WARN HadoopFSUtils: The directory file:/Users/evan/Desktop/COURS/4IABD2/spark-streaming/exam_stream/exam_stream/data/halfourlydataset was not found. Was it deleted very recently?
25/07/11 11:36:18 WARN HadoopFSUtils: The directory file:/Users/evan/Desktop/COURS/4IABD2/spark-streaming/exam_stream/exam_stream/data/halfourlydataset was not found. Was it deleted very recently?
25/07/11 11:36:20 WARN HadoopFSUtils: The directory file:/Users/evan/Desktop/COURS/4IABD2/spark-streaming/exam_stream/exam_stream/data/halfourlydataset was not found. Was it deleted very recently?
25/07/11 11:36:22 WARN HadoopFSUtils: The directory file:/Users/evan/Desktop/COURS/4IABD2/spark-streaming/exam_stream/exam_stream/data/halfourlydataset was not found. Was it deleted very recently?
25/07/11 11:36:24 WARN HadoopFSUtils: The directory file:/Users/evan/Desktop/COURS/4IABD2/spark-streaming/exam_stream/exam_stream/data/halfourlydataset was not found. Was it deleted very recently?
25/07/11 11:36:26 WARN HadoopFSUtils: The directory file:/Users/evan/Desktop/COURS/4IABD2/spark-streaming/exam_stream/exam_stream/data/halfourlydataset was not found. Was it deleted very recently?
25/07/11 11:36:28 WARN HadoopFSUtils: The directory file:/Users/evan/Desktop/COURS/4IABD2/spark-streaming/exam_stream/exam_stream/data/halfourlydataset was not found. Was it deleted very recently?
25/07/11 11:36:30 WARN HadoopFSUtils: The directory file:/Users/evan/Desktop/COURS/4IABD2/spark-streaming/exam_stream/exam_stream/data/halfourlydataset was not found. Was it deleted very recently?
25/07/11 11:36:32 WARN HadoopFSUtils: The directory file:/Users/evan/Desktop/COURS/4IABD2/spark-streaming/exam_stream/exam_stream/data/halfourlydataset was not found. Was it deleted very recently?
25/07/11 11:36:34 WARN HadoopFSUtils: The directory file:/Users/evan/Desktop/COURS/4IABD2/spark-streaming/exam_stream/exam_stream/data/halfourlydataset was not found. Was it deleted very recently?
25/07/11 11:36:36 WARN HadoopFSUtils: The directory file:/Users/evan/Desktop/COURS/4IABD2/spark-streaming/exam_stream/exam_stream/data/halfourlydataset was not found. Was it deleted very recently?
25/07/11 11:36:38 WARN HadoopFSUtils: The directory file:/Users/evan/Desktop/COURS/4IABD2/spark-streaming/exam_stream/exam_stream/data/halfourlydataset was not found. Was it deleted very recently?
25/07/11 11:36:40 WARN HadoopFSUtils: The directory file:/Users/evan/Desktop/COURS/4IABD2/spark-streaming/exam_stream/exam_stream/data/halfourlydataset was not found. Was it deleted very recently?
25/07/11 11:36:42 WARN HadoopFSUtils: The directory file:/Users/evan/Desktop/COURS/4IABD2/spark-streaming/exam_stream/exam_stream/data/halfourlydataset was not found. Was it deleted very recently?
25/07/11 11:36:44 WARN HadoopFSUtils: The directory file:/Users/evan/Desktop/COURS/4IABD2/spark-streaming/exam_stream/exam_stream/data/halfourlydataset was not found. Was it deleted very recently?
25/07/11 11:36:46 WARN HadoopFSUtils: The directory file:/Users/evan/Desktop/COURS/4IABD2/spark-streaming/exam_stream/exam_stream/data/halfourlydataset was not found. Was it deleted very recently?
25/07/11 11:36:48 WARN HadoopFSUtils: The directory file:/Users/evan/Desktop/COURS/4IABD2/spark-streaming/exam_stream/exam_stream/data/halfourlydataset was not found. Was it deleted very recently?
25/07/11 11:36:50 WARN HadoopFSUtils: The directory file:/Users/evan/Desktop/COURS/4IABD2/spark-streaming/exam_stream/exam_stream/data/halfourlydataset was not found. Was it deleted very recently?
25/07/11 11:36:52 WARN HadoopFSUtils: The directory file:/Users/evan/Desktop/COURS/4IABD2/spark-streaming/exam_stream/exam_stream/data/halfourlydataset was not found. Was it deleted very recently?
25/07/11 11:36:54 WARN HadoopFSUtils: The directory file:/Users/evan/Desktop/COURS/4IABD2/spark-streaming/exam_stream/exam_stream/data/halfourlydataset was not found. Was it deleted very recently?
25/07/11 11:36:56 WARN HadoopFSUtils: The directory file:/Users/evan/Desktop/COURS/4IABD2/spark-streaming/exam_stream/exam_stream/data/halfourlydataset was not found. Was it deleted very recently?
25/07/11 11:36:58 WARN HadoopFSUtils: The directory file:/Users/evan/Desktop/COURS/4IABD2/spark-streaming/exam_stream/exam_stream/data/halfourlydataset was not found. Was it deleted very recently?
25/07/11 11:37:00 WARN HadoopFSUtils: The directory file:/Users/evan/Desktop/COURS/4IABD2/spark-streaming/exam_stream/exam_stream/data/halfourlydataset was not found. Was it deleted very recently?
25/07/11 11:37:02 WARN HadoopFSUtils: The directory file:/Users/evan/Desktop/COURS/4IABD2/spark-streaming/exam_stream/exam_stream/data/halfourlydataset was not found. Was it deleted very recently?
25/07/11 11:37:04 WARN HadoopFSUtils: The directory file:/Users/evan/Desktop/COURS/4IABD2/spark-streaming/exam_stream/exam_stream/data/halfourlydataset was not found. Was it deleted very recently?
25/07/11 11:37:06 WARN HadoopFSUtils: The directory file:/Users/evan/Desktop/COURS/4IABD2/spark-streaming/exam_stream/exam_stream/data/halfourlydataset was not found. Was it deleted very recently?
25/07/11 11:37:08 WARN HadoopFSUtils: The directory file:/Users/evan/Desktop/COURS/4IABD2/spark-streaming/exam_stream/exam_stream/data/halfourlydataset was not found. Was it deleted very recently?
25/07/11 11:37:10 WARN HadoopFSUtils: The directory file:/Users/evan/Desktop/COURS/4IABD2/spark-streaming/exam_stream/exam_stream/data/halfourlydataset was not found. Was it deleted very recently?
25/07/11 11:37:12 WARN HadoopFSUtils: The directory file:/Users/evan/Desktop/COURS/4IABD2/spark-streaming/exam_stream/exam_stream/data/halfourlydataset was not found. Was it deleted very recently?
25/07/11 11:37:14 WARN HadoopFSUtils: The directory file:/Users/evan/Desktop/COURS/4IABD2/spark-streaming/exam_stream/exam_stream/data/halfourlydataset was not found. Was it deleted very recently?
25/07/11 11:37:16 WARN HadoopFSUtils: The directory file:/Users/evan/Desktop/COURS/4IABD2/spark-streaming/exam_stream/exam_stream/data/halfourlydataset was not found. Was it deleted very recently?
25/07/11 11:37:18 WARN HadoopFSUtils: The directory file:/Users/evan/Desktop/COURS/4IABD2/spark-streaming/exam_stream/exam_stream/data/halfourlydataset was not found. Was it deleted very recently?
25/07/11 11:37:20 WARN HadoopFSUtils: The directory file:/Users/evan/Desktop/COURS/4IABD2/spark-streaming/exam_stream/exam_stream/data/halfourlydataset was not found. Was it deleted very recently?
25/07/11 11:37:22 WARN HadoopFSUtils: The directory file:/Users/evan/Desktop/COURS/4IABD2/spark-streaming/exam_stream/exam_stream/data/halfourlydataset was not found. Was it deleted very recently?
25/07/11 11:37:24 WARN HadoopFSUtils: The directory file:/Users/evan/Desktop/COURS/4IABD2/spark-streaming/exam_stream/exam_stream/data/halfourlydataset was not found. Was it deleted very recently?
25/07/11 11:37:26 WARN HadoopFSUtils: The directory file:/Users/evan/Desktop/COURS/4IABD2/spark-streaming/exam_stream/exam_stream/data/halfourlydataset was not found. Was it deleted very recently?
25/07/11 11:37:28 WARN HadoopFSUtils: The directory file:/Users/evan/Desktop/COURS/4IABD2/spark-streaming/exam_stream/exam_stream/data/halfourlydataset was not found. Was it deleted very recently?
25/07/11 11:37:30 WARN HadoopFSUtils: The directory file:/Users/evan/Desktop/COURS/4IABD2/spark-streaming/exam_stream/exam_stream/data/halfourlydataset was not found. Was it deleted very recently?
25/07/11 11:37:32 WARN HadoopFSUtils: The directory file:/Users/evan/Desktop/COURS/4IABD2/spark-streaming/exam_stream/exam_stream/data/halfourlydataset was not found. Was it deleted very recently?
25/07/11 11:37:34 WARN HadoopFSUtils: The directory file:/Users/evan/Desktop/COURS/4IABD2/spark-streaming/exam_stream/exam_stream/data/halfourlydataset was not found. Was it deleted very recently?
25/07/11 11:37:36 WARN HadoopFSUtils: The directory file:/Users/evan/Desktop/COURS/4IABD2/spark-streaming/exam_stream/exam_stream/data/halfourlydataset was not found. Was it deleted very recently?
25/07/11 11:37:38 WARN HadoopFSUtils: The directory file:/Users/evan/Desktop/COURS/4IABD2/spark-streaming/exam_stream/exam_stream/data/halfourlydataset was not found. Was it deleted very recently?
25/07/11 11:37:40 WARN HadoopFSUtils: The directory file:/Users/evan/Desktop/COURS/4IABD2/spark-streaming/exam_stream/exam_stream/data/halfourlydataset was not found. Was it deleted very recently?
25/07/11 11:37:42 WARN HadoopFSUtils: The directory file:/Users/evan/Desktop/COURS/4IABD2/spark-streaming/exam_stream/exam_stream/data/halfourlydataset was not found. Was it deleted very recently?
25/07/11 11:37:44 WARN HadoopFSUtils: The directory file:/Users/evan/Desktop/COURS/4IABD2/spark-streaming/exam_stream/exam_stream/data/halfourlydataset was not found. Was it deleted very recently?
25/07/11 11:37:46 WARN HadoopFSUtils: The directory file:/Users/evan/Desktop/COURS/4IABD2/spark-streaming/exam_stream/exam_stream/data/halfourlydataset was not found. Was it deleted very recently?
25/07/11 11:37:48 WARN HadoopFSUtils: The directory file:/Users/evan/Desktop/COURS/4IABD2/spark-streaming/exam_stream/exam_stream/data/halfourlydataset was not found. Was it deleted very recently?
25/07/11 11:37:50 WARN HadoopFSUtils: The directory file:/Users/evan/Desktop/COURS/4IABD2/spark-streaming/exam_stream/exam_stream/data/halfourlydataset was not found. Was it deleted very recently?
25/07/11 11:37:52 WARN HadoopFSUtils: The directory file:/Users/evan/Desktop/COURS/4IABD2/spark-streaming/exam_stream/exam_stream/data/halfourlydataset was not found. Was it deleted very recently?
25/07/11 11:37:54 WARN HadoopFSUtils: The directory file:/Users/evan/Desktop/COURS/4IABD2/spark-streaming/exam_stream/exam_stream/data/halfourlydataset was not found. Was it deleted very recently?
25/07/11 11:37:56 WARN HadoopFSUtils: The directory file:/Users/evan/Desktop/COURS/4IABD2/spark-streaming/exam_stream/exam_stream/data/halfourlydataset was not found. Was it deleted very recently?
25/07/11 11:37:58 WARN HadoopFSUtils: The directory file:/Users/evan/Desktop/COURS/4IABD2/spark-streaming/exam_stream/exam_stream/data/halfourlydataset was not found. Was it deleted very recently?
25/07/11 11:38:00 WARN HadoopFSUtils: The directory file:/Users/evan/Desktop/COURS/4IABD2/spark-streaming/exam_stream/exam_stream/data/halfourlydataset was not found. Was it deleted very recently?
25/07/11 11:38:02 WARN HadoopFSUtils: The directory file:/Users/evan/Desktop/COURS/4IABD2/spark-streaming/exam_stream/exam_stream/data/halfourlydataset was not found. Was it deleted very recently?
25/07/11 11:38:04 WARN HadoopFSUtils: The directory file:/Users/evan/Desktop/COURS/4IABD2/spark-streaming/exam_stream/exam_stream/data/halfourlydataset was not found. Was it deleted very recently?
25/07/11 11:38:06 WARN HadoopFSUtils: The directory file:/Users/evan/Desktop/COURS/4IABD2/spark-streaming/exam_stream/exam_stream/data/halfourlydataset was not found. Was it deleted very recently?
25/07/11 11:38:08 WARN HadoopFSUtils: The directory file:/Users/evan/Desktop/COURS/4IABD2/spark-streaming/exam_stream/exam_stream/data/halfourlydataset was not found. Was it deleted very recently?
25/07/11 11:38:10 WARN HadoopFSUtils: The directory file:/Users/evan/Desktop/COURS/4IABD2/spark-streaming/exam_stream/exam_stream/data/halfourlydataset was not found. Was it deleted very recently?
25/07/11 11:38:12 WARN HadoopFSUtils: The directory file:/Users/evan/Desktop/COURS/4IABD2/spark-streaming/exam_stream/exam_stream/data/halfourlydataset was not found. Was it deleted very recently?
25/07/11 11:38:14 WARN HadoopFSUtils: The directory file:/Users/evan/Desktop/COURS/4IABD2/spark-streaming/exam_stream/exam_stream/data/halfourlydataset was not found. Was it deleted very recently?
25/07/11 11:38:16 WARN HadoopFSUtils: The directory file:/Users/evan/Desktop/COURS/4IABD2/spark-streaming/exam_stream/exam_stream/data/halfourlydataset was not found. Was it deleted very recently?
25/07/11 11:38:18 WARN HadoopFSUtils: The directory file:/Users/evan/Desktop/COURS/4IABD2/spark-streaming/exam_stream/exam_stream/data/halfourlydataset was not found. Was it deleted very recently?
25/07/11 11:38:20 WARN HadoopFSUtils: The directory file:/Users/evan/Desktop/COURS/4IABD2/spark-streaming/exam_stream/exam_stream/data/halfourlydataset was not found. Was it deleted very recently?
25/07/11 11:38:22 WARN HadoopFSUtils: The directory file:/Users/evan/Desktop/COURS/4IABD2/spark-streaming/exam_stream/exam_stream/data/halfourlydataset was not found. Was it deleted very recently?
25/07/11 11:38:24 WARN HadoopFSUtils: The directory file:/Users/evan/Desktop/COURS/4IABD2/spark-streaming/exam_stream/exam_stream/data/halfourlydataset was not found. Was it deleted very recently?
25/07/11 11:38:26 WARN HadoopFSUtils: The directory file:/Users/evan/Desktop/COURS/4IABD2/spark-streaming/exam_stream/exam_stream/data/halfourlydataset was not found. Was it deleted very recently?
25/07/11 11:38:28 WARN HadoopFSUtils: The directory file:/Users/evan/Desktop/COURS/4IABD2/spark-streaming/exam_stream/exam_stream/data/halfourlydataset was not found. Was it deleted very recently?
25/07/11 11:38:30 WARN HadoopFSUtils: The directory file:/Users/evan/Desktop/COURS/4IABD2/spark-streaming/exam_stream/exam_stream/data/halfourlydataset was not found. Was it deleted very recently?
25/07/11 11:38:32 WARN HadoopFSUtils: The directory file:/Users/evan/Desktop/COURS/4IABD2/spark-streaming/exam_stream/exam_stream/data/halfourlydataset was not found. Was it deleted very recently?
25/07/11 11:38:34 WARN HadoopFSUtils: The directory file:/Users/evan/Desktop/COURS/4IABD2/spark-streaming/exam_stream/exam_stream/data/halfourlydataset was not found. Was it deleted very recently?
25/07/11 11:38:36 WARN HadoopFSUtils: The directory file:/Users/evan/Desktop/COURS/4IABD2/spark-streaming/exam_stream/exam_stream/data/halfourlydataset was not found. Was it deleted very recently?
25/07/11 11:38:38 WARN HadoopFSUtils: The directory file:/Users/evan/Desktop/COURS/4IABD2/spark-streaming/exam_stream/exam_stream/data/halfourlydataset was not found. Was it deleted very recently?
25/07/11 11:38:40 WARN HadoopFSUtils: The directory file:/Users/evan/Desktop/COURS/4IABD2/spark-streaming/exam_stream/exam_stream/data/halfourlydataset was not found. Was it deleted very recently?
25/07/11 11:38:42 WARN HadoopFSUtils: The directory file:/Users/evan/Desktop/COURS/4IABD2/spark-streaming/exam_stream/exam_stream/data/halfourlydataset was not found. Was it deleted very recently?
25/07/11 11:38:44 WARN HadoopFSUtils: The directory file:/Users/evan/Desktop/COURS/4IABD2/spark-streaming/exam_stream/exam_stream/data/halfourlydataset was not found. Was it deleted very recently?
25/07/11 11:38:46 WARN HadoopFSUtils: The directory file:/Users/evan/Desktop/COURS/4IABD2/spark-streaming/exam_stream/exam_stream/data/halfourlydataset was not found. Was it deleted very recently?
25/07/11 11:38:48 WARN HadoopFSUtils: The directory file:/Users/evan/Desktop/COURS/4IABD2/spark-streaming/exam_stream/exam_stream/data/halfourlydataset was not found. Was it deleted very recently?
25/07/11 11:38:50 WARN HadoopFSUtils: The directory file:/Users/evan/Desktop/COURS/4IABD2/spark-streaming/exam_stream/exam_stream/data/halfourlydataset was not found. Was it deleted very recently?
25/07/11 11:38:52 WARN HadoopFSUtils: The directory file:/Users/evan/Desktop/COURS/4IABD2/spark-streaming/exam_stream/exam_stream/data/halfourlydataset was not found. Was it deleted very recently?
25/07/11 11:38:54 WARN HadoopFSUtils: The directory file:/Users/evan/Desktop/COURS/4IABD2/spark-streaming/exam_stream/exam_stream/data/halfourlydataset was not found. Was it deleted very recently?
25/07/11 11:38:56 WARN HadoopFSUtils: The directory file:/Users/evan/Desktop/COURS/4IABD2/spark-streaming/exam_stream/exam_stream/data/halfourlydataset was not found. Was it deleted very recently?
25/07/11 11:38:58 WARN HadoopFSUtils: The directory file:/Users/evan/Desktop/COURS/4IABD2/spark-streaming/exam_stream/exam_stream/data/halfourlydataset was not found. Was it deleted very recently?
25/07/11 11:39:00 WARN HadoopFSUtils: The directory file:/Users/evan/Desktop/COURS/4IABD2/spark-streaming/exam_stream/exam_stream/data/halfourlydataset was not found. Was it deleted very recently?
25/07/11 11:39:02 WARN HadoopFSUtils: The directory file:/Users/evan/Desktop/COURS/4IABD2/spark-streaming/exam_stream/exam_stream/data/halfourlydataset was not found. Was it deleted very recently?
25/07/11 11:39:04 WARN HadoopFSUtils: The directory file:/Users/evan/Desktop/COURS/4IABD2/spark-streaming/exam_stream/exam_stream/data/halfourlydataset was not found. Was it deleted very recently?
25/07/11 11:39:06 WARN HadoopFSUtils: The directory file:/Users/evan/Desktop/COURS/4IABD2/spark-streaming/exam_stream/exam_stream/data/halfourlydataset was not found. Was it deleted very recently?
25/07/11 11:39:08 WARN HadoopFSUtils: The directory file:/Users/evan/Desktop/COURS/4IABD2/spark-streaming/exam_stream/exam_stream/data/halfourlydataset was not found. Was it deleted very recently?
25/07/11 11:39:10 WARN HadoopFSUtils: The directory file:/Users/evan/Desktop/COURS/4IABD2/spark-streaming/exam_stream/exam_stream/data/halfourlydataset was not found. Was it deleted very recently?
25/07/11 11:39:12 WARN HadoopFSUtils: The directory file:/Users/evan/Desktop/COURS/4IABD2/spark-streaming/exam_stream/exam_stream/data/halfourlydataset was not found. Was it deleted very recently?
25/07/11 11:39:14 WARN HadoopFSUtils: The directory file:/Users/evan/Desktop/COURS/4IABD2/spark-streaming/exam_stream/exam_stream/data/halfourlydataset was not found. Was it deleted very recently?
25/07/11 11:39:16 WARN HadoopFSUtils: The directory file:/Users/evan/Desktop/COURS/4IABD2/spark-streaming/exam_stream/exam_stream/data/halfourlydataset was not found. Was it deleted very recently?
25/07/11 11:39:18 WARN HadoopFSUtils: The directory file:/Users/evan/Desktop/COURS/4IABD2/spark-streaming/exam_stream/exam_stream/data/halfourlydataset was not found. Was it deleted very recently?
25/07/11 11:39:20 WARN HadoopFSUtils: The directory file:/Users/evan/Desktop/COURS/4IABD2/spark-streaming/exam_stream/exam_stream/data/halfourlydataset was not found. Was it deleted very recently?
25/07/11 11:39:22 WARN HadoopFSUtils: The directory file:/Users/evan/Desktop/COURS/4IABD2/spark-streaming/exam_stream/exam_stream/data/halfourlydataset was not found. Was it deleted very recently?
25/07/11 11:39:24 WARN HadoopFSUtils: The directory file:/Users/evan/Desktop/COURS/4IABD2/spark-streaming/exam_stream/exam_stream/data/halfourlydataset was not found. Was it deleted very recently?
25/07/11 11:39:26 WARN HadoopFSUtils: The directory file:/Users/evan/Desktop/COURS/4IABD2/spark-streaming/exam_stream/exam_stream/data/halfourlydataset was not found. Was it deleted very recently?
25/07/11 11:39:28 WARN HadoopFSUtils: The directory file:/Users/evan/Desktop/COURS/4IABD2/spark-streaming/exam_stream/exam_stream/data/halfourlydataset was not found. Was it deleted very recently?
25/07/11 11:39:30 WARN HadoopFSUtils: The directory file:/Users/evan/Desktop/COURS/4IABD2/spark-streaming/exam_stream/exam_stream/data/halfourlydataset was not found. Was it deleted very recently?
25/07/11 11:39:32 WARN HadoopFSUtils: The directory file:/Users/evan/Desktop/COURS/4IABD2/spark-streaming/exam_stream/exam_stream/data/halfourlydataset was not found. Was it deleted very recently?
25/07/11 11:39:34 WARN HadoopFSUtils: The directory file:/Users/evan/Desktop/COURS/4IABD2/spark-streaming/exam_stream/exam_stream/data/halfourlydataset was not found. Was it deleted very recently?
25/07/11 11:39:36 WARN HadoopFSUtils: The directory file:/Users/evan/Desktop/COURS/4IABD2/spark-streaming/exam_stream/exam_stream/data/halfourlydataset was not found. Was it deleted very recently?
25/07/11 11:39:38 WARN HadoopFSUtils: The directory file:/Users/evan/Desktop/COURS/4IABD2/spark-streaming/exam_stream/exam_stream/data/halfourlydataset was not found. Was it deleted very recently?
25/07/11 11:39:40 WARN HadoopFSUtils: The directory file:/Users/evan/Desktop/COURS/4IABD2/spark-streaming/exam_stream/exam_stream/data/halfourlydataset was not found. Was it deleted very recently?
25/07/11 11:39:42 WARN HadoopFSUtils: The directory file:/Users/evan/Desktop/COURS/4IABD2/spark-streaming/exam_stream/exam_stream/data/halfourlydataset was not found. Was it deleted very recently?
25/07/11 11:39:44 WARN HadoopFSUtils: The directory file:/Users/evan/Desktop/COURS/4IABD2/spark-streaming/exam_stream/exam_stream/data/halfourlydataset was not found. Was it deleted very recently?
25/07/11 11:39:46 WARN HadoopFSUtils: The directory file:/Users/evan/Desktop/COURS/4IABD2/spark-streaming/exam_stream/exam_stream/data/halfourlydataset was not found. Was it deleted very recently?
25/07/11 11:39:48 WARN HadoopFSUtils: The directory file:/Users/evan/Desktop/COURS/4IABD2/spark-streaming/exam_stream/exam_stream/data/halfourlydataset was not found. Was it deleted very recently?
25/07/11 11:39:50 WARN HadoopFSUtils: The directory file:/Users/evan/Desktop/COURS/4IABD2/spark-streaming/exam_stream/exam_stream/data/halfourlydataset was not found. Was it deleted very recently?
25/07/11 11:39:52 WARN HadoopFSUtils: The directory file:/Users/evan/Desktop/COURS/4IABD2/spark-streaming/exam_stream/exam_stream/data/halfourlydataset was not found. Was it deleted very recently?
25/07/11 11:39:54 WARN HadoopFSUtils: The directory file:/Users/evan/Desktop/COURS/4IABD2/spark-streaming/exam_stream/exam_stream/data/halfourlydataset was not found. Was it deleted very recently?
25/07/11 11:39:56 WARN HadoopFSUtils: The directory file:/Users/evan/Desktop/COURS/4IABD2/spark-streaming/exam_stream/exam_stream/data/halfourlydataset was not found. Was it deleted very recently?
25/07/11 11:39:58 WARN HadoopFSUtils: The directory file:/Users/evan/Desktop/COURS/4IABD2/spark-streaming/exam_stream/exam_stream/data/halfourlydataset was not found. Was it deleted very recently?
25/07/11 11:40:00 WARN HadoopFSUtils: The directory file:/Users/evan/Desktop/COURS/4IABD2/spark-streaming/exam_stream/exam_stream/data/halfourlydataset was not found. Was it deleted very recently?
25/07/11 11:40:02 WARN HadoopFSUtils: The directory file:/Users/evan/Desktop/COURS/4IABD2/spark-streaming/exam_stream/exam_stream/data/halfourlydataset was not found. Was it deleted very recently?
25/07/11 11:40:04 WARN HadoopFSUtils: The directory file:/Users/evan/Desktop/COURS/4IABD2/spark-streaming/exam_stream/exam_stream/data/halfourlydataset was not found. Was it deleted very recently?
25/07/11 11:40:06 WARN HadoopFSUtils: The directory file:/Users/evan/Desktop/COURS/4IABD2/spark-streaming/exam_stream/exam_stream/data/halfourlydataset was not found. Was it deleted very recently?
25/07/11 11:40:08 WARN HadoopFSUtils: The directory file:/Users/evan/Desktop/COURS/4IABD2/spark-streaming/exam_stream/exam_stream/data/halfourlydataset was not found. Was it deleted very recently?
25/07/11 11:40:10 WARN HadoopFSUtils: The directory file:/Users/evan/Desktop/COURS/4IABD2/spark-streaming/exam_stream/exam_stream/data/halfourlydataset was not found. Was it deleted very recently?
25/07/11 11:40:12 WARN HadoopFSUtils: The directory file:/Users/evan/Desktop/COURS/4IABD2/spark-streaming/exam_stream/exam_stream/data/halfourlydataset was not found. Was it deleted very recently?
25/07/11 11:40:14 WARN HadoopFSUtils: The directory file:/Users/evan/Desktop/COURS/4IABD2/spark-streaming/exam_stream/exam_stream/data/halfourlydataset was not found. Was it deleted very recently?
25/07/11 11:40:16 WARN HadoopFSUtils: The directory file:/Users/evan/Desktop/COURS/4IABD2/spark-streaming/exam_stream/exam_stream/data/halfourlydataset was not found. Was it deleted very recently?
25/07/11 11:40:18 WARN HadoopFSUtils: The directory file:/Users/evan/Desktop/COURS/4IABD2/spark-streaming/exam_stream/exam_stream/data/halfourlydataset was not found. Was it deleted very recently?
25/07/11 11:40:20 WARN HadoopFSUtils: The directory file:/Users/evan/Desktop/COURS/4IABD2/spark-streaming/exam_stream/exam_stream/data/halfourlydataset was not found. Was it deleted very recently?
25/07/11 11:40:22 WARN HadoopFSUtils: The directory file:/Users/evan/Desktop/COURS/4IABD2/spark-streaming/exam_stream/exam_stream/data/halfourlydataset was not found. Was it deleted very recently?
25/07/11 11:40:24 WARN HadoopFSUtils: The directory file:/Users/evan/Desktop/COURS/4IABD2/spark-streaming/exam_stream/exam_stream/data/halfourlydataset was not found. Was it deleted very recently?
25/07/11 11:40:26 WARN HadoopFSUtils: The directory file:/Users/evan/Desktop/COURS/4IABD2/spark-streaming/exam_stream/exam_stream/data/halfourlydataset was not found. Was it deleted very recently?
25/07/11 11:40:28 WARN HadoopFSUtils: The directory file:/Users/evan/Desktop/COURS/4IABD2/spark-streaming/exam_stream/exam_stream/data/halfourlydataset was not found. Was it deleted very recently?
25/07/11 11:40:30 WARN HadoopFSUtils: The directory file:/Users/evan/Desktop/COURS/4IABD2/spark-streaming/exam_stream/exam_stream/data/halfourlydataset was not found. Was it deleted very recently?
25/07/11 11:40:32 WARN HadoopFSUtils: The directory file:/Users/evan/Desktop/COURS/4IABD2/spark-streaming/exam_stream/exam_stream/data/halfourlydataset was not found. Was it deleted very recently?
25/07/11 11:40:34 WARN HadoopFSUtils: The directory file:/Users/evan/Desktop/COURS/4IABD2/spark-streaming/exam_stream/exam_stream/data/halfourlydataset was not found. Was it deleted very recently?
25/07/11 11:40:36 WARN HadoopFSUtils: The directory file:/Users/evan/Desktop/COURS/4IABD2/spark-streaming/exam_stream/exam_stream/data/halfourlydataset was not found. Was it deleted very recently?
25/07/11 11:40:38 WARN HadoopFSUtils: The directory file:/Users/evan/Desktop/COURS/4IABD2/spark-streaming/exam_stream/exam_stream/data/halfourlydataset was not found. Was it deleted very recently?
25/07/11 11:40:40 WARN HadoopFSUtils: The directory file:/Users/evan/Desktop/COURS/4IABD2/spark-streaming/exam_stream/exam_stream/data/halfourlydataset was not found. Was it deleted very recently?
25/07/11 11:40:42 WARN HadoopFSUtils: The directory file:/Users/evan/Desktop/COURS/4IABD2/spark-streaming/exam_stream/exam_stream/data/halfourlydataset was not found. Was it deleted very recently?
25/07/11 11:40:44 WARN HadoopFSUtils: The directory file:/Users/evan/Desktop/COURS/4IABD2/spark-streaming/exam_stream/exam_stream/data/halfourlydataset was not found. Was it deleted very recently?
25/07/11 11:40:46 WARN HadoopFSUtils: The directory file:/Users/evan/Desktop/COURS/4IABD2/spark-streaming/exam_stream/exam_stream/data/halfourlydataset was not found. Was it deleted very recently?
25/07/11 11:40:48 WARN HadoopFSUtils: The directory file:/Users/evan/Desktop/COURS/4IABD2/spark-streaming/exam_stream/exam_stream/data/halfourlydataset was not found. Was it deleted very recently?
25/07/11 11:40:50 WARN HadoopFSUtils: The directory file:/Users/evan/Desktop/COURS/4IABD2/spark-streaming/exam_stream/exam_stream/data/halfourlydataset was not found. Was it deleted very recently?
25/07/11 11:40:52 WARN HadoopFSUtils: The directory file:/Users/evan/Desktop/COURS/4IABD2/spark-streaming/exam_stream/exam_stream/data/halfourlydataset was not found. Was it deleted very recently?
25/07/11 11:40:54 WARN HadoopFSUtils: The directory file:/Users/evan/Desktop/COURS/4IABD2/spark-streaming/exam_stream/exam_stream/data/halfourlydataset was not found. Was it deleted very recently?
25/07/11 11:40:56 WARN HadoopFSUtils: The directory file:/Users/evan/Desktop/COURS/4IABD2/spark-streaming/exam_stream/exam_stream/data/halfourlydataset was not found. Was it deleted very recently?
25/07/11 11:40:58 WARN HadoopFSUtils: The directory file:/Users/evan/Desktop/COURS/4IABD2/spark-streaming/exam_stream/exam_stream/data/halfourlydataset was not found. Was it deleted very recently?
25/07/11 11:41:00 WARN HadoopFSUtils: The directory file:/Users/evan/Desktop/COURS/4IABD2/spark-streaming/exam_stream/exam_stream/data/halfourlydataset was not found. Was it deleted very recently?
25/07/11 11:41:02 WARN HadoopFSUtils: The directory file:/Users/evan/Desktop/COURS/4IABD2/spark-streaming/exam_stream/exam_stream/data/halfourlydataset was not found. Was it deleted very recently?
25/07/11 11:41:04 WARN HadoopFSUtils: The directory file:/Users/evan/Desktop/COURS/4IABD2/spark-streaming/exam_stream/exam_stream/data/halfourlydataset was not found. Was it deleted very recently?
25/07/11 11:41:06 WARN HadoopFSUtils: The directory file:/Users/evan/Desktop/COURS/4IABD2/spark-streaming/exam_stream/exam_stream/data/halfourlydataset was not found. Was it deleted very recently?
25/07/11 11:41:08 WARN HadoopFSUtils: The directory file:/Users/evan/Desktop/COURS/4IABD2/spark-streaming/exam_stream/exam_stream/data/halfourlydataset was not found. Was it deleted very recently?
25/07/11 11:41:10 WARN HadoopFSUtils: The directory file:/Users/evan/Desktop/COURS/4IABD2/spark-streaming/exam_stream/exam_stream/data/halfourlydataset was not found. Was it deleted very recently?
25/07/11 11:41:12 WARN HadoopFSUtils: The directory file:/Users/evan/Desktop/COURS/4IABD2/spark-streaming/exam_stream/exam_stream/data/halfourlydataset was not found. Was it deleted very recently?
25/07/11 11:41:14 WARN HadoopFSUtils: The directory file:/Users/evan/Desktop/COURS/4IABD2/spark-streaming/exam_stream/exam_stream/data/halfourlydataset was not found. Was it deleted very recently?
25/07/11 11:41:16 WARN HadoopFSUtils: The directory file:/Users/evan/Desktop/COURS/4IABD2/spark-streaming/exam_stream/exam_stream/data/halfourlydataset was not found. Was it deleted very recently?
25/07/11 11:41:18 WARN HadoopFSUtils: The directory file:/Users/evan/Desktop/COURS/4IABD2/spark-streaming/exam_stream/exam_stream/data/halfourlydataset was not found. Was it deleted very recently?
25/07/11 11:41:20 WARN HadoopFSUtils: The directory file:/Users/evan/Desktop/COURS/4IABD2/spark-streaming/exam_stream/exam_stream/data/halfourlydataset was not found. Was it deleted very recently?
25/07/11 11:41:22 WARN HadoopFSUtils: The directory file:/Users/evan/Desktop/COURS/4IABD2/spark-streaming/exam_stream/exam_stream/data/halfourlydataset was not found. Was it deleted very recently?
25/07/11 11:41:24 WARN HadoopFSUtils: The directory file:/Users/evan/Desktop/COURS/4IABD2/spark-streaming/exam_stream/exam_stream/data/halfourlydataset was not found. Was it deleted very recently?
25/07/11 11:41:26 WARN HadoopFSUtils: The directory file:/Users/evan/Desktop/COURS/4IABD2/spark-streaming/exam_stream/exam_stream/data/halfourlydataset was not found. Was it deleted very recently?
25/07/11 11:41:28 WARN HadoopFSUtils: The directory file:/Users/evan/Desktop/COURS/4IABD2/spark-streaming/exam_stream/exam_stream/data/halfourlydataset was not found. Was it deleted very recently?
25/07/11 11:41:30 WARN HadoopFSUtils: The directory file:/Users/evan/Desktop/COURS/4IABD2/spark-streaming/exam_stream/exam_stream/data/halfourlydataset was not found. Was it deleted very recently?
25/07/11 11:41:32 WARN HadoopFSUtils: The directory file:/Users/evan/Desktop/COURS/4IABD2/spark-streaming/exam_stream/exam_stream/data/halfourlydataset was not found. Was it deleted very recently?
25/07/11 11:41:34 WARN HadoopFSUtils: The directory file:/Users/evan/Desktop/COURS/4IABD2/spark-streaming/exam_stream/exam_stream/data/halfourlydataset was not found. Was it deleted very recently?
25/07/11 11:41:36 WARN HadoopFSUtils: The directory file:/Users/evan/Desktop/COURS/4IABD2/spark-streaming/exam_stream/exam_stream/data/halfourlydataset was not found. Was it deleted very recently?
25/07/11 11:41:38 WARN HadoopFSUtils: The directory file:/Users/evan/Desktop/COURS/4IABD2/spark-streaming/exam_stream/exam_stream/data/halfourlydataset was not found. Was it deleted very recently?
25/07/11 11:41:40 WARN HadoopFSUtils: The directory file:/Users/evan/Desktop/COURS/4IABD2/spark-streaming/exam_stream/exam_stream/data/halfourlydataset was not found. Was it deleted very recently?
25/07/11 11:41:42 WARN HadoopFSUtils: The directory file:/Users/evan/Desktop/COURS/4IABD2/spark-streaming/exam_stream/exam_stream/data/halfourlydataset was not found. Was it deleted very recently?
25/07/11 11:41:44 WARN HadoopFSUtils: The directory file:/Users/evan/Desktop/COURS/4IABD2/spark-streaming/exam_stream/exam_stream/data/halfourlydataset was not found. Was it deleted very recently?
25/07/11 11:41:46 WARN HadoopFSUtils: The directory file:/Users/evan/Desktop/COURS/4IABD2/spark-streaming/exam_stream/exam_stream/data/halfourlydataset was not found. Was it deleted very recently?
25/07/11 11:41:48 WARN HadoopFSUtils: The directory file:/Users/evan/Desktop/COURS/4IABD2/spark-streaming/exam_stream/exam_stream/data/halfourlydataset was not found. Was it deleted very recently?
25/07/11 11:41:50 WARN HadoopFSUtils: The directory file:/Users/evan/Desktop/COURS/4IABD2/spark-streaming/exam_stream/exam_stream/data/halfourlydataset was not found. Was it deleted very recently?
25/07/11 11:41:52 WARN HadoopFSUtils: The directory file:/Users/evan/Desktop/COURS/4IABD2/spark-streaming/exam_stream/exam_stream/data/halfourlydataset was not found. Was it deleted very recently?
25/07/11 11:41:54 WARN HadoopFSUtils: The directory file:/Users/evan/Desktop/COURS/4IABD2/spark-streaming/exam_stream/exam_stream/data/halfourlydataset was not found. Was it deleted very recently?
25/07/11 11:41:56 WARN HadoopFSUtils: The directory file:/Users/evan/Desktop/COURS/4IABD2/spark-streaming/exam_stream/exam_stream/data/halfourlydataset was not found. Was it deleted very recently?
25/07/11 11:41:58 WARN HadoopFSUtils: The directory file:/Users/evan/Desktop/COURS/4IABD2/spark-streaming/exam_stream/exam_stream/data/halfourlydataset was not found. Was it deleted very recently?
25/07/11 11:42:00 WARN HadoopFSUtils: The directory file:/Users/evan/Desktop/COURS/4IABD2/spark-streaming/exam_stream/exam_stream/data/halfourlydataset was not found. Was it deleted very recently?
25/07/11 11:42:02 WARN HadoopFSUtils: The directory file:/Users/evan/Desktop/COURS/4IABD2/spark-streaming/exam_stream/exam_stream/data/halfourlydataset was not found. Was it deleted very recently?
25/07/11 11:42:04 WARN HadoopFSUtils: The directory file:/Users/evan/Desktop/COURS/4IABD2/spark-streaming/exam_stream/exam_stream/data/halfourlydataset was not found. Was it deleted very recently?
25/07/11 11:42:06 WARN HadoopFSUtils: The directory file:/Users/evan/Desktop/COURS/4IABD2/spark-streaming/exam_stream/exam_stream/data/halfourlydataset was not found. Was it deleted very recently?
25/07/11 11:42:08 WARN HadoopFSUtils: The directory file:/Users/evan/Desktop/COURS/4IABD2/spark-streaming/exam_stream/exam_stream/data/halfourlydataset was not found. Was it deleted very recently?
25/07/11 11:42:10 WARN HadoopFSUtils: The directory file:/Users/evan/Desktop/COURS/4IABD2/spark-streaming/exam_stream/exam_stream/data/halfourlydataset was not found. Was it deleted very recently?
25/07/11 11:42:12 WARN HadoopFSUtils: The directory file:/Users/evan/Desktop/COURS/4IABD2/spark-streaming/exam_stream/exam_stream/data/halfourlydataset was not found. Was it deleted very recently?
25/07/11 11:42:14 WARN HadoopFSUtils: The directory file:/Users/evan/Desktop/COURS/4IABD2/spark-streaming/exam_stream/exam_stream/data/halfourlydataset was not found. Was it deleted very recently?
25/07/11 11:42:16 WARN HadoopFSUtils: The directory file:/Users/evan/Desktop/COURS/4IABD2/spark-streaming/exam_stream/exam_stream/data/halfourlydataset was not found. Was it deleted very recently?
25/07/11 11:42:18 WARN HadoopFSUtils: The directory file:/Users/evan/Desktop/COURS/4IABD2/spark-streaming/exam_stream/exam_stream/data/halfourlydataset was not found. Was it deleted very recently?
25/07/11 11:42:20 WARN HadoopFSUtils: The directory file:/Users/evan/Desktop/COURS/4IABD2/spark-streaming/exam_stream/exam_stream/data/halfourlydataset was not found. Was it deleted very recently?
25/07/11 11:42:22 WARN HadoopFSUtils: The directory file:/Users/evan/Desktop/COURS/4IABD2/spark-streaming/exam_stream/exam_stream/data/halfourlydataset was not found. Was it deleted very recently?
25/07/11 11:42:24 WARN HadoopFSUtils: The directory file:/Users/evan/Desktop/COURS/4IABD2/spark-streaming/exam_stream/exam_stream/data/halfourlydataset was not found. Was it deleted very recently?
25/07/11 11:42:26 WARN HadoopFSUtils: The directory file:/Users/evan/Desktop/COURS/4IABD2/spark-streaming/exam_stream/exam_stream/data/halfourlydataset was not found. Was it deleted very recently?
25/07/11 11:42:28 WARN HadoopFSUtils: The directory file:/Users/evan/Desktop/COURS/4IABD2/spark-streaming/exam_stream/exam_stream/data/halfourlydataset was not found. Was it deleted very recently?
25/07/11 11:42:30 WARN HadoopFSUtils: The directory file:/Users/evan/Desktop/COURS/4IABD2/spark-streaming/exam_stream/exam_stream/data/halfourlydataset was not found. Was it deleted very recently?
25/07/11 11:42:32 WARN HadoopFSUtils: The directory file:/Users/evan/Desktop/COURS/4IABD2/spark-streaming/exam_stream/exam_stream/data/halfourlydataset was not found. Was it deleted very recently?
25/07/11 11:42:34 WARN HadoopFSUtils: The directory file:/Users/evan/Desktop/COURS/4IABD2/spark-streaming/exam_stream/exam_stream/data/halfourlydataset was not found. Was it deleted very recently?
25/07/11 11:42:36 WARN HadoopFSUtils: The directory file:/Users/evan/Desktop/COURS/4IABD2/spark-streaming/exam_stream/exam_stream/data/halfourlydataset was not found. Was it deleted very recently?
25/07/11 11:42:38 WARN HadoopFSUtils: The directory file:/Users/evan/Desktop/COURS/4IABD2/spark-streaming/exam_stream/exam_stream/data/halfourlydataset was not found. Was it deleted very recently?
25/07/11 11:42:40 WARN HadoopFSUtils: The directory file:/Users/evan/Desktop/COURS/4IABD2/spark-streaming/exam_stream/exam_stream/data/halfourlydataset was not found. Was it deleted very recently?
25/07/11 11:42:42 WARN HadoopFSUtils: The directory file:/Users/evan/Desktop/COURS/4IABD2/spark-streaming/exam_stream/exam_stream/data/halfourlydataset was not found. Was it deleted very recently?
25/07/11 11:42:44 WARN HadoopFSUtils: The directory file:/Users/evan/Desktop/COURS/4IABD2/spark-streaming/exam_stream/exam_stream/data/halfourlydataset was not found. Was it deleted very recently?
25/07/11 11:42:46 WARN HadoopFSUtils: The directory file:/Users/evan/Desktop/COURS/4IABD2/spark-streaming/exam_stream/exam_stream/data/halfourlydataset was not found. Was it deleted very recently?
25/07/11 11:42:48 WARN HadoopFSUtils: The directory file:/Users/evan/Desktop/COURS/4IABD2/spark-streaming/exam_stream/exam_stream/data/halfourlydataset was not found. Was it deleted very recently?
25/07/11 11:42:50 WARN HadoopFSUtils: The directory file:/Users/evan/Desktop/COURS/4IABD2/spark-streaming/exam_stream/exam_stream/data/halfourlydataset was not found. Was it deleted very recently?
25/07/11 11:42:52 WARN HadoopFSUtils: The directory file:/Users/evan/Desktop/COURS/4IABD2/spark-streaming/exam_stream/exam_stream/data/halfourlydataset was not found. Was it deleted very recently?
25/07/11 11:42:54 WARN HadoopFSUtils: The directory file:/Users/evan/Desktop/COURS/4IABD2/spark-streaming/exam_stream/exam_stream/data/halfourlydataset was not found. Was it deleted very recently?
25/07/11 11:42:56 WARN HadoopFSUtils: The directory file:/Users/evan/Desktop/COURS/4IABD2/spark-streaming/exam_stream/exam_stream/data/halfourlydataset was not found. Was it deleted very recently?
25/07/11 11:42:58 WARN HadoopFSUtils: The directory file:/Users/evan/Desktop/COURS/4IABD2/spark-streaming/exam_stream/exam_stream/data/halfourlydataset was not found. Was it deleted very recently?
25/07/11 11:43:00 WARN HadoopFSUtils: The directory file:/Users/evan/Desktop/COURS/4IABD2/spark-streaming/exam_stream/exam_stream/data/halfourlydataset was not found. Was it deleted very recently?
25/07/11 11:43:02 WARN HadoopFSUtils: The directory file:/Users/evan/Desktop/COURS/4IABD2/spark-streaming/exam_stream/exam_stream/data/halfourlydataset was not found. Was it deleted very recently?
25/07/11 11:43:04 WARN HadoopFSUtils: The directory file:/Users/evan/Desktop/COURS/4IABD2/spark-streaming/exam_stream/exam_stream/data/halfourlydataset was not found. Was it deleted very recently?
25/07/11 11:43:06 WARN HadoopFSUtils: The directory file:/Users/evan/Desktop/COURS/4IABD2/spark-streaming/exam_stream/exam_stream/data/halfourlydataset was not found. Was it deleted very recently?
25/07/11 11:43:08 WARN HadoopFSUtils: The directory file:/Users/evan/Desktop/COURS/4IABD2/spark-streaming/exam_stream/exam_stream/data/halfourlydataset was not found. Was it deleted very recently?
25/07/11 11:43:10 WARN HadoopFSUtils: The directory file:/Users/evan/Desktop/COURS/4IABD2/spark-streaming/exam_stream/exam_stream/data/halfourlydataset was not found. Was it deleted very recently?
25/07/11 11:43:12 WARN HadoopFSUtils: The directory file:/Users/evan/Desktop/COURS/4IABD2/spark-streaming/exam_stream/exam_stream/data/halfourlydataset was not found. Was it deleted very recently?
25/07/11 11:43:14 WARN HadoopFSUtils: The directory file:/Users/evan/Desktop/COURS/4IABD2/spark-streaming/exam_stream/exam_stream/data/halfourlydataset was not found. Was it deleted very recently?
25/07/11 11:43:16 WARN HadoopFSUtils: The directory file:/Users/evan/Desktop/COURS/4IABD2/spark-streaming/exam_stream/exam_stream/data/halfourlydataset was not found. Was it deleted very recently?
25/07/11 11:43:18 WARN HadoopFSUtils: The directory file:/Users/evan/Desktop/COURS/4IABD2/spark-streaming/exam_stream/exam_stream/data/halfourlydataset was not found. Was it deleted very recently?
25/07/11 11:43:20 WARN HadoopFSUtils: The directory file:/Users/evan/Desktop/COURS/4IABD2/spark-streaming/exam_stream/exam_stream/data/halfourlydataset was not found. Was it deleted very recently?
25/07/11 11:43:22 WARN HadoopFSUtils: The directory file:/Users/evan/Desktop/COURS/4IABD2/spark-streaming/exam_stream/exam_stream/data/halfourlydataset was not found. Was it deleted very recently?
25/07/11 11:43:24 WARN HadoopFSUtils: The directory file:/Users/evan/Desktop/COURS/4IABD2/spark-streaming/exam_stream/exam_stream/data/halfourlydataset was not found. Was it deleted very recently?
25/07/11 11:43:26 WARN HadoopFSUtils: The directory file:/Users/evan/Desktop/COURS/4IABD2/spark-streaming/exam_stream/exam_stream/data/halfourlydataset was not found. Was it deleted very recently?
25/07/11 11:43:28 WARN HadoopFSUtils: The directory file:/Users/evan/Desktop/COURS/4IABD2/spark-streaming/exam_stream/exam_stream/data/halfourlydataset was not found. Was it deleted very recently?
25/07/11 11:43:30 WARN HadoopFSUtils: The directory file:/Users/evan/Desktop/COURS/4IABD2/spark-streaming/exam_stream/exam_stream/data/halfourlydataset was not found. Was it deleted very recently?
25/07/11 11:43:32 WARN HadoopFSUtils: The directory file:/Users/evan/Desktop/COURS/4IABD2/spark-streaming/exam_stream/exam_stream/data/halfourlydataset was not found. Was it deleted very recently?
25/07/11 11:43:34 WARN HadoopFSUtils: The directory file:/Users/evan/Desktop/COURS/4IABD2/spark-streaming/exam_stream/exam_stream/data/halfourlydataset was not found. Was it deleted very recently?
25/07/11 11:43:36 WARN HadoopFSUtils: The directory file:/Users/evan/Desktop/COURS/4IABD2/spark-streaming/exam_stream/exam_stream/data/halfourlydataset was not found. Was it deleted very recently?
25/07/11 11:43:38 WARN HadoopFSUtils: The directory file:/Users/evan/Desktop/COURS/4IABD2/spark-streaming/exam_stream/exam_stream/data/halfourlydataset was not found. Was it deleted very recently?
25/07/11 11:43:40 WARN HadoopFSUtils: The directory file:/Users/evan/Desktop/COURS/4IABD2/spark-streaming/exam_stream/exam_stream/data/halfourlydataset was not found. Was it deleted very recently?
25/07/11 11:43:42 WARN HadoopFSUtils: The directory file:/Users/evan/Desktop/COURS/4IABD2/spark-streaming/exam_stream/exam_stream/data/halfourlydataset was not found. Was it deleted very recently?
25/07/11 11:43:44 WARN HadoopFSUtils: The directory file:/Users/evan/Desktop/COURS/4IABD2/spark-streaming/exam_stream/exam_stream/data/halfourlydataset was not found. Was it deleted very recently?
25/07/11 11:43:46 WARN HadoopFSUtils: The directory file:/Users/evan/Desktop/COURS/4IABD2/spark-streaming/exam_stream/exam_stream/data/halfourlydataset was not found. Was it deleted very recently?
25/07/11 11:43:48 WARN HadoopFSUtils: The directory file:/Users/evan/Desktop/COURS/4IABD2/spark-streaming/exam_stream/exam_stream/data/halfourlydataset was not found. Was it deleted very recently?
25/07/11 11:43:50 WARN HadoopFSUtils: The directory file:/Users/evan/Desktop/COURS/4IABD2/spark-streaming/exam_stream/exam_stream/data/halfourlydataset was not found. Was it deleted very recently?
25/07/11 11:43:52 WARN HadoopFSUtils: The directory file:/Users/evan/Desktop/COURS/4IABD2/spark-streaming/exam_stream/exam_stream/data/halfourlydataset was not found. Was it deleted very recently?
25/07/11 11:43:54 WARN HadoopFSUtils: The directory file:/Users/evan/Desktop/COURS/4IABD2/spark-streaming/exam_stream/exam_stream/data/halfourlydataset was not found. Was it deleted very recently?
25/07/11 11:43:56 WARN HadoopFSUtils: The directory file:/Users/evan/Desktop/COURS/4IABD2/spark-streaming/exam_stream/exam_stream/data/halfourlydataset was not found. Was it deleted very recently?
25/07/11 11:43:58 WARN HadoopFSUtils: The directory file:/Users/evan/Desktop/COURS/4IABD2/spark-streaming/exam_stream/exam_stream/data/halfourlydataset was not found. Was it deleted very recently?
25/07/11 11:44:00 WARN HadoopFSUtils: The directory file:/Users/evan/Desktop/COURS/4IABD2/spark-streaming/exam_stream/exam_stream/data/halfourlydataset was not found. Was it deleted very recently?
25/07/11 11:44:02 WARN HadoopFSUtils: The directory file:/Users/evan/Desktop/COURS/4IABD2/spark-streaming/exam_stream/exam_stream/data/halfourlydataset was not found. Was it deleted very recently?
25/07/11 11:44:04 WARN HadoopFSUtils: The directory file:/Users/evan/Desktop/COURS/4IABD2/spark-streaming/exam_stream/exam_stream/data/halfourlydataset was not found. Was it deleted very recently?
25/07/11 11:44:06 WARN HadoopFSUtils: The directory file:/Users/evan/Desktop/COURS/4IABD2/spark-streaming/exam_stream/exam_stream/data/halfourlydataset was not found. Was it deleted very recently?
25/07/11 11:44:08 WARN HadoopFSUtils: The directory file:/Users/evan/Desktop/COURS/4IABD2/spark-streaming/exam_stream/exam_stream/data/halfourlydataset was not found. Was it deleted very recently?
25/07/11 11:44:10 WARN HadoopFSUtils: The directory file:/Users/evan/Desktop/COURS/4IABD2/spark-streaming/exam_stream/exam_stream/data/halfourlydataset was not found. Was it deleted very recently?
25/07/11 11:44:12 WARN HadoopFSUtils: The directory file:/Users/evan/Desktop/COURS/4IABD2/spark-streaming/exam_stream/exam_stream/data/halfourlydataset was not found. Was it deleted very recently?
25/07/11 11:44:14 WARN HadoopFSUtils: The directory file:/Users/evan/Desktop/COURS/4IABD2/spark-streaming/exam_stream/exam_stream/data/halfourlydataset was not found. Was it deleted very recently?
25/07/11 11:44:16 WARN HadoopFSUtils: The directory file:/Users/evan/Desktop/COURS/4IABD2/spark-streaming/exam_stream/exam_stream/data/halfourlydataset was not found. Was it deleted very recently?
25/07/11 11:44:18 WARN HadoopFSUtils: The directory file:/Users/evan/Desktop/COURS/4IABD2/spark-streaming/exam_stream/exam_stream/data/halfourlydataset was not found. Was it deleted very recently?
25/07/11 11:44:20 WARN HadoopFSUtils: The directory file:/Users/evan/Desktop/COURS/4IABD2/spark-streaming/exam_stream/exam_stream/data/halfourlydataset was not found. Was it deleted very recently?
25/07/11 11:44:22 WARN HadoopFSUtils: The directory file:/Users/evan/Desktop/COURS/4IABD2/spark-streaming/exam_stream/exam_stream/data/halfourlydataset was not found. Was it deleted very recently?
25/07/11 11:44:24 WARN HadoopFSUtils: The directory file:/Users/evan/Desktop/COURS/4IABD2/spark-streaming/exam_stream/exam_stream/data/halfourlydataset was not found. Was it deleted very recently?
25/07/11 11:44:26 WARN HadoopFSUtils: The directory file:/Users/evan/Desktop/COURS/4IABD2/spark-streaming/exam_stream/exam_stream/data/halfourlydataset was not found. Was it deleted very recently?
25/07/11 11:44:28 WARN HadoopFSUtils: The directory file:/Users/evan/Desktop/COURS/4IABD2/spark-streaming/exam_stream/exam_stream/data/halfourlydataset was not found. Was it deleted very recently?
25/07/11 11:44:30 WARN HadoopFSUtils: The directory file:/Users/evan/Desktop/COURS/4IABD2/spark-streaming/exam_stream/exam_stream/data/halfourlydataset was not found. Was it deleted very recently?
25/07/11 11:44:32 WARN HadoopFSUtils: The directory file:/Users/evan/Desktop/COURS/4IABD2/spark-streaming/exam_stream/exam_stream/data/halfourlydataset was not found. Was it deleted very recently?
25/07/11 11:44:34 WARN HadoopFSUtils: The directory file:/Users/evan/Desktop/COURS/4IABD2/spark-streaming/exam_stream/exam_stream/data/halfourlydataset was not found. Was it deleted very recently?
25/07/11 11:44:36 WARN HadoopFSUtils: The directory file:/Users/evan/Desktop/COURS/4IABD2/spark-streaming/exam_stream/exam_stream/data/halfourlydataset was not found. Was it deleted very recently?
25/07/11 11:44:38 WARN HadoopFSUtils: The directory file:/Users/evan/Desktop/COURS/4IABD2/spark-streaming/exam_stream/exam_stream/data/halfourlydataset was not found. Was it deleted very recently?
25/07/11 11:44:40 WARN HadoopFSUtils: The directory file:/Users/evan/Desktop/COURS/4IABD2/spark-streaming/exam_stream/exam_stream/data/halfourlydataset was not found. Was it deleted very recently?
25/07/11 11:44:42 WARN HadoopFSUtils: The directory file:/Users/evan/Desktop/COURS/4IABD2/spark-streaming/exam_stream/exam_stream/data/halfourlydataset was not found. Was it deleted very recently?
25/07/11 11:44:44 WARN HadoopFSUtils: The directory file:/Users/evan/Desktop/COURS/4IABD2/spark-streaming/exam_stream/exam_stream/data/halfourlydataset was not found. Was it deleted very recently?
25/07/11 11:44:46 WARN HadoopFSUtils: The directory file:/Users/evan/Desktop/COURS/4IABD2/spark-streaming/exam_stream/exam_stream/data/halfourlydataset was not found. Was it deleted very recently?
25/07/11 11:44:48 WARN HadoopFSUtils: The directory file:/Users/evan/Desktop/COURS/4IABD2/spark-streaming/exam_stream/exam_stream/data/halfourlydataset was not found. Was it deleted very recently?
25/07/11 11:44:50 WARN HadoopFSUtils: The directory file:/Users/evan/Desktop/COURS/4IABD2/spark-streaming/exam_stream/exam_stream/data/halfourlydataset was not found. Was it deleted very recently?
25/07/11 11:44:52 WARN HadoopFSUtils: The directory file:/Users/evan/Desktop/COURS/4IABD2/spark-streaming/exam_stream/exam_stream/data/halfourlydataset was not found. Was it deleted very recently?
25/07/11 11:44:54 WARN HadoopFSUtils: The directory file:/Users/evan/Desktop/COURS/4IABD2/spark-streaming/exam_stream/exam_stream/data/halfourlydataset was not found. Was it deleted very recently?
25/07/11 11:44:56 WARN HadoopFSUtils: The directory file:/Users/evan/Desktop/COURS/4IABD2/spark-streaming/exam_stream/exam_stream/data/halfourlydataset was not found. Was it deleted very recently?
25/07/11 11:44:58 WARN HadoopFSUtils: The directory file:/Users/evan/Desktop/COURS/4IABD2/spark-streaming/exam_stream/exam_stream/data/halfourlydataset was not found. Was it deleted very recently?
25/07/11 11:45:00 WARN HadoopFSUtils: The directory file:/Users/evan/Desktop/COURS/4IABD2/spark-streaming/exam_stream/exam_stream/data/halfourlydataset was not found. Was it deleted very recently?
25/07/11 11:45:02 WARN HadoopFSUtils: The directory file:/Users/evan/Desktop/COURS/4IABD2/spark-streaming/exam_stream/exam_stream/data/halfourlydataset was not found. Was it deleted very recently?
25/07/11 11:45:04 WARN HadoopFSUtils: The directory file:/Users/evan/Desktop/COURS/4IABD2/spark-streaming/exam_stream/exam_stream/data/halfourlydataset was not found. Was it deleted very recently?
25/07/11 11:45:06 WARN HadoopFSUtils: The directory file:/Users/evan/Desktop/COURS/4IABD2/spark-streaming/exam_stream/exam_stream/data/halfourlydataset was not found. Was it deleted very recently?
25/07/11 11:45:08 WARN HadoopFSUtils: The directory file:/Users/evan/Desktop/COURS/4IABD2/spark-streaming/exam_stream/exam_stream/data/halfourlydataset was not found. Was it deleted very recently?
25/07/11 11:45:10 WARN HadoopFSUtils: The directory file:/Users/evan/Desktop/COURS/4IABD2/spark-streaming/exam_stream/exam_stream/data/halfourlydataset was not found. Was it deleted very recently?
25/07/11 11:45:12 WARN HadoopFSUtils: The directory file:/Users/evan/Desktop/COURS/4IABD2/spark-streaming/exam_stream/exam_stream/data/halfourlydataset was not found. Was it deleted very recently?
25/07/11 11:45:14 WARN HadoopFSUtils: The directory file:/Users/evan/Desktop/COURS/4IABD2/spark-streaming/exam_stream/exam_stream/data/halfourlydataset was not found. Was it deleted very recently?
25/07/11 11:45:16 WARN HadoopFSUtils: The directory file:/Users/evan/Desktop/COURS/4IABD2/spark-streaming/exam_stream/exam_stream/data/halfourlydataset was not found. Was it deleted very recently?
25/07/11 11:45:18 WARN HadoopFSUtils: The directory file:/Users/evan/Desktop/COURS/4IABD2/spark-streaming/exam_stream/exam_stream/data/halfourlydataset was not found. Was it deleted very recently?
25/07/11 11:45:20 WARN HadoopFSUtils: The directory file:/Users/evan/Desktop/COURS/4IABD2/spark-streaming/exam_stream/exam_stream/data/halfourlydataset was not found. Was it deleted very recently?
25/07/11 11:45:22 WARN HadoopFSUtils: The directory file:/Users/evan/Desktop/COURS/4IABD2/spark-streaming/exam_stream/exam_stream/data/halfourlydataset was not found. Was it deleted very recently?
25/07/11 11:45:24 WARN HadoopFSUtils: The directory file:/Users/evan/Desktop/COURS/4IABD2/spark-streaming/exam_stream/exam_stream/data/halfourlydataset was not found. Was it deleted very recently?
25/07/11 11:45:26 WARN HadoopFSUtils: The directory file:/Users/evan/Desktop/COURS/4IABD2/spark-streaming/exam_stream/exam_stream/data/halfourlydataset was not found. Was it deleted very recently?
25/07/11 11:45:28 WARN HadoopFSUtils: The directory file:/Users/evan/Desktop/COURS/4IABD2/spark-streaming/exam_stream/exam_stream/data/halfourlydataset was not found. Was it deleted very recently?
25/07/11 11:45:30 WARN HadoopFSUtils: The directory file:/Users/evan/Desktop/COURS/4IABD2/spark-streaming/exam_stream/exam_stream/data/halfourlydataset was not found. Was it deleted very recently?
25/07/11 11:45:32 WARN HadoopFSUtils: The directory file:/Users/evan/Desktop/COURS/4IABD2/spark-streaming/exam_stream/exam_stream/data/halfourlydataset was not found. Was it deleted very recently?
25/07/11 11:45:34 WARN HadoopFSUtils: The directory file:/Users/evan/Desktop/COURS/4IABD2/spark-streaming/exam_stream/exam_stream/data/halfourlydataset was not found. Was it deleted very recently?
25/07/11 11:45:36 WARN HadoopFSUtils: The directory file:/Users/evan/Desktop/COURS/4IABD2/spark-streaming/exam_stream/exam_stream/data/halfourlydataset was not found. Was it deleted very recently?
25/07/11 11:45:38 WARN HadoopFSUtils: The directory file:/Users/evan/Desktop/COURS/4IABD2/spark-streaming/exam_stream/exam_stream/data/halfourlydataset was not found. Was it deleted very recently?
25/07/11 11:45:40 WARN HadoopFSUtils: The directory file:/Users/evan/Desktop/COURS/4IABD2/spark-streaming/exam_stream/exam_stream/data/halfourlydataset was not found. Was it deleted very recently?
25/07/11 11:45:42 WARN HadoopFSUtils: The directory file:/Users/evan/Desktop/COURS/4IABD2/spark-streaming/exam_stream/exam_stream/data/halfourlydataset was not found. Was it deleted very recently?
25/07/11 11:45:44 WARN HadoopFSUtils: The directory file:/Users/evan/Desktop/COURS/4IABD2/spark-streaming/exam_stream/exam_stream/data/halfourlydataset was not found. Was it deleted very recently?
25/07/11 11:45:46 WARN HadoopFSUtils: The directory file:/Users/evan/Desktop/COURS/4IABD2/spark-streaming/exam_stream/exam_stream/data/halfourlydataset was not found. Was it deleted very recently?
25/07/11 11:45:48 WARN HadoopFSUtils: The directory file:/Users/evan/Desktop/COURS/4IABD2/spark-streaming/exam_stream/exam_stream/data/halfourlydataset was not found. Was it deleted very recently?
25/07/11 11:45:50 WARN HadoopFSUtils: The directory file:/Users/evan/Desktop/COURS/4IABD2/spark-streaming/exam_stream/exam_stream/data/halfourlydataset was not found. Was it deleted very recently?
25/07/11 11:45:52 WARN HadoopFSUtils: The directory file:/Users/evan/Desktop/COURS/4IABD2/spark-streaming/exam_stream/exam_stream/data/halfourlydataset was not found. Was it deleted very recently?
25/07/11 11:45:54 WARN HadoopFSUtils: The directory file:/Users/evan/Desktop/COURS/4IABD2/spark-streaming/exam_stream/exam_stream/data/halfourlydataset was not found. Was it deleted very recently?
25/07/11 11:45:56 WARN HadoopFSUtils: The directory file:/Users/evan/Desktop/COURS/4IABD2/spark-streaming/exam_stream/exam_stream/data/halfourlydataset was not found. Was it deleted very recently?
25/07/11 11:45:58 WARN HadoopFSUtils: The directory file:/Users/evan/Desktop/COURS/4IABD2/spark-streaming/exam_stream/exam_stream/data/halfourlydataset was not found. Was it deleted very recently?
25/07/11 11:46:00 WARN HadoopFSUtils: The directory file:/Users/evan/Desktop/COURS/4IABD2/spark-streaming/exam_stream/exam_stream/data/halfourlydataset was not found. Was it deleted very recently?
25/07/11 11:46:02 WARN HadoopFSUtils: The directory file:/Users/evan/Desktop/COURS/4IABD2/spark-streaming/exam_stream/exam_stream/data/halfourlydataset was not found. Was it deleted very recently?
25/07/11 11:46:04 WARN HadoopFSUtils: The directory file:/Users/evan/Desktop/COURS/4IABD2/spark-streaming/exam_stream/exam_stream/data/halfourlydataset was not found. Was it deleted very recently?
25/07/11 11:46:06 WARN HadoopFSUtils: The directory file:/Users/evan/Desktop/COURS/4IABD2/spark-streaming/exam_stream/exam_stream/data/halfourlydataset was not found. Was it deleted very recently?
25/07/11 11:46:08 WARN HadoopFSUtils: The directory file:/Users/evan/Desktop/COURS/4IABD2/spark-streaming/exam_stream/exam_stream/data/halfourlydataset was not found. Was it deleted very recently?
25/07/11 11:46:10 WARN HadoopFSUtils: The directory file:/Users/evan/Desktop/COURS/4IABD2/spark-streaming/exam_stream/exam_stream/data/halfourlydataset was not found. Was it deleted very recently?
25/07/11 11:46:12 WARN HadoopFSUtils: The directory file:/Users/evan/Desktop/COURS/4IABD2/spark-streaming/exam_stream/exam_stream/data/halfourlydataset was not found. Was it deleted very recently?
25/07/11 11:46:14 WARN HadoopFSUtils: The directory file:/Users/evan/Desktop/COURS/4IABD2/spark-streaming/exam_stream/exam_stream/data/halfourlydataset was not found. Was it deleted very recently?
25/07/11 11:46:16 WARN HadoopFSUtils: The directory file:/Users/evan/Desktop/COURS/4IABD2/spark-streaming/exam_stream/exam_stream/data/halfourlydataset was not found. Was it deleted very recently?
25/07/11 11:46:18 WARN HadoopFSUtils: The directory file:/Users/evan/Desktop/COURS/4IABD2/spark-streaming/exam_stream/exam_stream/data/halfourlydataset was not found. Was it deleted very recently?
25/07/11 11:46:20 WARN HadoopFSUtils: The directory file:/Users/evan/Desktop/COURS/4IABD2/spark-streaming/exam_stream/exam_stream/data/halfourlydataset was not found. Was it deleted very recently?
25/07/11 11:46:22 WARN HadoopFSUtils: The directory file:/Users/evan/Desktop/COURS/4IABD2/spark-streaming/exam_stream/exam_stream/data/halfourlydataset was not found. Was it deleted very recently?
25/07/11 11:46:24 WARN HadoopFSUtils: The directory file:/Users/evan/Desktop/COURS/4IABD2/spark-streaming/exam_stream/exam_stream/data/halfourlydataset was not found. Was it deleted very recently?
25/07/11 11:46:26 WARN HadoopFSUtils: The directory file:/Users/evan/Desktop/COURS/4IABD2/spark-streaming/exam_stream/exam_stream/data/halfourlydataset was not found. Was it deleted very recently?
25/07/11 11:46:28 WARN HadoopFSUtils: The directory file:/Users/evan/Desktop/COURS/4IABD2/spark-streaming/exam_stream/exam_stream/data/halfourlydataset was not found. Was it deleted very recently?
25/07/11 11:46:30 WARN HadoopFSUtils: The directory file:/Users/evan/Desktop/COURS/4IABD2/spark-streaming/exam_stream/exam_stream/data/halfourlydataset was not found. Was it deleted very recently?
25/07/11 11:46:32 WARN HadoopFSUtils: The directory file:/Users/evan/Desktop/COURS/4IABD2/spark-streaming/exam_stream/exam_stream/data/halfourlydataset was not found. Was it deleted very recently?
25/07/11 11:46:34 WARN HadoopFSUtils: The directory file:/Users/evan/Desktop/COURS/4IABD2/spark-streaming/exam_stream/exam_stream/data/halfourlydataset was not found. Was it deleted very recently?
25/07/11 11:46:36 WARN HadoopFSUtils: The directory file:/Users/evan/Desktop/COURS/4IABD2/spark-streaming/exam_stream/exam_stream/data/halfourlydataset was not found. Was it deleted very recently?
25/07/11 11:46:38 WARN HadoopFSUtils: The directory file:/Users/evan/Desktop/COURS/4IABD2/spark-streaming/exam_stream/exam_stream/data/halfourlydataset was not found. Was it deleted very recently?
25/07/11 11:46:40 WARN HadoopFSUtils: The directory file:/Users/evan/Desktop/COURS/4IABD2/spark-streaming/exam_stream/exam_stream/data/halfourlydataset was not found. Was it deleted very recently?
25/07/11 11:46:42 WARN HadoopFSUtils: The directory file:/Users/evan/Desktop/COURS/4IABD2/spark-streaming/exam_stream/exam_stream/data/halfourlydataset was not found. Was it deleted very recently?
25/07/11 11:46:44 WARN HadoopFSUtils: The directory file:/Users/evan/Desktop/COURS/4IABD2/spark-streaming/exam_stream/exam_stream/data/halfourlydataset was not found. Was it deleted very recently?
25/07/11 11:46:46 WARN HadoopFSUtils: The directory file:/Users/evan/Desktop/COURS/4IABD2/spark-streaming/exam_stream/exam_stream/data/halfourlydataset was not found. Was it deleted very recently?
25/07/11 11:46:48 WARN HadoopFSUtils: The directory file:/Users/evan/Desktop/COURS/4IABD2/spark-streaming/exam_stream/exam_stream/data/halfourlydataset was not found. Was it deleted very recently?
25/07/11 11:46:50 WARN HadoopFSUtils: The directory file:/Users/evan/Desktop/COURS/4IABD2/spark-streaming/exam_stream/exam_stream/data/halfourlydataset was not found. Was it deleted very recently?
25/07/11 11:46:52 WARN HadoopFSUtils: The directory file:/Users/evan/Desktop/COURS/4IABD2/spark-streaming/exam_stream/exam_stream/data/halfourlydataset was not found. Was it deleted very recently?
25/07/11 11:46:54 WARN HadoopFSUtils: The directory file:/Users/evan/Desktop/COURS/4IABD2/spark-streaming/exam_stream/exam_stream/data/halfourlydataset was not found. Was it deleted very recently?
25/07/11 11:46:56 WARN HadoopFSUtils: The directory file:/Users/evan/Desktop/COURS/4IABD2/spark-streaming/exam_stream/exam_stream/data/halfourlydataset was not found. Was it deleted very recently?
25/07/11 11:46:58 WARN HadoopFSUtils: The directory file:/Users/evan/Desktop/COURS/4IABD2/spark-streaming/exam_stream/exam_stream/data/halfourlydataset was not found. Was it deleted very recently?
25/07/11 11:47:00 WARN HadoopFSUtils: The directory file:/Users/evan/Desktop/COURS/4IABD2/spark-streaming/exam_stream/exam_stream/data/halfourlydataset was not found. Was it deleted very recently?
25/07/11 11:47:02 WARN HadoopFSUtils: The directory file:/Users/evan/Desktop/COURS/4IABD2/spark-streaming/exam_stream/exam_stream/data/halfourlydataset was not found. Was it deleted very recently?
25/07/11 11:47:04 WARN HadoopFSUtils: The directory file:/Users/evan/Desktop/COURS/4IABD2/spark-streaming/exam_stream/exam_stream/data/halfourlydataset was not found. Was it deleted very recently?
25/07/11 11:47:06 WARN HadoopFSUtils: The directory file:/Users/evan/Desktop/COURS/4IABD2/spark-streaming/exam_stream/exam_stream/data/halfourlydataset was not found. Was it deleted very recently?
25/07/11 11:47:08 WARN HadoopFSUtils: The directory file:/Users/evan/Desktop/COURS/4IABD2/spark-streaming/exam_stream/exam_stream/data/halfourlydataset was not found. Was it deleted very recently?
25/07/11 11:47:10 WARN HadoopFSUtils: The directory file:/Users/evan/Desktop/COURS/4IABD2/spark-streaming/exam_stream/exam_stream/data/halfourlydataset was not found. Was it deleted very recently?
25/07/11 11:47:12 WARN HadoopFSUtils: The directory file:/Users/evan/Desktop/COURS/4IABD2/spark-streaming/exam_stream/exam_stream/data/halfourlydataset was not found. Was it deleted very recently?
25/07/11 11:47:14 WARN HadoopFSUtils: The directory file:/Users/evan/Desktop/COURS/4IABD2/spark-streaming/exam_stream/exam_stream/data/halfourlydataset was not found. Was it deleted very recently?
25/07/11 11:47:16 WARN HadoopFSUtils: The directory file:/Users/evan/Desktop/COURS/4IABD2/spark-streaming/exam_stream/exam_stream/data/halfourlydataset was not found. Was it deleted very recently?
25/07/11 11:47:18 WARN HadoopFSUtils: The directory file:/Users/evan/Desktop/COURS/4IABD2/spark-streaming/exam_stream/exam_stream/data/halfourlydataset was not found. Was it deleted very recently?
25/07/11 11:47:20 WARN HadoopFSUtils: The directory file:/Users/evan/Desktop/COURS/4IABD2/spark-streaming/exam_stream/exam_stream/data/halfourlydataset was not found. Was it deleted very recently?
25/07/11 11:47:22 WARN HadoopFSUtils: The directory file:/Users/evan/Desktop/COURS/4IABD2/spark-streaming/exam_stream/exam_stream/data/halfourlydataset was not found. Was it deleted very recently?
25/07/11 11:47:24 WARN HadoopFSUtils: The directory file:/Users/evan/Desktop/COURS/4IABD2/spark-streaming/exam_stream/exam_stream/data/halfourlydataset was not found. Was it deleted very recently?
25/07/11 11:47:26 WARN HadoopFSUtils: The directory file:/Users/evan/Desktop/COURS/4IABD2/spark-streaming/exam_stream/exam_stream/data/halfourlydataset was not found. Was it deleted very recently?
25/07/11 11:47:28 WARN HadoopFSUtils: The directory file:/Users/evan/Desktop/COURS/4IABD2/spark-streaming/exam_stream/exam_stream/data/halfourlydataset was not found. Was it deleted very recently?
25/07/11 11:47:30 WARN HadoopFSUtils: The directory file:/Users/evan/Desktop/COURS/4IABD2/spark-streaming/exam_stream/exam_stream/data/halfourlydataset was not found. Was it deleted very recently?
25/07/11 11:47:32 WARN HadoopFSUtils: The directory file:/Users/evan/Desktop/COURS/4IABD2/spark-streaming/exam_stream/exam_stream/data/halfourlydataset was not found. Was it deleted very recently?
25/07/11 11:47:34 WARN HadoopFSUtils: The directory file:/Users/evan/Desktop/COURS/4IABD2/spark-streaming/exam_stream/exam_stream/data/halfourlydataset was not found. Was it deleted very recently?
25/07/11 11:47:36 WARN HadoopFSUtils: The directory file:/Users/evan/Desktop/COURS/4IABD2/spark-streaming/exam_stream/exam_stream/data/halfourlydataset was not found. Was it deleted very recently?
25/07/11 11:47:38 WARN HadoopFSUtils: The directory file:/Users/evan/Desktop/COURS/4IABD2/spark-streaming/exam_stream/exam_stream/data/halfourlydataset was not found. Was it deleted very recently?
25/07/11 11:47:40 WARN HadoopFSUtils: The directory file:/Users/evan/Desktop/COURS/4IABD2/spark-streaming/exam_stream/exam_stream/data/halfourlydataset was not found. Was it deleted very recently?
25/07/11 11:47:42 WARN HadoopFSUtils: The directory file:/Users/evan/Desktop/COURS/4IABD2/spark-streaming/exam_stream/exam_stream/data/halfourlydataset was not found. Was it deleted very recently?
25/07/11 11:47:44 WARN HadoopFSUtils: The directory file:/Users/evan/Desktop/COURS/4IABD2/spark-streaming/exam_stream/exam_stream/data/halfourlydataset was not found. Was it deleted very recently?
25/07/11 11:47:46 WARN HadoopFSUtils: The directory file:/Users/evan/Desktop/COURS/4IABD2/spark-streaming/exam_stream/exam_stream/data/halfourlydataset was not found. Was it deleted very recently?
25/07/11 11:47:48 WARN HadoopFSUtils: The directory file:/Users/evan/Desktop/COURS/4IABD2/spark-streaming/exam_stream/exam_stream/data/halfourlydataset was not found. Was it deleted very recently?
25/07/11 11:47:50 WARN HadoopFSUtils: The directory file:/Users/evan/Desktop/COURS/4IABD2/spark-streaming/exam_stream/exam_stream/data/halfourlydataset was not found. Was it deleted very recently?
25/07/11 11:47:52 WARN HadoopFSUtils: The directory file:/Users/evan/Desktop/COURS/4IABD2/spark-streaming/exam_stream/exam_stream/data/halfourlydataset was not found. Was it deleted very recently?
25/07/11 11:47:54 WARN HadoopFSUtils: The directory file:/Users/evan/Desktop/COURS/4IABD2/spark-streaming/exam_stream/exam_stream/data/halfourlydataset was not found. Was it deleted very recently?
25/07/11 11:47:56 WARN HadoopFSUtils: The directory file:/Users/evan/Desktop/COURS/4IABD2/spark-streaming/exam_stream/exam_stream/data/halfourlydataset was not found. Was it deleted very recently?
25/07/11 11:47:58 WARN HadoopFSUtils: The directory file:/Users/evan/Desktop/COURS/4IABD2/spark-streaming/exam_stream/exam_stream/data/halfourlydataset was not found. Was it deleted very recently?
25/07/11 11:48:00 WARN HadoopFSUtils: The directory file:/Users/evan/Desktop/COURS/4IABD2/spark-streaming/exam_stream/exam_stream/data/halfourlydataset was not found. Was it deleted very recently?
25/07/11 11:48:02 WARN HadoopFSUtils: The directory file:/Users/evan/Desktop/COURS/4IABD2/spark-streaming/exam_stream/exam_stream/data/halfourlydataset was not found. Was it deleted very recently?
25/07/11 11:48:04 WARN HadoopFSUtils: The directory file:/Users/evan/Desktop/COURS/4IABD2/spark-streaming/exam_stream/exam_stream/data/halfourlydataset was not found. Was it deleted very recently?
25/07/11 11:48:06 WARN HadoopFSUtils: The directory file:/Users/evan/Desktop/COURS/4IABD2/spark-streaming/exam_stream/exam_stream/data/halfourlydataset was not found. Was it deleted very recently?
25/07/11 11:48:08 WARN HadoopFSUtils: The directory file:/Users/evan/Desktop/COURS/4IABD2/spark-streaming/exam_stream/exam_stream/data/halfourlydataset was not found. Was it deleted very recently?
25/07/11 11:48:10 WARN HadoopFSUtils: The directory file:/Users/evan/Desktop/COURS/4IABD2/spark-streaming/exam_stream/exam_stream/data/halfourlydataset was not found. Was it deleted very recently?
25/07/11 11:48:12 WARN HadoopFSUtils: The directory file:/Users/evan/Desktop/COURS/4IABD2/spark-streaming/exam_stream/exam_stream/data/halfourlydataset was not found. Was it deleted very recently?
25/07/11 11:48:14 WARN HadoopFSUtils: The directory file:/Users/evan/Desktop/COURS/4IABD2/spark-streaming/exam_stream/exam_stream/data/halfourlydataset was not found. Was it deleted very recently?
25/07/11 11:48:16 WARN HadoopFSUtils: The directory file:/Users/evan/Desktop/COURS/4IABD2/spark-streaming/exam_stream/exam_stream/data/halfourlydataset was not found. Was it deleted very recently?
25/07/11 11:48:18 WARN HadoopFSUtils: The directory file:/Users/evan/Desktop/COURS/4IABD2/spark-streaming/exam_stream/exam_stream/data/halfourlydataset was not found. Was it deleted very recently?
25/07/11 11:48:20 WARN HadoopFSUtils: The directory file:/Users/evan/Desktop/COURS/4IABD2/spark-streaming/exam_stream/exam_stream/data/halfourlydataset was not found. Was it deleted very recently?
25/07/11 11:48:22 WARN HadoopFSUtils: The directory file:/Users/evan/Desktop/COURS/4IABD2/spark-streaming/exam_stream/exam_stream/data/halfourlydataset was not found. Was it deleted very recently?
25/07/11 11:48:24 WARN HadoopFSUtils: The directory file:/Users/evan/Desktop/COURS/4IABD2/spark-streaming/exam_stream/exam_stream/data/halfourlydataset was not found. Was it deleted very recently?
25/07/11 11:48:26 WARN HadoopFSUtils: The directory file:/Users/evan/Desktop/COURS/4IABD2/spark-streaming/exam_stream/exam_stream/data/halfourlydataset was not found. Was it deleted very recently?
25/07/11 11:48:28 WARN HadoopFSUtils: The directory file:/Users/evan/Desktop/COURS/4IABD2/spark-streaming/exam_stream/exam_stream/data/halfourlydataset was not found. Was it deleted very recently?
25/07/11 11:48:30 WARN HadoopFSUtils: The directory file:/Users/evan/Desktop/COURS/4IABD2/spark-streaming/exam_stream/exam_stream/data/halfourlydataset was not found. Was it deleted very recently?
25/07/11 11:48:32 WARN HadoopFSUtils: The directory file:/Users/evan/Desktop/COURS/4IABD2/spark-streaming/exam_stream/exam_stream/data/halfourlydataset was not found. Was it deleted very recently?
25/07/11 11:48:34 WARN HadoopFSUtils: The directory file:/Users/evan/Desktop/COURS/4IABD2/spark-streaming/exam_stream/exam_stream/data/halfourlydataset was not found. Was it deleted very recently?
25/07/11 11:48:36 WARN HadoopFSUtils: The directory file:/Users/evan/Desktop/COURS/4IABD2/spark-streaming/exam_stream/exam_stream/data/halfourlydataset was not found. Was it deleted very recently?
25/07/11 11:48:38 WARN HadoopFSUtils: The directory file:/Users/evan/Desktop/COURS/4IABD2/spark-streaming/exam_stream/exam_stream/data/halfourlydataset was not found. Was it deleted very recently?
25/07/11 11:48:40 WARN HadoopFSUtils: The directory file:/Users/evan/Desktop/COURS/4IABD2/spark-streaming/exam_stream/exam_stream/data/halfourlydataset was not found. Was it deleted very recently?
25/07/11 11:48:42 WARN HadoopFSUtils: The directory file:/Users/evan/Desktop/COURS/4IABD2/spark-streaming/exam_stream/exam_stream/data/halfourlydataset was not found. Was it deleted very recently?
25/07/11 11:48:44 WARN HadoopFSUtils: The directory file:/Users/evan/Desktop/COURS/4IABD2/spark-streaming/exam_stream/exam_stream/data/halfourlydataset was not found. Was it deleted very recently?
25/07/11 11:48:46 WARN HadoopFSUtils: The directory file:/Users/evan/Desktop/COURS/4IABD2/spark-streaming/exam_stream/exam_stream/data/halfourlydataset was not found. Was it deleted very recently?
25/07/11 11:48:48 WARN HadoopFSUtils: The directory file:/Users/evan/Desktop/COURS/4IABD2/spark-streaming/exam_stream/exam_stream/data/halfourlydataset was not found. Was it deleted very recently?
25/07/11 11:48:50 WARN HadoopFSUtils: The directory file:/Users/evan/Desktop/COURS/4IABD2/spark-streaming/exam_stream/exam_stream/data/halfourlydataset was not found. Was it deleted very recently?
25/07/11 11:48:52 WARN HadoopFSUtils: The directory file:/Users/evan/Desktop/COURS/4IABD2/spark-streaming/exam_stream/exam_stream/data/halfourlydataset was not found. Was it deleted very recently?
25/07/11 11:48:54 WARN HadoopFSUtils: The directory file:/Users/evan/Desktop/COURS/4IABD2/spark-streaming/exam_stream/exam_stream/data/halfourlydataset was not found. Was it deleted very recently?
25/07/11 11:48:56 WARN HadoopFSUtils: The directory file:/Users/evan/Desktop/COURS/4IABD2/spark-streaming/exam_stream/exam_stream/data/halfourlydataset was not found. Was it deleted very recently?
25/07/11 11:48:58 WARN HadoopFSUtils: The directory file:/Users/evan/Desktop/COURS/4IABD2/spark-streaming/exam_stream/exam_stream/data/halfourlydataset was not found. Was it deleted very recently?
25/07/11 11:49:00 WARN HadoopFSUtils: The directory file:/Users/evan/Desktop/COURS/4IABD2/spark-streaming/exam_stream/exam_stream/data/halfourlydataset was not found. Was it deleted very recently?
25/07/11 11:49:02 WARN HadoopFSUtils: The directory file:/Users/evan/Desktop/COURS/4IABD2/spark-streaming/exam_stream/exam_stream/data/halfourlydataset was not found. Was it deleted very recently?
25/07/11 11:49:04 WARN HadoopFSUtils: The directory file:/Users/evan/Desktop/COURS/4IABD2/spark-streaming/exam_stream/exam_stream/data/halfourlydataset was not found. Was it deleted very recently?
25/07/11 11:49:06 WARN HadoopFSUtils: The directory file:/Users/evan/Desktop/COURS/4IABD2/spark-streaming/exam_stream/exam_stream/data/halfourlydataset was not found. Was it deleted very recently?
25/07/11 11:49:08 WARN HadoopFSUtils: The directory file:/Users/evan/Desktop/COURS/4IABD2/spark-streaming/exam_stream/exam_stream/data/halfourlydataset was not found. Was it deleted very recently?
25/07/11 11:49:10 WARN HadoopFSUtils: The directory file:/Users/evan/Desktop/COURS/4IABD2/spark-streaming/exam_stream/exam_stream/data/halfourlydataset was not found. Was it deleted very recently?
25/07/11 11:49:12 WARN HadoopFSUtils: The directory file:/Users/evan/Desktop/COURS/4IABD2/spark-streaming/exam_stream/exam_stream/data/halfourlydataset was not found. Was it deleted very recently?
25/07/11 11:49:14 WARN HadoopFSUtils: The directory file:/Users/evan/Desktop/COURS/4IABD2/spark-streaming/exam_stream/exam_stream/data/halfourlydataset was not found. Was it deleted very recently?
25/07/11 11:49:16 WARN HadoopFSUtils: The directory file:/Users/evan/Desktop/COURS/4IABD2/spark-streaming/exam_stream/exam_stream/data/halfourlydataset was not found. Was it deleted very recently?
25/07/11 11:49:18 WARN HadoopFSUtils: The directory file:/Users/evan/Desktop/COURS/4IABD2/spark-streaming/exam_stream/exam_stream/data/halfourlydataset was not found. Was it deleted very recently?
25/07/11 11:49:20 WARN HadoopFSUtils: The directory file:/Users/evan/Desktop/COURS/4IABD2/spark-streaming/exam_stream/exam_stream/data/halfourlydataset was not found. Was it deleted very recently?
25/07/11 11:49:22 WARN HadoopFSUtils: The directory file:/Users/evan/Desktop/COURS/4IABD2/spark-streaming/exam_stream/exam_stream/data/halfourlydataset was not found. Was it deleted very recently?
25/07/11 11:49:24 WARN HadoopFSUtils: The directory file:/Users/evan/Desktop/COURS/4IABD2/spark-streaming/exam_stream/exam_stream/data/halfourlydataset was not found. Was it deleted very recently?
25/07/11 11:49:26 WARN HadoopFSUtils: The directory file:/Users/evan/Desktop/COURS/4IABD2/spark-streaming/exam_stream/exam_stream/data/halfourlydataset was not found. Was it deleted very recently?
25/07/11 11:49:28 WARN HadoopFSUtils: The directory file:/Users/evan/Desktop/COURS/4IABD2/spark-streaming/exam_stream/exam_stream/data/halfourlydataset was not found. Was it deleted very recently?
25/07/11 11:49:30 WARN HadoopFSUtils: The directory file:/Users/evan/Desktop/COURS/4IABD2/spark-streaming/exam_stream/exam_stream/data/halfourlydataset was not found. Was it deleted very recently?
25/07/11 11:49:32 WARN HadoopFSUtils: The directory file:/Users/evan/Desktop/COURS/4IABD2/spark-streaming/exam_stream/exam_stream/data/halfourlydataset was not found. Was it deleted very recently?
25/07/11 11:49:34 WARN HadoopFSUtils: The directory file:/Users/evan/Desktop/COURS/4IABD2/spark-streaming/exam_stream/exam_stream/data/halfourlydataset was not found. Was it deleted very recently?
25/07/11 11:49:36 WARN HadoopFSUtils: The directory file:/Users/evan/Desktop/COURS/4IABD2/spark-streaming/exam_stream/exam_stream/data/halfourlydataset was not found. Was it deleted very recently?
25/07/11 11:49:38 WARN HadoopFSUtils: The directory file:/Users/evan/Desktop/COURS/4IABD2/spark-streaming/exam_stream/exam_stream/data/halfourlydataset was not found. Was it deleted very recently?
25/07/11 11:49:40 WARN HadoopFSUtils: The directory file:/Users/evan/Desktop/COURS/4IABD2/spark-streaming/exam_stream/exam_stream/data/halfourlydataset was not found. Was it deleted very recently?
25/07/11 11:49:42 WARN HadoopFSUtils: The directory file:/Users/evan/Desktop/COURS/4IABD2/spark-streaming/exam_stream/exam_stream/data/halfourlydataset was not found. Was it deleted very recently?
25/07/11 11:49:44 WARN HadoopFSUtils: The directory file:/Users/evan/Desktop/COURS/4IABD2/spark-streaming/exam_stream/exam_stream/data/halfourlydataset was not found. Was it deleted very recently?
25/07/11 11:49:46 WARN HadoopFSUtils: The directory file:/Users/evan/Desktop/COURS/4IABD2/spark-streaming/exam_stream/exam_stream/data/halfourlydataset was not found. Was it deleted very recently?
25/07/11 11:49:48 WARN HadoopFSUtils: The directory file:/Users/evan/Desktop/COURS/4IABD2/spark-streaming/exam_stream/exam_stream/data/halfourlydataset was not found. Was it deleted very recently?
25/07/11 11:49:50 WARN HadoopFSUtils: The directory file:/Users/evan/Desktop/COURS/4IABD2/spark-streaming/exam_stream/exam_stream/data/halfourlydataset was not found. Was it deleted very recently?
25/07/11 11:49:52 WARN HadoopFSUtils: The directory file:/Users/evan/Desktop/COURS/4IABD2/spark-streaming/exam_stream/exam_stream/data/halfourlydataset was not found. Was it deleted very recently?
25/07/11 11:49:54 WARN HadoopFSUtils: The directory file:/Users/evan/Desktop/COURS/4IABD2/spark-streaming/exam_stream/exam_stream/data/halfourlydataset was not found. Was it deleted very recently?
25/07/11 11:49:56 WARN HadoopFSUtils: The directory file:/Users/evan/Desktop/COURS/4IABD2/spark-streaming/exam_stream/exam_stream/data/halfourlydataset was not found. Was it deleted very recently?
25/07/11 11:49:58 WARN HadoopFSUtils: The directory file:/Users/evan/Desktop/COURS/4IABD2/spark-streaming/exam_stream/exam_stream/data/halfourlydataset was not found. Was it deleted very recently?
25/07/11 11:50:00 WARN HadoopFSUtils: The directory file:/Users/evan/Desktop/COURS/4IABD2/spark-streaming/exam_stream/exam_stream/data/halfourlydataset was not found. Was it deleted very recently?
25/07/11 11:50:02 WARN HadoopFSUtils: The directory file:/Users/evan/Desktop/COURS/4IABD2/spark-streaming/exam_stream/exam_stream/data/halfourlydataset was not found. Was it deleted very recently?
25/07/11 11:50:04 WARN HadoopFSUtils: The directory file:/Users/evan/Desktop/COURS/4IABD2/spark-streaming/exam_stream/exam_stream/data/halfourlydataset was not found. Was it deleted very recently?
25/07/11 11:50:06 WARN HadoopFSUtils: The directory file:/Users/evan/Desktop/COURS/4IABD2/spark-streaming/exam_stream/exam_stream/data/halfourlydataset was not found. Was it deleted very recently?
25/07/11 11:50:08 WARN HadoopFSUtils: The directory file:/Users/evan/Desktop/COURS/4IABD2/spark-streaming/exam_stream/exam_stream/data/halfourlydataset was not found. Was it deleted very recently?
25/07/11 11:50:10 WARN HadoopFSUtils: The directory file:/Users/evan/Desktop/COURS/4IABD2/spark-streaming/exam_stream/exam_stream/data/halfourlydataset was not found. Was it deleted very recently?
25/07/11 11:50:12 WARN HadoopFSUtils: The directory file:/Users/evan/Desktop/COURS/4IABD2/spark-streaming/exam_stream/exam_stream/data/halfourlydataset was not found. Was it deleted very recently?
25/07/11 11:50:14 WARN HadoopFSUtils: The directory file:/Users/evan/Desktop/COURS/4IABD2/spark-streaming/exam_stream/exam_stream/data/halfourlydataset was not found. Was it deleted very recently?
25/07/11 11:50:16 WARN HadoopFSUtils: The directory file:/Users/evan/Desktop/COURS/4IABD2/spark-streaming/exam_stream/exam_stream/data/halfourlydataset was not found. Was it deleted very recently?
25/07/11 11:50:18 WARN HadoopFSUtils: The directory file:/Users/evan/Desktop/COURS/4IABD2/spark-streaming/exam_stream/exam_stream/data/halfourlydataset was not found. Was it deleted very recently?
25/07/11 11:50:20 WARN HadoopFSUtils: The directory file:/Users/evan/Desktop/COURS/4IABD2/spark-streaming/exam_stream/exam_stream/data/halfourlydataset was not found. Was it deleted very recently?
25/07/11 11:50:22 WARN HadoopFSUtils: The directory file:/Users/evan/Desktop/COURS/4IABD2/spark-streaming/exam_stream/exam_stream/data/halfourlydataset was not found. Was it deleted very recently?
25/07/11 11:50:24 WARN HadoopFSUtils: The directory file:/Users/evan/Desktop/COURS/4IABD2/spark-streaming/exam_stream/exam_stream/data/halfourlydataset was not found. Was it deleted very recently?
25/07/11 11:50:26 WARN HadoopFSUtils: The directory file:/Users/evan/Desktop/COURS/4IABD2/spark-streaming/exam_stream/exam_stream/data/halfourlydataset was not found. Was it deleted very recently?
25/07/11 11:50:28 WARN HadoopFSUtils: The directory file:/Users/evan/Desktop/COURS/4IABD2/spark-streaming/exam_stream/exam_stream/data/halfourlydataset was not found. Was it deleted very recently?
25/07/11 11:50:30 WARN HadoopFSUtils: The directory file:/Users/evan/Desktop/COURS/4IABD2/spark-streaming/exam_stream/exam_stream/data/halfourlydataset was not found. Was it deleted very recently?
25/07/11 11:50:32 WARN HadoopFSUtils: The directory file:/Users/evan/Desktop/COURS/4IABD2/spark-streaming/exam_stream/exam_stream/data/halfourlydataset was not found. Was it deleted very recently?
25/07/11 11:50:34 WARN HadoopFSUtils: The directory file:/Users/evan/Desktop/COURS/4IABD2/spark-streaming/exam_stream/exam_stream/data/halfourlydataset was not found. Was it deleted very recently?
25/07/11 11:50:36 WARN HadoopFSUtils: The directory file:/Users/evan/Desktop/COURS/4IABD2/spark-streaming/exam_stream/exam_stream/data/halfourlydataset was not found. Was it deleted very recently?
25/07/11 11:50:38 WARN HadoopFSUtils: The directory file:/Users/evan/Desktop/COURS/4IABD2/spark-streaming/exam_stream/exam_stream/data/halfourlydataset was not found. Was it deleted very recently?
25/07/11 11:50:40 WARN HadoopFSUtils: The directory file:/Users/evan/Desktop/COURS/4IABD2/spark-streaming/exam_stream/exam_stream/data/halfourlydataset was not found. Was it deleted very recently?
25/07/11 11:50:42 WARN HadoopFSUtils: The directory file:/Users/evan/Desktop/COURS/4IABD2/spark-streaming/exam_stream/exam_stream/data/halfourlydataset was not found. Was it deleted very recently?
25/07/11 11:50:44 WARN HadoopFSUtils: The directory file:/Users/evan/Desktop/COURS/4IABD2/spark-streaming/exam_stream/exam_stream/data/halfourlydataset was not found. Was it deleted very recently?
25/07/11 11:50:46 WARN HadoopFSUtils: The directory file:/Users/evan/Desktop/COURS/4IABD2/spark-streaming/exam_stream/exam_stream/data/halfourlydataset was not found. Was it deleted very recently?
25/07/11 11:50:48 WARN HadoopFSUtils: The directory file:/Users/evan/Desktop/COURS/4IABD2/spark-streaming/exam_stream/exam_stream/data/halfourlydataset was not found. Was it deleted very recently?
25/07/11 11:50:50 WARN HadoopFSUtils: The directory file:/Users/evan/Desktop/COURS/4IABD2/spark-streaming/exam_stream/exam_stream/data/halfourlydataset was not found. Was it deleted very recently?
25/07/11 11:50:52 WARN HadoopFSUtils: The directory file:/Users/evan/Desktop/COURS/4IABD2/spark-streaming/exam_stream/exam_stream/data/halfourlydataset was not found. Was it deleted very recently?
25/07/11 11:50:54 WARN HadoopFSUtils: The directory file:/Users/evan/Desktop/COURS/4IABD2/spark-streaming/exam_stream/exam_stream/data/halfourlydataset was not found. Was it deleted very recently?
25/07/11 11:50:56 WARN HadoopFSUtils: The directory file:/Users/evan/Desktop/COURS/4IABD2/spark-streaming/exam_stream/exam_stream/data/halfourlydataset was not found. Was it deleted very recently?
25/07/11 11:50:58 WARN HadoopFSUtils: The directory file:/Users/evan/Desktop/COURS/4IABD2/spark-streaming/exam_stream/exam_stream/data/halfourlydataset was not found. Was it deleted very recently?
25/07/11 11:51:00 WARN HadoopFSUtils: The directory file:/Users/evan/Desktop/COURS/4IABD2/spark-streaming/exam_stream/exam_stream/data/halfourlydataset was not found. Was it deleted very recently?
25/07/11 11:51:02 WARN HadoopFSUtils: The directory file:/Users/evan/Desktop/COURS/4IABD2/spark-streaming/exam_stream/exam_stream/data/halfourlydataset was not found. Was it deleted very recently?
25/07/11 11:51:04 WARN HadoopFSUtils: The directory file:/Users/evan/Desktop/COURS/4IABD2/spark-streaming/exam_stream/exam_stream/data/halfourlydataset was not found. Was it deleted very recently?
25/07/11 11:51:06 WARN HadoopFSUtils: The directory file:/Users/evan/Desktop/COURS/4IABD2/spark-streaming/exam_stream/exam_stream/data/halfourlydataset was not found. Was it deleted very recently?
25/07/11 11:51:08 WARN HadoopFSUtils: The directory file:/Users/evan/Desktop/COURS/4IABD2/spark-streaming/exam_stream/exam_stream/data/halfourlydataset was not found. Was it deleted very recently?
25/07/11 11:51:10 WARN HadoopFSUtils: The directory file:/Users/evan/Desktop/COURS/4IABD2/spark-streaming/exam_stream/exam_stream/data/halfourlydataset was not found. Was it deleted very recently?
25/07/11 11:51:12 WARN HadoopFSUtils: The directory file:/Users/evan/Desktop/COURS/4IABD2/spark-streaming/exam_stream/exam_stream/data/halfourlydataset was not found. Was it deleted very recently?
25/07/11 11:51:14 WARN HadoopFSUtils: The directory file:/Users/evan/Desktop/COURS/4IABD2/spark-streaming/exam_stream/exam_stream/data/halfourlydataset was not found. Was it deleted very recently?
25/07/11 11:51:16 WARN HadoopFSUtils: The directory file:/Users/evan/Desktop/COURS/4IABD2/spark-streaming/exam_stream/exam_stream/data/halfourlydataset was not found. Was it deleted very recently?
25/07/11 11:51:18 WARN HadoopFSUtils: The directory file:/Users/evan/Desktop/COURS/4IABD2/spark-streaming/exam_stream/exam_stream/data/halfourlydataset was not found. Was it deleted very recently?
25/07/11 11:51:20 WARN HadoopFSUtils: The directory file:/Users/evan/Desktop/COURS/4IABD2/spark-streaming/exam_stream/exam_stream/data/halfourlydataset was not found. Was it deleted very recently?
25/07/11 11:51:22 WARN HadoopFSUtils: The directory file:/Users/evan/Desktop/COURS/4IABD2/spark-streaming/exam_stream/exam_stream/data/halfourlydataset was not found. Was it deleted very recently?
25/07/11 11:51:24 WARN HadoopFSUtils: The directory file:/Users/evan/Desktop/COURS/4IABD2/spark-streaming/exam_stream/exam_stream/data/halfourlydataset was not found. Was it deleted very recently?
25/07/11 11:51:26 WARN HadoopFSUtils: The directory file:/Users/evan/Desktop/COURS/4IABD2/spark-streaming/exam_stream/exam_stream/data/halfourlydataset was not found. Was it deleted very recently?
25/07/11 11:51:28 WARN HadoopFSUtils: The directory file:/Users/evan/Desktop/COURS/4IABD2/spark-streaming/exam_stream/exam_stream/data/halfourlydataset was not found. Was it deleted very recently?
25/07/11 11:51:30 WARN HadoopFSUtils: The directory file:/Users/evan/Desktop/COURS/4IABD2/spark-streaming/exam_stream/exam_stream/data/halfourlydataset was not found. Was it deleted very recently?
25/07/11 11:51:32 WARN HadoopFSUtils: The directory file:/Users/evan/Desktop/COURS/4IABD2/spark-streaming/exam_stream/exam_stream/data/halfourlydataset was not found. Was it deleted very recently?
25/07/11 11:51:34 WARN HadoopFSUtils: The directory file:/Users/evan/Desktop/COURS/4IABD2/spark-streaming/exam_stream/exam_stream/data/halfourlydataset was not found. Was it deleted very recently?
25/07/11 11:51:36 WARN HadoopFSUtils: The directory file:/Users/evan/Desktop/COURS/4IABD2/spark-streaming/exam_stream/exam_stream/data/halfourlydataset was not found. Was it deleted very recently?
25/07/11 11:51:38 WARN HadoopFSUtils: The directory file:/Users/evan/Desktop/COURS/4IABD2/spark-streaming/exam_stream/exam_stream/data/halfourlydataset was not found. Was it deleted very recently?
25/07/11 11:51:40 WARN HadoopFSUtils: The directory file:/Users/evan/Desktop/COURS/4IABD2/spark-streaming/exam_stream/exam_stream/data/halfourlydataset was not found. Was it deleted very recently?
25/07/11 11:51:42 WARN HadoopFSUtils: The directory file:/Users/evan/Desktop/COURS/4IABD2/spark-streaming/exam_stream/exam_stream/data/halfourlydataset was not found. Was it deleted very recently?
25/07/11 11:51:44 WARN HadoopFSUtils: The directory file:/Users/evan/Desktop/COURS/4IABD2/spark-streaming/exam_stream/exam_stream/data/halfourlydataset was not found. Was it deleted very recently?
25/07/11 11:51:46 WARN HadoopFSUtils: The directory file:/Users/evan/Desktop/COURS/4IABD2/spark-streaming/exam_stream/exam_stream/data/halfourlydataset was not found. Was it deleted very recently?
25/07/11 11:51:48 WARN HadoopFSUtils: The directory file:/Users/evan/Desktop/COURS/4IABD2/spark-streaming/exam_stream/exam_stream/data/halfourlydataset was not found. Was it deleted very recently?
25/07/11 11:51:50 WARN HadoopFSUtils: The directory file:/Users/evan/Desktop/COURS/4IABD2/spark-streaming/exam_stream/exam_stream/data/halfourlydataset was not found. Was it deleted very recently?
25/07/11 11:51:52 WARN HadoopFSUtils: The directory file:/Users/evan/Desktop/COURS/4IABD2/spark-streaming/exam_stream/exam_stream/data/halfourlydataset was not found. Was it deleted very recently?
25/07/11 11:51:54 WARN HadoopFSUtils: The directory file:/Users/evan/Desktop/COURS/4IABD2/spark-streaming/exam_stream/exam_stream/data/halfourlydataset was not found. Was it deleted very recently?
25/07/11 11:51:56 WARN HadoopFSUtils: The directory file:/Users/evan/Desktop/COURS/4IABD2/spark-streaming/exam_stream/exam_stream/data/halfourlydataset was not found. Was it deleted very recently?
25/07/11 11:51:58 WARN HadoopFSUtils: The directory file:/Users/evan/Desktop/COURS/4IABD2/spark-streaming/exam_stream/exam_stream/data/halfourlydataset was not found. Was it deleted very recently?
25/07/11 11:52:00 WARN HadoopFSUtils: The directory file:/Users/evan/Desktop/COURS/4IABD2/spark-streaming/exam_stream/exam_stream/data/halfourlydataset was not found. Was it deleted very recently?
25/07/11 11:52:02 WARN HadoopFSUtils: The directory file:/Users/evan/Desktop/COURS/4IABD2/spark-streaming/exam_stream/exam_stream/data/halfourlydataset was not found. Was it deleted very recently?
25/07/11 11:52:04 WARN HadoopFSUtils: The directory file:/Users/evan/Desktop/COURS/4IABD2/spark-streaming/exam_stream/exam_stream/data/halfourlydataset was not found. Was it deleted very recently?
25/07/11 11:52:06 WARN HadoopFSUtils: The directory file:/Users/evan/Desktop/COURS/4IABD2/spark-streaming/exam_stream/exam_stream/data/halfourlydataset was not found. Was it deleted very recently?
25/07/11 11:52:08 WARN HadoopFSUtils: The directory file:/Users/evan/Desktop/COURS/4IABD2/spark-streaming/exam_stream/exam_stream/data/halfourlydataset was not found. Was it deleted very recently?
25/07/11 11:52:10 WARN HadoopFSUtils: The directory file:/Users/evan/Desktop/COURS/4IABD2/spark-streaming/exam_stream/exam_stream/data/halfourlydataset was not found. Was it deleted very recently?
25/07/11 11:52:12 WARN HadoopFSUtils: The directory file:/Users/evan/Desktop/COURS/4IABD2/spark-streaming/exam_stream/exam_stream/data/halfourlydataset was not found. Was it deleted very recently?
25/07/11 11:52:14 WARN HadoopFSUtils: The directory file:/Users/evan/Desktop/COURS/4IABD2/spark-streaming/exam_stream/exam_stream/data/halfourlydataset was not found. Was it deleted very recently?
25/07/11 11:52:16 WARN HadoopFSUtils: The directory file:/Users/evan/Desktop/COURS/4IABD2/spark-streaming/exam_stream/exam_stream/data/halfourlydataset was not found. Was it deleted very recently?
25/07/11 11:52:18 WARN HadoopFSUtils: The directory file:/Users/evan/Desktop/COURS/4IABD2/spark-streaming/exam_stream/exam_stream/data/halfourlydataset was not found. Was it deleted very recently?
25/07/11 11:52:20 WARN HadoopFSUtils: The directory file:/Users/evan/Desktop/COURS/4IABD2/spark-streaming/exam_stream/exam_stream/data/halfourlydataset was not found. Was it deleted very recently?
25/07/11 11:52:22 WARN HadoopFSUtils: The directory file:/Users/evan/Desktop/COURS/4IABD2/spark-streaming/exam_stream/exam_stream/data/halfourlydataset was not found. Was it deleted very recently?
25/07/11 11:52:24 WARN HadoopFSUtils: The directory file:/Users/evan/Desktop/COURS/4IABD2/spark-streaming/exam_stream/exam_stream/data/halfourlydataset was not found. Was it deleted very recently?
25/07/11 11:52:26 WARN HadoopFSUtils: The directory file:/Users/evan/Desktop/COURS/4IABD2/spark-streaming/exam_stream/exam_stream/data/halfourlydataset was not found. Was it deleted very recently?
25/07/11 11:52:28 WARN HadoopFSUtils: The directory file:/Users/evan/Desktop/COURS/4IABD2/spark-streaming/exam_stream/exam_stream/data/halfourlydataset was not found. Was it deleted very recently?
25/07/11 11:52:30 WARN HadoopFSUtils: The directory file:/Users/evan/Desktop/COURS/4IABD2/spark-streaming/exam_stream/exam_stream/data/halfourlydataset was not found. Was it deleted very recently?
25/07/11 11:52:32 WARN HadoopFSUtils: The directory file:/Users/evan/Desktop/COURS/4IABD2/spark-streaming/exam_stream/exam_stream/data/halfourlydataset was not found. Was it deleted very recently?
25/07/11 11:52:34 WARN HadoopFSUtils: The directory file:/Users/evan/Desktop/COURS/4IABD2/spark-streaming/exam_stream/exam_stream/data/halfourlydataset was not found. Was it deleted very recently?
25/07/11 11:52:36 WARN HadoopFSUtils: The directory file:/Users/evan/Desktop/COURS/4IABD2/spark-streaming/exam_stream/exam_stream/data/halfourlydataset was not found. Was it deleted very recently?
25/07/11 11:52:38 WARN HadoopFSUtils: The directory file:/Users/evan/Desktop/COURS/4IABD2/spark-streaming/exam_stream/exam_stream/data/halfourlydataset was not found. Was it deleted very recently?
25/07/11 11:52:40 WARN HadoopFSUtils: The directory file:/Users/evan/Desktop/COURS/4IABD2/spark-streaming/exam_stream/exam_stream/data/halfourlydataset was not found. Was it deleted very recently?
25/07/11 11:52:42 WARN HadoopFSUtils: The directory file:/Users/evan/Desktop/COURS/4IABD2/spark-streaming/exam_stream/exam_stream/data/halfourlydataset was not found. Was it deleted very recently?
25/07/11 11:52:44 WARN HadoopFSUtils: The directory file:/Users/evan/Desktop/COURS/4IABD2/spark-streaming/exam_stream/exam_stream/data/halfourlydataset was not found. Was it deleted very recently?
25/07/11 11:52:46 WARN HadoopFSUtils: The directory file:/Users/evan/Desktop/COURS/4IABD2/spark-streaming/exam_stream/exam_stream/data/halfourlydataset was not found. Was it deleted very recently?
25/07/11 11:52:48 WARN HadoopFSUtils: The directory file:/Users/evan/Desktop/COURS/4IABD2/spark-streaming/exam_stream/exam_stream/data/halfourlydataset was not found. Was it deleted very recently?
25/07/11 11:52:50 WARN HadoopFSUtils: The directory file:/Users/evan/Desktop/COURS/4IABD2/spark-streaming/exam_stream/exam_stream/data/halfourlydataset was not found. Was it deleted very recently?
25/07/11 11:52:52 WARN HadoopFSUtils: The directory file:/Users/evan/Desktop/COURS/4IABD2/spark-streaming/exam_stream/exam_stream/data/halfourlydataset was not found. Was it deleted very recently?
25/07/11 11:52:54 WARN HadoopFSUtils: The directory file:/Users/evan/Desktop/COURS/4IABD2/spark-streaming/exam_stream/exam_stream/data/halfourlydataset was not found. Was it deleted very recently?
25/07/11 11:52:56 WARN HadoopFSUtils: The directory file:/Users/evan/Desktop/COURS/4IABD2/spark-streaming/exam_stream/exam_stream/data/halfourlydataset was not found. Was it deleted very recently?
25/07/11 11:52:58 WARN HadoopFSUtils: The directory file:/Users/evan/Desktop/COURS/4IABD2/spark-streaming/exam_stream/exam_stream/data/halfourlydataset was not found. Was it deleted very recently?
25/07/11 11:53:00 WARN HadoopFSUtils: The directory file:/Users/evan/Desktop/COURS/4IABD2/spark-streaming/exam_stream/exam_stream/data/halfourlydataset was not found. Was it deleted very recently?
25/07/11 11:53:02 WARN HadoopFSUtils: The directory file:/Users/evan/Desktop/COURS/4IABD2/spark-streaming/exam_stream/exam_stream/data/halfourlydataset was not found. Was it deleted very recently?
25/07/11 11:53:04 WARN HadoopFSUtils: The directory file:/Users/evan/Desktop/COURS/4IABD2/spark-streaming/exam_stream/exam_stream/data/halfourlydataset was not found. Was it deleted very recently?
25/07/11 11:53:06 WARN HadoopFSUtils: The directory file:/Users/evan/Desktop/COURS/4IABD2/spark-streaming/exam_stream/exam_stream/data/halfourlydataset was not found. Was it deleted very recently?
25/07/11 11:53:08 WARN HadoopFSUtils: The directory file:/Users/evan/Desktop/COURS/4IABD2/spark-streaming/exam_stream/exam_stream/data/halfourlydataset was not found. Was it deleted very recently?
25/07/11 11:53:10 WARN HadoopFSUtils: The directory file:/Users/evan/Desktop/COURS/4IABD2/spark-streaming/exam_stream/exam_stream/data/halfourlydataset was not found. Was it deleted very recently?
25/07/11 11:53:12 WARN HadoopFSUtils: The directory file:/Users/evan/Desktop/COURS/4IABD2/spark-streaming/exam_stream/exam_stream/data/halfourlydataset was not found. Was it deleted very recently?
25/07/11 11:53:14 WARN HadoopFSUtils: The directory file:/Users/evan/Desktop/COURS/4IABD2/spark-streaming/exam_stream/exam_stream/data/halfourlydataset was not found. Was it deleted very recently?
25/07/11 11:53:16 WARN HadoopFSUtils: The directory file:/Users/evan/Desktop/COURS/4IABD2/spark-streaming/exam_stream/exam_stream/data/halfourlydataset was not found. Was it deleted very recently?
25/07/11 11:53:18 WARN HadoopFSUtils: The directory file:/Users/evan/Desktop/COURS/4IABD2/spark-streaming/exam_stream/exam_stream/data/halfourlydataset was not found. Was it deleted very recently?
25/07/11 11:53:20 WARN HadoopFSUtils: The directory file:/Users/evan/Desktop/COURS/4IABD2/spark-streaming/exam_stream/exam_stream/data/halfourlydataset was not found. Was it deleted very recently?
25/07/11 11:53:22 WARN HadoopFSUtils: The directory file:/Users/evan/Desktop/COURS/4IABD2/spark-streaming/exam_stream/exam_stream/data/halfourlydataset was not found. Was it deleted very recently?
25/07/11 11:53:24 WARN HadoopFSUtils: The directory file:/Users/evan/Desktop/COURS/4IABD2/spark-streaming/exam_stream/exam_stream/data/halfourlydataset was not found. Was it deleted very recently?
25/07/11 11:53:26 WARN HadoopFSUtils: The directory file:/Users/evan/Desktop/COURS/4IABD2/spark-streaming/exam_stream/exam_stream/data/halfourlydataset was not found. Was it deleted very recently?
25/07/11 11:53:28 WARN HadoopFSUtils: The directory file:/Users/evan/Desktop/COURS/4IABD2/spark-streaming/exam_stream/exam_stream/data/halfourlydataset was not found. Was it deleted very recently?
25/07/11 11:53:30 WARN HadoopFSUtils: The directory file:/Users/evan/Desktop/COURS/4IABD2/spark-streaming/exam_stream/exam_stream/data/halfourlydataset was not found. Was it deleted very recently?
25/07/11 11:53:32 WARN HadoopFSUtils: The directory file:/Users/evan/Desktop/COURS/4IABD2/spark-streaming/exam_stream/exam_stream/data/halfourlydataset was not found. Was it deleted very recently?
25/07/11 11:53:34 WARN HadoopFSUtils: The directory file:/Users/evan/Desktop/COURS/4IABD2/spark-streaming/exam_stream/exam_stream/data/halfourlydataset was not found. Was it deleted very recently?
25/07/11 11:53:36 WARN HadoopFSUtils: The directory file:/Users/evan/Desktop/COURS/4IABD2/spark-streaming/exam_stream/exam_stream/data/halfourlydataset was not found. Was it deleted very recently?
25/07/11 11:53:38 WARN HadoopFSUtils: The directory file:/Users/evan/Desktop/COURS/4IABD2/spark-streaming/exam_stream/exam_stream/data/halfourlydataset was not found. Was it deleted very recently?
25/07/11 11:53:40 WARN HadoopFSUtils: The directory file:/Users/evan/Desktop/COURS/4IABD2/spark-streaming/exam_stream/exam_stream/data/halfourlydataset was not found. Was it deleted very recently?
25/07/11 11:53:42 WARN HadoopFSUtils: The directory file:/Users/evan/Desktop/COURS/4IABD2/spark-streaming/exam_stream/exam_stream/data/halfourlydataset was not found. Was it deleted very recently?
25/07/11 11:53:44 WARN HadoopFSUtils: The directory file:/Users/evan/Desktop/COURS/4IABD2/spark-streaming/exam_stream/exam_stream/data/halfourlydataset was not found. Was it deleted very recently?
25/07/11 11:53:46 WARN HadoopFSUtils: The directory file:/Users/evan/Desktop/COURS/4IABD2/spark-streaming/exam_stream/exam_stream/data/halfourlydataset was not found. Was it deleted very recently?
25/07/11 11:53:48 WARN HadoopFSUtils: The directory file:/Users/evan/Desktop/COURS/4IABD2/spark-streaming/exam_stream/exam_stream/data/halfourlydataset was not found. Was it deleted very recently?
25/07/11 11:53:50 WARN HadoopFSUtils: The directory file:/Users/evan/Desktop/COURS/4IABD2/spark-streaming/exam_stream/exam_stream/data/halfourlydataset was not found. Was it deleted very recently?
25/07/11 11:53:52 WARN HadoopFSUtils: The directory file:/Users/evan/Desktop/COURS/4IABD2/spark-streaming/exam_stream/exam_stream/data/halfourlydataset was not found. Was it deleted very recently?
25/07/11 11:53:54 WARN HadoopFSUtils: The directory file:/Users/evan/Desktop/COURS/4IABD2/spark-streaming/exam_stream/exam_stream/data/halfourlydataset was not found. Was it deleted very recently?
25/07/11 11:53:56 WARN HadoopFSUtils: The directory file:/Users/evan/Desktop/COURS/4IABD2/spark-streaming/exam_stream/exam_stream/data/halfourlydataset was not found. Was it deleted very recently?
25/07/11 11:53:58 WARN HadoopFSUtils: The directory file:/Users/evan/Desktop/COURS/4IABD2/spark-streaming/exam_stream/exam_stream/data/halfourlydataset was not found. Was it deleted very recently?
25/07/11 11:54:00 WARN HadoopFSUtils: The directory file:/Users/evan/Desktop/COURS/4IABD2/spark-streaming/exam_stream/exam_stream/data/halfourlydataset was not found. Was it deleted very recently?
25/07/11 11:54:02 WARN HadoopFSUtils: The directory file:/Users/evan/Desktop/COURS/4IABD2/spark-streaming/exam_stream/exam_stream/data/halfourlydataset was not found. Was it deleted very recently?
25/07/11 11:54:04 WARN HadoopFSUtils: The directory file:/Users/evan/Desktop/COURS/4IABD2/spark-streaming/exam_stream/exam_stream/data/halfourlydataset was not found. Was it deleted very recently?
25/07/11 11:54:06 WARN HadoopFSUtils: The directory file:/Users/evan/Desktop/COURS/4IABD2/spark-streaming/exam_stream/exam_stream/data/halfourlydataset was not found. Was it deleted very recently?
25/07/11 11:54:08 WARN HadoopFSUtils: The directory file:/Users/evan/Desktop/COURS/4IABD2/spark-streaming/exam_stream/exam_stream/data/halfourlydataset was not found. Was it deleted very recently?
25/07/11 11:54:10 WARN HadoopFSUtils: The directory file:/Users/evan/Desktop/COURS/4IABD2/spark-streaming/exam_stream/exam_stream/data/halfourlydataset was not found. Was it deleted very recently?
25/07/11 11:54:12 WARN HadoopFSUtils: The directory file:/Users/evan/Desktop/COURS/4IABD2/spark-streaming/exam_stream/exam_stream/data/halfourlydataset was not found. Was it deleted very recently?
25/07/11 11:54:14 WARN HadoopFSUtils: The directory file:/Users/evan/Desktop/COURS/4IABD2/spark-streaming/exam_stream/exam_stream/data/halfourlydataset was not found. Was it deleted very recently?
25/07/11 11:54:16 WARN HadoopFSUtils: The directory file:/Users/evan/Desktop/COURS/4IABD2/spark-streaming/exam_stream/exam_stream/data/halfourlydataset was not found. Was it deleted very recently?
25/07/11 11:54:18 WARN HadoopFSUtils: The directory file:/Users/evan/Desktop/COURS/4IABD2/spark-streaming/exam_stream/exam_stream/data/halfourlydataset was not found. Was it deleted very recently?
25/07/11 11:54:20 WARN HadoopFSUtils: The directory file:/Users/evan/Desktop/COURS/4IABD2/spark-streaming/exam_stream/exam_stream/data/halfourlydataset was not found. Was it deleted very recently?
25/07/11 11:54:22 WARN HadoopFSUtils: The directory file:/Users/evan/Desktop/COURS/4IABD2/spark-streaming/exam_stream/exam_stream/data/halfourlydataset was not found. Was it deleted very recently?
25/07/11 11:54:24 WARN HadoopFSUtils: The directory file:/Users/evan/Desktop/COURS/4IABD2/spark-streaming/exam_stream/exam_stream/data/halfourlydataset was not found. Was it deleted very recently?
25/07/11 11:54:26 WARN HadoopFSUtils: The directory file:/Users/evan/Desktop/COURS/4IABD2/spark-streaming/exam_stream/exam_stream/data/halfourlydataset was not found. Was it deleted very recently?
25/07/11 11:54:28 WARN HadoopFSUtils: The directory file:/Users/evan/Desktop/COURS/4IABD2/spark-streaming/exam_stream/exam_stream/data/halfourlydataset was not found. Was it deleted very recently?
25/07/11 11:54:30 WARN HadoopFSUtils: The directory file:/Users/evan/Desktop/COURS/4IABD2/spark-streaming/exam_stream/exam_stream/data/halfourlydataset was not found. Was it deleted very recently?
25/07/11 11:54:32 WARN HadoopFSUtils: The directory file:/Users/evan/Desktop/COURS/4IABD2/spark-streaming/exam_stream/exam_stream/data/halfourlydataset was not found. Was it deleted very recently?
25/07/11 11:54:34 WARN HadoopFSUtils: The directory file:/Users/evan/Desktop/COURS/4IABD2/spark-streaming/exam_stream/exam_stream/data/halfourlydataset was not found. Was it deleted very recently?
25/07/11 11:54:36 WARN HadoopFSUtils: The directory file:/Users/evan/Desktop/COURS/4IABD2/spark-streaming/exam_stream/exam_stream/data/halfourlydataset was not found. Was it deleted very recently?
25/07/11 11:54:38 WARN HadoopFSUtils: The directory file:/Users/evan/Desktop/COURS/4IABD2/spark-streaming/exam_stream/exam_stream/data/halfourlydataset was not found. Was it deleted very recently?
25/07/11 11:54:40 WARN HadoopFSUtils: The directory file:/Users/evan/Desktop/COURS/4IABD2/spark-streaming/exam_stream/exam_stream/data/halfourlydataset was not found. Was it deleted very recently?
25/07/11 11:54:42 WARN HadoopFSUtils: The directory file:/Users/evan/Desktop/COURS/4IABD2/spark-streaming/exam_stream/exam_stream/data/halfourlydataset was not found. Was it deleted very recently?
25/07/11 11:54:44 WARN HadoopFSUtils: The directory file:/Users/evan/Desktop/COURS/4IABD2/spark-streaming/exam_stream/exam_stream/data/halfourlydataset was not found. Was it deleted very recently?
25/07/11 11:54:46 WARN HadoopFSUtils: The directory file:/Users/evan/Desktop/COURS/4IABD2/spark-streaming/exam_stream/exam_stream/data/halfourlydataset was not found. Was it deleted very recently?
25/07/11 11:54:48 WARN HadoopFSUtils: The directory file:/Users/evan/Desktop/COURS/4IABD2/spark-streaming/exam_stream/exam_stream/data/halfourlydataset was not found. Was it deleted very recently?
25/07/11 11:54:50 WARN HadoopFSUtils: The directory file:/Users/evan/Desktop/COURS/4IABD2/spark-streaming/exam_stream/exam_stream/data/halfourlydataset was not found. Was it deleted very recently?
25/07/11 11:54:52 WARN HadoopFSUtils: The directory file:/Users/evan/Desktop/COURS/4IABD2/spark-streaming/exam_stream/exam_stream/data/halfourlydataset was not found. Was it deleted very recently?
25/07/11 11:54:54 WARN HadoopFSUtils: The directory file:/Users/evan/Desktop/COURS/4IABD2/spark-streaming/exam_stream/exam_stream/data/halfourlydataset was not found. Was it deleted very recently?
25/07/11 11:54:56 WARN HadoopFSUtils: The directory file:/Users/evan/Desktop/COURS/4IABD2/spark-streaming/exam_stream/exam_stream/data/halfourlydataset was not found. Was it deleted very recently?
25/07/11 11:54:58 WARN HadoopFSUtils: The directory file:/Users/evan/Desktop/COURS/4IABD2/spark-streaming/exam_stream/exam_stream/data/halfourlydataset was not found. Was it deleted very recently?
25/07/11 11:55:00 WARN HadoopFSUtils: The directory file:/Users/evan/Desktop/COURS/4IABD2/spark-streaming/exam_stream/exam_stream/data/halfourlydataset was not found. Was it deleted very recently?
25/07/11 11:55:02 WARN HadoopFSUtils: The directory file:/Users/evan/Desktop/COURS/4IABD2/spark-streaming/exam_stream/exam_stream/data/halfourlydataset was not found. Was it deleted very recently?
25/07/11 11:55:04 WARN HadoopFSUtils: The directory file:/Users/evan/Desktop/COURS/4IABD2/spark-streaming/exam_stream/exam_stream/data/halfourlydataset was not found. Was it deleted very recently?
25/07/11 11:55:06 WARN HadoopFSUtils: The directory file:/Users/evan/Desktop/COURS/4IABD2/spark-streaming/exam_stream/exam_stream/data/halfourlydataset was not found. Was it deleted very recently?
25/07/11 11:55:08 WARN HadoopFSUtils: The directory file:/Users/evan/Desktop/COURS/4IABD2/spark-streaming/exam_stream/exam_stream/data/halfourlydataset was not found. Was it deleted very recently?
25/07/11 11:55:10 WARN HadoopFSUtils: The directory file:/Users/evan/Desktop/COURS/4IABD2/spark-streaming/exam_stream/exam_stream/data/halfourlydataset was not found. Was it deleted very recently?
25/07/11 11:55:12 WARN HadoopFSUtils: The directory file:/Users/evan/Desktop/COURS/4IABD2/spark-streaming/exam_stream/exam_stream/data/halfourlydataset was not found. Was it deleted very recently?
25/07/11 11:55:14 WARN HadoopFSUtils: The directory file:/Users/evan/Desktop/COURS/4IABD2/spark-streaming/exam_stream/exam_stream/data/halfourlydataset was not found. Was it deleted very recently?
25/07/11 11:55:16 WARN HadoopFSUtils: The directory file:/Users/evan/Desktop/COURS/4IABD2/spark-streaming/exam_stream/exam_stream/data/halfourlydataset was not found. Was it deleted very recently?
25/07/11 11:55:18 WARN HadoopFSUtils: The directory file:/Users/evan/Desktop/COURS/4IABD2/spark-streaming/exam_stream/exam_stream/data/halfourlydataset was not found. Was it deleted very recently?
25/07/11 11:55:20 WARN HadoopFSUtils: The directory file:/Users/evan/Desktop/COURS/4IABD2/spark-streaming/exam_stream/exam_stream/data/halfourlydataset was not found. Was it deleted very recently?
25/07/11 11:55:22 WARN HadoopFSUtils: The directory file:/Users/evan/Desktop/COURS/4IABD2/spark-streaming/exam_stream/exam_stream/data/halfourlydataset was not found. Was it deleted very recently?
25/07/11 11:55:24 WARN HadoopFSUtils: The directory file:/Users/evan/Desktop/COURS/4IABD2/spark-streaming/exam_stream/exam_stream/data/halfourlydataset was not found. Was it deleted very recently?
25/07/11 11:55:26 WARN HadoopFSUtils: The directory file:/Users/evan/Desktop/COURS/4IABD2/spark-streaming/exam_stream/exam_stream/data/halfourlydataset was not found. Was it deleted very recently?
25/07/11 11:55:28 WARN HadoopFSUtils: The directory file:/Users/evan/Desktop/COURS/4IABD2/spark-streaming/exam_stream/exam_stream/data/halfourlydataset was not found. Was it deleted very recently?
25/07/11 11:55:30 WARN HadoopFSUtils: The directory file:/Users/evan/Desktop/COURS/4IABD2/spark-streaming/exam_stream/exam_stream/data/halfourlydataset was not found. Was it deleted very recently?
25/07/11 11:55:32 WARN HadoopFSUtils: The directory file:/Users/evan/Desktop/COURS/4IABD2/spark-streaming/exam_stream/exam_stream/data/halfourlydataset was not found. Was it deleted very recently?
25/07/11 11:55:34 WARN HadoopFSUtils: The directory file:/Users/evan/Desktop/COURS/4IABD2/spark-streaming/exam_stream/exam_stream/data/halfourlydataset was not found. Was it deleted very recently?
25/07/11 11:55:36 WARN HadoopFSUtils: The directory file:/Users/evan/Desktop/COURS/4IABD2/spark-streaming/exam_stream/exam_stream/data/halfourlydataset was not found. Was it deleted very recently?
25/07/11 11:55:38 WARN HadoopFSUtils: The directory file:/Users/evan/Desktop/COURS/4IABD2/spark-streaming/exam_stream/exam_stream/data/halfourlydataset was not found. Was it deleted very recently?
25/07/11 11:55:40 WARN HadoopFSUtils: The directory file:/Users/evan/Desktop/COURS/4IABD2/spark-streaming/exam_stream/exam_stream/data/halfourlydataset was not found. Was it deleted very recently?
25/07/11 11:55:42 WARN HadoopFSUtils: The directory file:/Users/evan/Desktop/COURS/4IABD2/spark-streaming/exam_stream/exam_stream/data/halfourlydataset was not found. Was it deleted very recently?
25/07/11 11:55:44 WARN HadoopFSUtils: The directory file:/Users/evan/Desktop/COURS/4IABD2/spark-streaming/exam_stream/exam_stream/data/halfourlydataset was not found. Was it deleted very recently?
25/07/11 11:55:46 WARN HadoopFSUtils: The directory file:/Users/evan/Desktop/COURS/4IABD2/spark-streaming/exam_stream/exam_stream/data/halfourlydataset was not found. Was it deleted very recently?
25/07/11 11:55:48 WARN HadoopFSUtils: The directory file:/Users/evan/Desktop/COURS/4IABD2/spark-streaming/exam_stream/exam_stream/data/halfourlydataset was not found. Was it deleted very recently?
25/07/11 11:55:50 WARN HadoopFSUtils: The directory file:/Users/evan/Desktop/COURS/4IABD2/spark-streaming/exam_stream/exam_stream/data/halfourlydataset was not found. Was it deleted very recently?
25/07/11 11:55:52 WARN HadoopFSUtils: The directory file:/Users/evan/Desktop/COURS/4IABD2/spark-streaming/exam_stream/exam_stream/data/halfourlydataset was not found. Was it deleted very recently?
25/07/11 11:55:54 WARN HadoopFSUtils: The directory file:/Users/evan/Desktop/COURS/4IABD2/spark-streaming/exam_stream/exam_stream/data/halfourlydataset was not found. Was it deleted very recently?
25/07/11 11:55:56 WARN HadoopFSUtils: The directory file:/Users/evan/Desktop/COURS/4IABD2/spark-streaming/exam_stream/exam_stream/data/halfourlydataset was not found. Was it deleted very recently?
25/07/11 11:55:58 WARN HadoopFSUtils: The directory file:/Users/evan/Desktop/COURS/4IABD2/spark-streaming/exam_stream/exam_stream/data/halfourlydataset was not found. Was it deleted very recently?
25/07/11 11:56:00 WARN HadoopFSUtils: The directory file:/Users/evan/Desktop/COURS/4IABD2/spark-streaming/exam_stream/exam_stream/data/halfourlydataset was not found. Was it deleted very recently?
25/07/11 11:56:02 WARN HadoopFSUtils: The directory file:/Users/evan/Desktop/COURS/4IABD2/spark-streaming/exam_stream/exam_stream/data/halfourlydataset was not found. Was it deleted very recently?
25/07/11 11:56:04 WARN HadoopFSUtils: The directory file:/Users/evan/Desktop/COURS/4IABD2/spark-streaming/exam_stream/exam_stream/data/halfourlydataset was not found. Was it deleted very recently?
25/07/11 11:56:06 WARN HadoopFSUtils: The directory file:/Users/evan/Desktop/COURS/4IABD2/spark-streaming/exam_stream/exam_stream/data/halfourlydataset was not found. Was it deleted very recently?
25/07/11 11:56:08 WARN HadoopFSUtils: The directory file:/Users/evan/Desktop/COURS/4IABD2/spark-streaming/exam_stream/exam_stream/data/halfourlydataset was not found. Was it deleted very recently?
25/07/11 11:56:10 WARN HadoopFSUtils: The directory file:/Users/evan/Desktop/COURS/4IABD2/spark-streaming/exam_stream/exam_stream/data/halfourlydataset was not found. Was it deleted very recently?
25/07/11 11:56:12 WARN HadoopFSUtils: The directory file:/Users/evan/Desktop/COURS/4IABD2/spark-streaming/exam_stream/exam_stream/data/halfourlydataset was not found. Was it deleted very recently?
25/07/11 11:56:14 WARN HadoopFSUtils: The directory file:/Users/evan/Desktop/COURS/4IABD2/spark-streaming/exam_stream/exam_stream/data/halfourlydataset was not found. Was it deleted very recently?
25/07/11 11:56:16 WARN HadoopFSUtils: The directory file:/Users/evan/Desktop/COURS/4IABD2/spark-streaming/exam_stream/exam_stream/data/halfourlydataset was not found. Was it deleted very recently?
25/07/11 11:56:18 WARN HadoopFSUtils: The directory file:/Users/evan/Desktop/COURS/4IABD2/spark-streaming/exam_stream/exam_stream/data/halfourlydataset was not found. Was it deleted very recently?
25/07/11 11:56:20 WARN HadoopFSUtils: The directory file:/Users/evan/Desktop/COURS/4IABD2/spark-streaming/exam_stream/exam_stream/data/halfourlydataset was not found. Was it deleted very recently?
25/07/11 11:56:22 WARN HadoopFSUtils: The directory file:/Users/evan/Desktop/COURS/4IABD2/spark-streaming/exam_stream/exam_stream/data/halfourlydataset was not found. Was it deleted very recently?
25/07/11 11:56:24 WARN HadoopFSUtils: The directory file:/Users/evan/Desktop/COURS/4IABD2/spark-streaming/exam_stream/exam_stream/data/halfourlydataset was not found. Was it deleted very recently?
25/07/11 11:56:26 WARN HadoopFSUtils: The directory file:/Users/evan/Desktop/COURS/4IABD2/spark-streaming/exam_stream/exam_stream/data/halfourlydataset was not found. Was it deleted very recently?
25/07/11 11:56:28 WARN HadoopFSUtils: The directory file:/Users/evan/Desktop/COURS/4IABD2/spark-streaming/exam_stream/exam_stream/data/halfourlydataset was not found. Was it deleted very recently?
25/07/11 11:56:30 WARN HadoopFSUtils: The directory file:/Users/evan/Desktop/COURS/4IABD2/spark-streaming/exam_stream/exam_stream/data/halfourlydataset was not found. Was it deleted very recently?
25/07/11 11:56:32 WARN HadoopFSUtils: The directory file:/Users/evan/Desktop/COURS/4IABD2/spark-streaming/exam_stream/exam_stream/data/halfourlydataset was not found. Was it deleted very recently?
25/07/11 11:56:34 WARN HadoopFSUtils: The directory file:/Users/evan/Desktop/COURS/4IABD2/spark-streaming/exam_stream/exam_stream/data/halfourlydataset was not found. Was it deleted very recently?
25/07/11 11:56:36 WARN HadoopFSUtils: The directory file:/Users/evan/Desktop/COURS/4IABD2/spark-streaming/exam_stream/exam_stream/data/halfourlydataset was not found. Was it deleted very recently?
25/07/11 11:56:38 WARN HadoopFSUtils: The directory file:/Users/evan/Desktop/COURS/4IABD2/spark-streaming/exam_stream/exam_stream/data/halfourlydataset was not found. Was it deleted very recently?
25/07/11 11:56:40 WARN HadoopFSUtils: The directory file:/Users/evan/Desktop/COURS/4IABD2/spark-streaming/exam_stream/exam_stream/data/halfourlydataset was not found. Was it deleted very recently?
25/07/11 11:56:42 WARN HadoopFSUtils: The directory file:/Users/evan/Desktop/COURS/4IABD2/spark-streaming/exam_stream/exam_stream/data/halfourlydataset was not found. Was it deleted very recently?
25/07/11 11:56:44 WARN HadoopFSUtils: The directory file:/Users/evan/Desktop/COURS/4IABD2/spark-streaming/exam_stream/exam_stream/data/halfourlydataset was not found. Was it deleted very recently?
25/07/11 11:56:46 WARN HadoopFSUtils: The directory file:/Users/evan/Desktop/COURS/4IABD2/spark-streaming/exam_stream/exam_stream/data/halfourlydataset was not found. Was it deleted very recently?
25/07/11 11:56:48 WARN HadoopFSUtils: The directory file:/Users/evan/Desktop/COURS/4IABD2/spark-streaming/exam_stream/exam_stream/data/halfourlydataset was not found. Was it deleted very recently?
25/07/11 11:56:50 WARN HadoopFSUtils: The directory file:/Users/evan/Desktop/COURS/4IABD2/spark-streaming/exam_stream/exam_stream/data/halfourlydataset was not found. Was it deleted very recently?
25/07/11 11:56:52 WARN HadoopFSUtils: The directory file:/Users/evan/Desktop/COURS/4IABD2/spark-streaming/exam_stream/exam_stream/data/halfourlydataset was not found. Was it deleted very recently?
25/07/11 11:56:54 WARN HadoopFSUtils: The directory file:/Users/evan/Desktop/COURS/4IABD2/spark-streaming/exam_stream/exam_stream/data/halfourlydataset was not found. Was it deleted very recently?
25/07/11 11:56:56 WARN HadoopFSUtils: The directory file:/Users/evan/Desktop/COURS/4IABD2/spark-streaming/exam_stream/exam_stream/data/halfourlydataset was not found. Was it deleted very recently?
25/07/11 11:56:58 WARN HadoopFSUtils: The directory file:/Users/evan/Desktop/COURS/4IABD2/spark-streaming/exam_stream/exam_stream/data/halfourlydataset was not found. Was it deleted very recently?
25/07/11 11:57:00 WARN HadoopFSUtils: The directory file:/Users/evan/Desktop/COURS/4IABD2/spark-streaming/exam_stream/exam_stream/data/halfourlydataset was not found. Was it deleted very recently?
25/07/11 11:57:02 WARN HadoopFSUtils: The directory file:/Users/evan/Desktop/COURS/4IABD2/spark-streaming/exam_stream/exam_stream/data/halfourlydataset was not found. Was it deleted very recently?
25/07/11 11:57:04 WARN HadoopFSUtils: The directory file:/Users/evan/Desktop/COURS/4IABD2/spark-streaming/exam_stream/exam_stream/data/halfourlydataset was not found. Was it deleted very recently?
25/07/11 11:57:06 WARN HadoopFSUtils: The directory file:/Users/evan/Desktop/COURS/4IABD2/spark-streaming/exam_stream/exam_stream/data/halfourlydataset was not found. Was it deleted very recently?
25/07/11 11:57:08 WARN HadoopFSUtils: The directory file:/Users/evan/Desktop/COURS/4IABD2/spark-streaming/exam_stream/exam_stream/data/halfourlydataset was not found. Was it deleted very recently?
25/07/11 11:57:10 WARN HadoopFSUtils: The directory file:/Users/evan/Desktop/COURS/4IABD2/spark-streaming/exam_stream/exam_stream/data/halfourlydataset was not found. Was it deleted very recently?
25/07/11 11:57:12 WARN HadoopFSUtils: The directory file:/Users/evan/Desktop/COURS/4IABD2/spark-streaming/exam_stream/exam_stream/data/halfourlydataset was not found. Was it deleted very recently?
25/07/11 11:57:14 WARN HadoopFSUtils: The directory file:/Users/evan/Desktop/COURS/4IABD2/spark-streaming/exam_stream/exam_stream/data/halfourlydataset was not found. Was it deleted very recently?
25/07/11 11:57:16 WARN HadoopFSUtils: The directory file:/Users/evan/Desktop/COURS/4IABD2/spark-streaming/exam_stream/exam_stream/data/halfourlydataset was not found. Was it deleted very recently?
25/07/11 11:57:18 WARN HadoopFSUtils: The directory file:/Users/evan/Desktop/COURS/4IABD2/spark-streaming/exam_stream/exam_stream/data/halfourlydataset was not found. Was it deleted very recently?
25/07/11 11:57:20 WARN HadoopFSUtils: The directory file:/Users/evan/Desktop/COURS/4IABD2/spark-streaming/exam_stream/exam_stream/data/halfourlydataset was not found. Was it deleted very recently?
25/07/11 11:57:22 WARN HadoopFSUtils: The directory file:/Users/evan/Desktop/COURS/4IABD2/spark-streaming/exam_stream/exam_stream/data/halfourlydataset was not found. Was it deleted very recently?
25/07/11 11:57:24 WARN HadoopFSUtils: The directory file:/Users/evan/Desktop/COURS/4IABD2/spark-streaming/exam_stream/exam_stream/data/halfourlydataset was not found. Was it deleted very recently?
25/07/11 11:57:26 WARN HadoopFSUtils: The directory file:/Users/evan/Desktop/COURS/4IABD2/spark-streaming/exam_stream/exam_stream/data/halfourlydataset was not found. Was it deleted very recently?
25/07/11 11:57:28 WARN HadoopFSUtils: The directory file:/Users/evan/Desktop/COURS/4IABD2/spark-streaming/exam_stream/exam_stream/data/halfourlydataset was not found. Was it deleted very recently?
25/07/11 11:57:30 WARN HadoopFSUtils: The directory file:/Users/evan/Desktop/COURS/4IABD2/spark-streaming/exam_stream/exam_stream/data/halfourlydataset was not found. Was it deleted very recently?
25/07/11 11:57:32 WARN HadoopFSUtils: The directory file:/Users/evan/Desktop/COURS/4IABD2/spark-streaming/exam_stream/exam_stream/data/halfourlydataset was not found. Was it deleted very recently?
25/07/11 11:57:34 WARN HadoopFSUtils: The directory file:/Users/evan/Desktop/COURS/4IABD2/spark-streaming/exam_stream/exam_stream/data/halfourlydataset was not found. Was it deleted very recently?
25/07/11 11:57:36 WARN HadoopFSUtils: The directory file:/Users/evan/Desktop/COURS/4IABD2/spark-streaming/exam_stream/exam_stream/data/halfourlydataset was not found. Was it deleted very recently?
25/07/11 11:57:38 WARN HadoopFSUtils: The directory file:/Users/evan/Desktop/COURS/4IABD2/spark-streaming/exam_stream/exam_stream/data/halfourlydataset was not found. Was it deleted very recently?
25/07/11 11:57:40 WARN HadoopFSUtils: The directory file:/Users/evan/Desktop/COURS/4IABD2/spark-streaming/exam_stream/exam_stream/data/halfourlydataset was not found. Was it deleted very recently?
25/07/11 11:57:42 WARN HadoopFSUtils: The directory file:/Users/evan/Desktop/COURS/4IABD2/spark-streaming/exam_stream/exam_stream/data/halfourlydataset was not found. Was it deleted very recently?
25/07/11 11:57:44 WARN HadoopFSUtils: The directory file:/Users/evan/Desktop/COURS/4IABD2/spark-streaming/exam_stream/exam_stream/data/halfourlydataset was not found. Was it deleted very recently?
25/07/11 11:57:46 WARN HadoopFSUtils: The directory file:/Users/evan/Desktop/COURS/4IABD2/spark-streaming/exam_stream/exam_stream/data/halfourlydataset was not found. Was it deleted very recently?
25/07/11 11:57:48 WARN HadoopFSUtils: The directory file:/Users/evan/Desktop/COURS/4IABD2/spark-streaming/exam_stream/exam_stream/data/halfourlydataset was not found. Was it deleted very recently?
25/07/11 11:57:50 WARN HadoopFSUtils: The directory file:/Users/evan/Desktop/COURS/4IABD2/spark-streaming/exam_stream/exam_stream/data/halfourlydataset was not found. Was it deleted very recently?
25/07/11 11:57:52 WARN HadoopFSUtils: The directory file:/Users/evan/Desktop/COURS/4IABD2/spark-streaming/exam_stream/exam_stream/data/halfourlydataset was not found. Was it deleted very recently?
25/07/11 11:57:54 WARN HadoopFSUtils: The directory file:/Users/evan/Desktop/COURS/4IABD2/spark-streaming/exam_stream/exam_stream/data/halfourlydataset was not found. Was it deleted very recently?
25/07/11 11:57:56 WARN HadoopFSUtils: The directory file:/Users/evan/Desktop/COURS/4IABD2/spark-streaming/exam_stream/exam_stream/data/halfourlydataset was not found. Was it deleted very recently?
25/07/11 11:57:58 WARN HadoopFSUtils: The directory file:/Users/evan/Desktop/COURS/4IABD2/spark-streaming/exam_stream/exam_stream/data/halfourlydataset was not found. Was it deleted very recently?
25/07/11 11:58:00 WARN HadoopFSUtils: The directory file:/Users/evan/Desktop/COURS/4IABD2/spark-streaming/exam_stream/exam_stream/data/halfourlydataset was not found. Was it deleted very recently?
25/07/11 11:58:02 WARN HadoopFSUtils: The directory file:/Users/evan/Desktop/COURS/4IABD2/spark-streaming/exam_stream/exam_stream/data/halfourlydataset was not found. Was it deleted very recently?
25/07/11 11:58:04 WARN HadoopFSUtils: The directory file:/Users/evan/Desktop/COURS/4IABD2/spark-streaming/exam_stream/exam_stream/data/halfourlydataset was not found. Was it deleted very recently?
25/07/11 11:58:06 WARN HadoopFSUtils: The directory file:/Users/evan/Desktop/COURS/4IABD2/spark-streaming/exam_stream/exam_stream/data/halfourlydataset was not found. Was it deleted very recently?
25/07/11 11:58:08 WARN HadoopFSUtils: The directory file:/Users/evan/Desktop/COURS/4IABD2/spark-streaming/exam_stream/exam_stream/data/halfourlydataset was not found. Was it deleted very recently?
25/07/11 11:58:10 WARN HadoopFSUtils: The directory file:/Users/evan/Desktop/COURS/4IABD2/spark-streaming/exam_stream/exam_stream/data/halfourlydataset was not found. Was it deleted very recently?
25/07/11 11:58:12 WARN HadoopFSUtils: The directory file:/Users/evan/Desktop/COURS/4IABD2/spark-streaming/exam_stream/exam_stream/data/halfourlydataset was not found. Was it deleted very recently?
25/07/11 11:58:14 WARN HadoopFSUtils: The directory file:/Users/evan/Desktop/COURS/4IABD2/spark-streaming/exam_stream/exam_stream/data/halfourlydataset was not found. Was it deleted very recently?
25/07/11 11:58:16 WARN HadoopFSUtils: The directory file:/Users/evan/Desktop/COURS/4IABD2/spark-streaming/exam_stream/exam_stream/data/halfourlydataset was not found. Was it deleted very recently?
25/07/11 11:58:18 WARN HadoopFSUtils: The directory file:/Users/evan/Desktop/COURS/4IABD2/spark-streaming/exam_stream/exam_stream/data/halfourlydataset was not found. Was it deleted very recently?
25/07/11 11:58:20 WARN HadoopFSUtils: The directory file:/Users/evan/Desktop/COURS/4IABD2/spark-streaming/exam_stream/exam_stream/data/halfourlydataset was not found. Was it deleted very recently?
25/07/11 11:58:22 WARN HadoopFSUtils: The directory file:/Users/evan/Desktop/COURS/4IABD2/spark-streaming/exam_stream/exam_stream/data/halfourlydataset was not found. Was it deleted very recently?
25/07/11 11:58:24 WARN HadoopFSUtils: The directory file:/Users/evan/Desktop/COURS/4IABD2/spark-streaming/exam_stream/exam_stream/data/halfourlydataset was not found. Was it deleted very recently?
25/07/11 11:58:26 WARN HadoopFSUtils: The directory file:/Users/evan/Desktop/COURS/4IABD2/spark-streaming/exam_stream/exam_stream/data/halfourlydataset was not found. Was it deleted very recently?
25/07/11 11:58:28 WARN HadoopFSUtils: The directory file:/Users/evan/Desktop/COURS/4IABD2/spark-streaming/exam_stream/exam_stream/data/halfourlydataset was not found. Was it deleted very recently?
25/07/11 11:58:30 WARN HadoopFSUtils: The directory file:/Users/evan/Desktop/COURS/4IABD2/spark-streaming/exam_stream/exam_stream/data/halfourlydataset was not found. Was it deleted very recently?
25/07/11 11:58:32 WARN HadoopFSUtils: The directory file:/Users/evan/Desktop/COURS/4IABD2/spark-streaming/exam_stream/exam_stream/data/halfourlydataset was not found. Was it deleted very recently?
25/07/11 11:58:34 WARN HadoopFSUtils: The directory file:/Users/evan/Desktop/COURS/4IABD2/spark-streaming/exam_stream/exam_stream/data/halfourlydataset was not found. Was it deleted very recently?
25/07/11 11:58:36 WARN HadoopFSUtils: The directory file:/Users/evan/Desktop/COURS/4IABD2/spark-streaming/exam_stream/exam_stream/data/halfourlydataset was not found. Was it deleted very recently?
25/07/11 11:58:38 WARN HadoopFSUtils: The directory file:/Users/evan/Desktop/COURS/4IABD2/spark-streaming/exam_stream/exam_stream/data/halfourlydataset was not found. Was it deleted very recently?
25/07/11 11:58:40 WARN HadoopFSUtils: The directory file:/Users/evan/Desktop/COURS/4IABD2/spark-streaming/exam_stream/exam_stream/data/halfourlydataset was not found. Was it deleted very recently?
25/07/11 11:58:42 WARN HadoopFSUtils: The directory file:/Users/evan/Desktop/COURS/4IABD2/spark-streaming/exam_stream/exam_stream/data/halfourlydataset was not found. Was it deleted very recently?
25/07/11 11:58:44 WARN HadoopFSUtils: The directory file:/Users/evan/Desktop/COURS/4IABD2/spark-streaming/exam_stream/exam_stream/data/halfourlydataset was not found. Was it deleted very recently?
25/07/11 11:58:46 WARN HadoopFSUtils: The directory file:/Users/evan/Desktop/COURS/4IABD2/spark-streaming/exam_stream/exam_stream/data/halfourlydataset was not found. Was it deleted very recently?
25/07/11 11:58:48 WARN HadoopFSUtils: The directory file:/Users/evan/Desktop/COURS/4IABD2/spark-streaming/exam_stream/exam_stream/data/halfourlydataset was not found. Was it deleted very recently?
25/07/11 11:58:50 WARN HadoopFSUtils: The directory file:/Users/evan/Desktop/COURS/4IABD2/spark-streaming/exam_stream/exam_stream/data/halfourlydataset was not found. Was it deleted very recently?
25/07/11 11:58:52 WARN HadoopFSUtils: The directory file:/Users/evan/Desktop/COURS/4IABD2/spark-streaming/exam_stream/exam_stream/data/halfourlydataset was not found. Was it deleted very recently?
25/07/11 11:58:54 WARN HadoopFSUtils: The directory file:/Users/evan/Desktop/COURS/4IABD2/spark-streaming/exam_stream/exam_stream/data/halfourlydataset was not found. Was it deleted very recently?
25/07/11 11:58:56 WARN HadoopFSUtils: The directory file:/Users/evan/Desktop/COURS/4IABD2/spark-streaming/exam_stream/exam_stream/data/halfourlydataset was not found. Was it deleted very recently?
25/07/11 11:58:58 WARN HadoopFSUtils: The directory file:/Users/evan/Desktop/COURS/4IABD2/spark-streaming/exam_stream/exam_stream/data/halfourlydataset was not found. Was it deleted very recently?
25/07/11 11:59:00 WARN HadoopFSUtils: The directory file:/Users/evan/Desktop/COURS/4IABD2/spark-streaming/exam_stream/exam_stream/data/halfourlydataset was not found. Was it deleted very recently?
25/07/11 11:59:02 WARN HadoopFSUtils: The directory file:/Users/evan/Desktop/COURS/4IABD2/spark-streaming/exam_stream/exam_stream/data/halfourlydataset was not found. Was it deleted very recently?
25/07/11 11:59:04 WARN HadoopFSUtils: The directory file:/Users/evan/Desktop/COURS/4IABD2/spark-streaming/exam_stream/exam_stream/data/halfourlydataset was not found. Was it deleted very recently?
25/07/11 11:59:06 WARN HadoopFSUtils: The directory file:/Users/evan/Desktop/COURS/4IABD2/spark-streaming/exam_stream/exam_stream/data/halfourlydataset was not found. Was it deleted very recently?
25/07/11 11:59:08 WARN HadoopFSUtils: The directory file:/Users/evan/Desktop/COURS/4IABD2/spark-streaming/exam_stream/exam_stream/data/halfourlydataset was not found. Was it deleted very recently?
25/07/11 11:59:10 WARN HadoopFSUtils: The directory file:/Users/evan/Desktop/COURS/4IABD2/spark-streaming/exam_stream/exam_stream/data/halfourlydataset was not found. Was it deleted very recently?
25/07/11 11:59:12 WARN HadoopFSUtils: The directory file:/Users/evan/Desktop/COURS/4IABD2/spark-streaming/exam_stream/exam_stream/data/halfourlydataset was not found. Was it deleted very recently?
25/07/11 11:59:14 WARN HadoopFSUtils: The directory file:/Users/evan/Desktop/COURS/4IABD2/spark-streaming/exam_stream/exam_stream/data/halfourlydataset was not found. Was it deleted very recently?
25/07/11 11:59:16 WARN HadoopFSUtils: The directory file:/Users/evan/Desktop/COURS/4IABD2/spark-streaming/exam_stream/exam_stream/data/halfourlydataset was not found. Was it deleted very recently?
25/07/11 11:59:18 WARN HadoopFSUtils: The directory file:/Users/evan/Desktop/COURS/4IABD2/spark-streaming/exam_stream/exam_stream/data/halfourlydataset was not found. Was it deleted very recently?
25/07/11 11:59:20 WARN HadoopFSUtils: The directory file:/Users/evan/Desktop/COURS/4IABD2/spark-streaming/exam_stream/exam_stream/data/halfourlydataset was not found. Was it deleted very recently?
25/07/11 11:59:22 WARN HadoopFSUtils: The directory file:/Users/evan/Desktop/COURS/4IABD2/spark-streaming/exam_stream/exam_stream/data/halfourlydataset was not found. Was it deleted very recently?
25/07/11 11:59:24 WARN HadoopFSUtils: The directory file:/Users/evan/Desktop/COURS/4IABD2/spark-streaming/exam_stream/exam_stream/data/halfourlydataset was not found. Was it deleted very recently?
25/07/11 11:59:26 WARN HadoopFSUtils: The directory file:/Users/evan/Desktop/COURS/4IABD2/spark-streaming/exam_stream/exam_stream/data/halfourlydataset was not found. Was it deleted very recently?
25/07/11 11:59:28 WARN HadoopFSUtils: The directory file:/Users/evan/Desktop/COURS/4IABD2/spark-streaming/exam_stream/exam_stream/data/halfourlydataset was not found. Was it deleted very recently?
25/07/11 11:59:30 WARN HadoopFSUtils: The directory file:/Users/evan/Desktop/COURS/4IABD2/spark-streaming/exam_stream/exam_stream/data/halfourlydataset was not found. Was it deleted very recently?
25/07/11 11:59:32 WARN HadoopFSUtils: The directory file:/Users/evan/Desktop/COURS/4IABD2/spark-streaming/exam_stream/exam_stream/data/halfourlydataset was not found. Was it deleted very recently?
25/07/11 11:59:34 WARN HadoopFSUtils: The directory file:/Users/evan/Desktop/COURS/4IABD2/spark-streaming/exam_stream/exam_stream/data/halfourlydataset was not found. Was it deleted very recently?
25/07/11 11:59:36 WARN HadoopFSUtils: The directory file:/Users/evan/Desktop/COURS/4IABD2/spark-streaming/exam_stream/exam_stream/data/halfourlydataset was not found. Was it deleted very recently?
25/07/11 11:59:38 WARN HadoopFSUtils: The directory file:/Users/evan/Desktop/COURS/4IABD2/spark-streaming/exam_stream/exam_stream/data/halfourlydataset was not found. Was it deleted very recently?
25/07/11 11:59:40 WARN HadoopFSUtils: The directory file:/Users/evan/Desktop/COURS/4IABD2/spark-streaming/exam_stream/exam_stream/data/halfourlydataset was not found. Was it deleted very recently?
25/07/11 11:59:42 WARN HadoopFSUtils: The directory file:/Users/evan/Desktop/COURS/4IABD2/spark-streaming/exam_stream/exam_stream/data/halfourlydataset was not found. Was it deleted very recently?
25/07/11 11:59:44 WARN HadoopFSUtils: The directory file:/Users/evan/Desktop/COURS/4IABD2/spark-streaming/exam_stream/exam_stream/data/halfourlydataset was not found. Was it deleted very recently?
25/07/11 11:59:46 WARN HadoopFSUtils: The directory file:/Users/evan/Desktop/COURS/4IABD2/spark-streaming/exam_stream/exam_stream/data/halfourlydataset was not found. Was it deleted very recently?
25/07/11 11:59:48 WARN HadoopFSUtils: The directory file:/Users/evan/Desktop/COURS/4IABD2/spark-streaming/exam_stream/exam_stream/data/halfourlydataset was not found. Was it deleted very recently?
25/07/11 11:59:50 WARN HadoopFSUtils: The directory file:/Users/evan/Desktop/COURS/4IABD2/spark-streaming/exam_stream/exam_stream/data/halfourlydataset was not found. Was it deleted very recently?
25/07/11 11:59:52 WARN HadoopFSUtils: The directory file:/Users/evan/Desktop/COURS/4IABD2/spark-streaming/exam_stream/exam_stream/data/halfourlydataset was not found. Was it deleted very recently?
25/07/11 11:59:54 WARN HadoopFSUtils: The directory file:/Users/evan/Desktop/COURS/4IABD2/spark-streaming/exam_stream/exam_stream/data/halfourlydataset was not found. Was it deleted very recently?
25/07/11 11:59:56 WARN HadoopFSUtils: The directory file:/Users/evan/Desktop/COURS/4IABD2/spark-streaming/exam_stream/exam_stream/data/halfourlydataset was not found. Was it deleted very recently?
25/07/11 11:59:58 WARN HadoopFSUtils: The directory file:/Users/evan/Desktop/COURS/4IABD2/spark-streaming/exam_stream/exam_stream/data/halfourlydataset was not found. Was it deleted very recently?
25/07/11 12:00:00 WARN HadoopFSUtils: The directory file:/Users/evan/Desktop/COURS/4IABD2/spark-streaming/exam_stream/exam_stream/data/halfourlydataset was not found. Was it deleted very recently?
25/07/11 12:00:02 WARN HadoopFSUtils: The directory file:/Users/evan/Desktop/COURS/4IABD2/spark-streaming/exam_stream/exam_stream/data/halfourlydataset was not found. Was it deleted very recently?
25/07/11 12:00:04 WARN HadoopFSUtils: The directory file:/Users/evan/Desktop/COURS/4IABD2/spark-streaming/exam_stream/exam_stream/data/halfourlydataset was not found. Was it deleted very recently?
25/07/11 12:00:06 WARN HadoopFSUtils: The directory file:/Users/evan/Desktop/COURS/4IABD2/spark-streaming/exam_stream/exam_stream/data/halfourlydataset was not found. Was it deleted very recently?
25/07/11 12:00:08 WARN HadoopFSUtils: The directory file:/Users/evan/Desktop/COURS/4IABD2/spark-streaming/exam_stream/exam_stream/data/halfourlydataset was not found. Was it deleted very recently?
25/07/11 12:00:10 WARN HadoopFSUtils: The directory file:/Users/evan/Desktop/COURS/4IABD2/spark-streaming/exam_stream/exam_stream/data/halfourlydataset was not found. Was it deleted very recently?
25/07/11 12:00:12 WARN HadoopFSUtils: The directory file:/Users/evan/Desktop/COURS/4IABD2/spark-streaming/exam_stream/exam_stream/data/halfourlydataset was not found. Was it deleted very recently?
25/07/11 12:00:14 WARN HadoopFSUtils: The directory file:/Users/evan/Desktop/COURS/4IABD2/spark-streaming/exam_stream/exam_stream/data/halfourlydataset was not found. Was it deleted very recently?
25/07/11 12:00:16 WARN HadoopFSUtils: The directory file:/Users/evan/Desktop/COURS/4IABD2/spark-streaming/exam_stream/exam_stream/data/halfourlydataset was not found. Was it deleted very recently?
25/07/11 12:00:18 WARN HadoopFSUtils: The directory file:/Users/evan/Desktop/COURS/4IABD2/spark-streaming/exam_stream/exam_stream/data/halfourlydataset was not found. Was it deleted very recently?
25/07/11 12:00:20 WARN HadoopFSUtils: The directory file:/Users/evan/Desktop/COURS/4IABD2/spark-streaming/exam_stream/exam_stream/data/halfourlydataset was not found. Was it deleted very recently?
25/07/11 12:00:22 WARN HadoopFSUtils: The directory file:/Users/evan/Desktop/COURS/4IABD2/spark-streaming/exam_stream/exam_stream/data/halfourlydataset was not found. Was it deleted very recently?
25/07/11 12:00:24 WARN HadoopFSUtils: The directory file:/Users/evan/Desktop/COURS/4IABD2/spark-streaming/exam_stream/exam_stream/data/halfourlydataset was not found. Was it deleted very recently?
25/07/11 12:00:26 WARN HadoopFSUtils: The directory file:/Users/evan/Desktop/COURS/4IABD2/spark-streaming/exam_stream/exam_stream/data/halfourlydataset was not found. Was it deleted very recently?
25/07/11 12:00:28 WARN HadoopFSUtils: The directory file:/Users/evan/Desktop/COURS/4IABD2/spark-streaming/exam_stream/exam_stream/data/halfourlydataset was not found. Was it deleted very recently?
25/07/11 12:00:30 WARN HadoopFSUtils: The directory file:/Users/evan/Desktop/COURS/4IABD2/spark-streaming/exam_stream/exam_stream/data/halfourlydataset was not found. Was it deleted very recently?
25/07/11 12:00:32 WARN HadoopFSUtils: The directory file:/Users/evan/Desktop/COURS/4IABD2/spark-streaming/exam_stream/exam_stream/data/halfourlydataset was not found. Was it deleted very recently?
25/07/11 12:00:34 WARN HadoopFSUtils: The directory file:/Users/evan/Desktop/COURS/4IABD2/spark-streaming/exam_stream/exam_stream/data/halfourlydataset was not found. Was it deleted very recently?
25/07/11 12:00:36 WARN HadoopFSUtils: The directory file:/Users/evan/Desktop/COURS/4IABD2/spark-streaming/exam_stream/exam_stream/data/halfourlydataset was not found. Was it deleted very recently?
25/07/11 12:00:38 WARN HadoopFSUtils: The directory file:/Users/evan/Desktop/COURS/4IABD2/spark-streaming/exam_stream/exam_stream/data/halfourlydataset was not found. Was it deleted very recently?
25/07/11 12:00:40 WARN HadoopFSUtils: The directory file:/Users/evan/Desktop/COURS/4IABD2/spark-streaming/exam_stream/exam_stream/data/halfourlydataset was not found. Was it deleted very recently?
25/07/11 12:00:42 WARN HadoopFSUtils: The directory file:/Users/evan/Desktop/COURS/4IABD2/spark-streaming/exam_stream/exam_stream/data/halfourlydataset was not found. Was it deleted very recently?
25/07/11 12:00:44 WARN HadoopFSUtils: The directory file:/Users/evan/Desktop/COURS/4IABD2/spark-streaming/exam_stream/exam_stream/data/halfourlydataset was not found. Was it deleted very recently?
25/07/11 12:00:46 WARN HadoopFSUtils: The directory file:/Users/evan/Desktop/COURS/4IABD2/spark-streaming/exam_stream/exam_stream/data/halfourlydataset was not found. Was it deleted very recently?
25/07/11 12:00:48 WARN HadoopFSUtils: The directory file:/Users/evan/Desktop/COURS/4IABD2/spark-streaming/exam_stream/exam_stream/data/halfourlydataset was not found. Was it deleted very recently?
25/07/11 12:00:50 WARN HadoopFSUtils: The directory file:/Users/evan/Desktop/COURS/4IABD2/spark-streaming/exam_stream/exam_stream/data/halfourlydataset was not found. Was it deleted very recently?
25/07/11 12:00:52 WARN HadoopFSUtils: The directory file:/Users/evan/Desktop/COURS/4IABD2/spark-streaming/exam_stream/exam_stream/data/halfourlydataset was not found. Was it deleted very recently?
25/07/11 12:00:54 WARN HadoopFSUtils: The directory file:/Users/evan/Desktop/COURS/4IABD2/spark-streaming/exam_stream/exam_stream/data/halfourlydataset was not found. Was it deleted very recently?
25/07/11 12:00:56 WARN HadoopFSUtils: The directory file:/Users/evan/Desktop/COURS/4IABD2/spark-streaming/exam_stream/exam_stream/data/halfourlydataset was not found. Was it deleted very recently?
25/07/11 12:00:58 WARN HadoopFSUtils: The directory file:/Users/evan/Desktop/COURS/4IABD2/spark-streaming/exam_stream/exam_stream/data/halfourlydataset was not found. Was it deleted very recently?
25/07/11 12:01:00 WARN HadoopFSUtils: The directory file:/Users/evan/Desktop/COURS/4IABD2/spark-streaming/exam_stream/exam_stream/data/halfourlydataset was not found. Was it deleted very recently?
25/07/11 12:01:02 WARN HadoopFSUtils: The directory file:/Users/evan/Desktop/COURS/4IABD2/spark-streaming/exam_stream/exam_stream/data/halfourlydataset was not found. Was it deleted very recently?
25/07/11 12:01:04 WARN HadoopFSUtils: The directory file:/Users/evan/Desktop/COURS/4IABD2/spark-streaming/exam_stream/exam_stream/data/halfourlydataset was not found. Was it deleted very recently?
25/07/11 12:01:06 WARN HadoopFSUtils: The directory file:/Users/evan/Desktop/COURS/4IABD2/spark-streaming/exam_stream/exam_stream/data/halfourlydataset was not found. Was it deleted very recently?
25/07/11 12:01:08 WARN HadoopFSUtils: The directory file:/Users/evan/Desktop/COURS/4IABD2/spark-streaming/exam_stream/exam_stream/data/halfourlydataset was not found. Was it deleted very recently?
25/07/11 12:01:10 WARN HadoopFSUtils: The directory file:/Users/evan/Desktop/COURS/4IABD2/spark-streaming/exam_stream/exam_stream/data/halfourlydataset was not found. Was it deleted very recently?
25/07/11 12:01:12 WARN HadoopFSUtils: The directory file:/Users/evan/Desktop/COURS/4IABD2/spark-streaming/exam_stream/exam_stream/data/halfourlydataset was not found. Was it deleted very recently?
25/07/11 12:01:14 WARN HadoopFSUtils: The directory file:/Users/evan/Desktop/COURS/4IABD2/spark-streaming/exam_stream/exam_stream/data/halfourlydataset was not found. Was it deleted very recently?
25/07/11 12:01:16 WARN HadoopFSUtils: The directory file:/Users/evan/Desktop/COURS/4IABD2/spark-streaming/exam_stream/exam_stream/data/halfourlydataset was not found. Was it deleted very recently?
25/07/11 12:01:18 WARN HadoopFSUtils: The directory file:/Users/evan/Desktop/COURS/4IABD2/spark-streaming/exam_stream/exam_stream/data/halfourlydataset was not found. Was it deleted very recently?
25/07/11 12:01:20 WARN HadoopFSUtils: The directory file:/Users/evan/Desktop/COURS/4IABD2/spark-streaming/exam_stream/exam_stream/data/halfourlydataset was not found. Was it deleted very recently?
25/07/11 12:01:22 WARN HadoopFSUtils: The directory file:/Users/evan/Desktop/COURS/4IABD2/spark-streaming/exam_stream/exam_stream/data/halfourlydataset was not found. Was it deleted very recently?
25/07/11 12:01:24 WARN HadoopFSUtils: The directory file:/Users/evan/Desktop/COURS/4IABD2/spark-streaming/exam_stream/exam_stream/data/halfourlydataset was not found. Was it deleted very recently?
25/07/11 12:01:26 WARN HadoopFSUtils: The directory file:/Users/evan/Desktop/COURS/4IABD2/spark-streaming/exam_stream/exam_stream/data/halfourlydataset was not found. Was it deleted very recently?
25/07/11 12:01:28 WARN HadoopFSUtils: The directory file:/Users/evan/Desktop/COURS/4IABD2/spark-streaming/exam_stream/exam_stream/data/halfourlydataset was not found. Was it deleted very recently?
25/07/11 12:01:30 WARN HadoopFSUtils: The directory file:/Users/evan/Desktop/COURS/4IABD2/spark-streaming/exam_stream/exam_stream/data/halfourlydataset was not found. Was it deleted very recently?
25/07/11 12:01:32 WARN HadoopFSUtils: The directory file:/Users/evan/Desktop/COURS/4IABD2/spark-streaming/exam_stream/exam_stream/data/halfourlydataset was not found. Was it deleted very recently?
25/07/11 12:01:34 WARN HadoopFSUtils: The directory file:/Users/evan/Desktop/COURS/4IABD2/spark-streaming/exam_stream/exam_stream/data/halfourlydataset was not found. Was it deleted very recently?
25/07/11 12:01:36 WARN HadoopFSUtils: The directory file:/Users/evan/Desktop/COURS/4IABD2/spark-streaming/exam_stream/exam_stream/data/halfourlydataset was not found. Was it deleted very recently?
25/07/11 12:01:38 WARN HadoopFSUtils: The directory file:/Users/evan/Desktop/COURS/4IABD2/spark-streaming/exam_stream/exam_stream/data/halfourlydataset was not found. Was it deleted very recently?
25/07/11 12:01:40 WARN HadoopFSUtils: The directory file:/Users/evan/Desktop/COURS/4IABD2/spark-streaming/exam_stream/exam_stream/data/halfourlydataset was not found. Was it deleted very recently?
25/07/11 12:01:42 WARN HadoopFSUtils: The directory file:/Users/evan/Desktop/COURS/4IABD2/spark-streaming/exam_stream/exam_stream/data/halfourlydataset was not found. Was it deleted very recently?
25/07/11 12:01:44 WARN HadoopFSUtils: The directory file:/Users/evan/Desktop/COURS/4IABD2/spark-streaming/exam_stream/exam_stream/data/halfourlydataset was not found. Was it deleted very recently?
25/07/11 12:01:46 WARN HadoopFSUtils: The directory file:/Users/evan/Desktop/COURS/4IABD2/spark-streaming/exam_stream/exam_stream/data/halfourlydataset was not found. Was it deleted very recently?
25/07/11 12:01:48 WARN HadoopFSUtils: The directory file:/Users/evan/Desktop/COURS/4IABD2/spark-streaming/exam_stream/exam_stream/data/halfourlydataset was not found. Was it deleted very recently?
25/07/11 12:01:50 WARN HadoopFSUtils: The directory file:/Users/evan/Desktop/COURS/4IABD2/spark-streaming/exam_stream/exam_stream/data/halfourlydataset was not found. Was it deleted very recently?
25/07/11 12:01:52 WARN HadoopFSUtils: The directory file:/Users/evan/Desktop/COURS/4IABD2/spark-streaming/exam_stream/exam_stream/data/halfourlydataset was not found. Was it deleted very recently?
25/07/11 12:01:54 WARN HadoopFSUtils: The directory file:/Users/evan/Desktop/COURS/4IABD2/spark-streaming/exam_stream/exam_stream/data/halfourlydataset was not found. Was it deleted very recently?
25/07/11 12:01:56 WARN HadoopFSUtils: The directory file:/Users/evan/Desktop/COURS/4IABD2/spark-streaming/exam_stream/exam_stream/data/halfourlydataset was not found. Was it deleted very recently?
25/07/11 12:01:58 WARN HadoopFSUtils: The directory file:/Users/evan/Desktop/COURS/4IABD2/spark-streaming/exam_stream/exam_stream/data/halfourlydataset was not found. Was it deleted very recently?
25/07/11 12:02:00 WARN HadoopFSUtils: The directory file:/Users/evan/Desktop/COURS/4IABD2/spark-streaming/exam_stream/exam_stream/data/halfourlydataset was not found. Was it deleted very recently?
25/07/11 12:02:02 WARN HadoopFSUtils: The directory file:/Users/evan/Desktop/COURS/4IABD2/spark-streaming/exam_stream/exam_stream/data/halfourlydataset was not found. Was it deleted very recently?
25/07/11 12:02:04 WARN HadoopFSUtils: The directory file:/Users/evan/Desktop/COURS/4IABD2/spark-streaming/exam_stream/exam_stream/data/halfourlydataset was not found. Was it deleted very recently?
25/07/11 12:02:06 WARN HadoopFSUtils: The directory file:/Users/evan/Desktop/COURS/4IABD2/spark-streaming/exam_stream/exam_stream/data/halfourlydataset was not found. Was it deleted very recently?
25/07/11 12:02:08 WARN HadoopFSUtils: The directory file:/Users/evan/Desktop/COURS/4IABD2/spark-streaming/exam_stream/exam_stream/data/halfourlydataset was not found. Was it deleted very recently?
25/07/11 12:02:10 WARN HadoopFSUtils: The directory file:/Users/evan/Desktop/COURS/4IABD2/spark-streaming/exam_stream/exam_stream/data/halfourlydataset was not found. Was it deleted very recently?
25/07/11 12:02:12 WARN HadoopFSUtils: The directory file:/Users/evan/Desktop/COURS/4IABD2/spark-streaming/exam_stream/exam_stream/data/halfourlydataset was not found. Was it deleted very recently?
25/07/11 12:02:14 WARN HadoopFSUtils: The directory file:/Users/evan/Desktop/COURS/4IABD2/spark-streaming/exam_stream/exam_stream/data/halfourlydataset was not found. Was it deleted very recently?
25/07/11 12:02:16 WARN HadoopFSUtils: The directory file:/Users/evan/Desktop/COURS/4IABD2/spark-streaming/exam_stream/exam_stream/data/halfourlydataset was not found. Was it deleted very recently?
25/07/11 12:02:18 WARN HadoopFSUtils: The directory file:/Users/evan/Desktop/COURS/4IABD2/spark-streaming/exam_stream/exam_stream/data/halfourlydataset was not found. Was it deleted very recently?
25/07/11 12:02:20 WARN HadoopFSUtils: The directory file:/Users/evan/Desktop/COURS/4IABD2/spark-streaming/exam_stream/exam_stream/data/halfourlydataset was not found. Was it deleted very recently?
25/07/11 12:02:22 WARN HadoopFSUtils: The directory file:/Users/evan/Desktop/COURS/4IABD2/spark-streaming/exam_stream/exam_stream/data/halfourlydataset was not found. Was it deleted very recently?
25/07/11 12:02:24 WARN HadoopFSUtils: The directory file:/Users/evan/Desktop/COURS/4IABD2/spark-streaming/exam_stream/exam_stream/data/halfourlydataset was not found. Was it deleted very recently?
25/07/11 12:02:26 WARN HadoopFSUtils: The directory file:/Users/evan/Desktop/COURS/4IABD2/spark-streaming/exam_stream/exam_stream/data/halfourlydataset was not found. Was it deleted very recently?
25/07/11 12:02:28 WARN HadoopFSUtils: The directory file:/Users/evan/Desktop/COURS/4IABD2/spark-streaming/exam_stream/exam_stream/data/halfourlydataset was not found. Was it deleted very recently?
25/07/11 12:02:30 WARN HadoopFSUtils: The directory file:/Users/evan/Desktop/COURS/4IABD2/spark-streaming/exam_stream/exam_stream/data/halfourlydataset was not found. Was it deleted very recently?
25/07/11 12:02:32 WARN HadoopFSUtils: The directory file:/Users/evan/Desktop/COURS/4IABD2/spark-streaming/exam_stream/exam_stream/data/halfourlydataset was not found. Was it deleted very recently?
25/07/11 12:02:34 WARN HadoopFSUtils: The directory file:/Users/evan/Desktop/COURS/4IABD2/spark-streaming/exam_stream/exam_stream/data/halfourlydataset was not found. Was it deleted very recently?
25/07/11 12:02:36 WARN HadoopFSUtils: The directory file:/Users/evan/Desktop/COURS/4IABD2/spark-streaming/exam_stream/exam_stream/data/halfourlydataset was not found. Was it deleted very recently?
25/07/11 12:02:38 WARN HadoopFSUtils: The directory file:/Users/evan/Desktop/COURS/4IABD2/spark-streaming/exam_stream/exam_stream/data/halfourlydataset was not found. Was it deleted very recently?
25/07/11 12:02:40 WARN HadoopFSUtils: The directory file:/Users/evan/Desktop/COURS/4IABD2/spark-streaming/exam_stream/exam_stream/data/halfourlydataset was not found. Was it deleted very recently?
25/07/11 12:02:42 WARN HadoopFSUtils: The directory file:/Users/evan/Desktop/COURS/4IABD2/spark-streaming/exam_stream/exam_stream/data/halfourlydataset was not found. Was it deleted very recently?
25/07/11 12:02:44 WARN HadoopFSUtils: The directory file:/Users/evan/Desktop/COURS/4IABD2/spark-streaming/exam_stream/exam_stream/data/halfourlydataset was not found. Was it deleted very recently?
25/07/11 12:02:46 WARN HadoopFSUtils: The directory file:/Users/evan/Desktop/COURS/4IABD2/spark-streaming/exam_stream/exam_stream/data/halfourlydataset was not found. Was it deleted very recently?
25/07/11 12:02:48 WARN HadoopFSUtils: The directory file:/Users/evan/Desktop/COURS/4IABD2/spark-streaming/exam_stream/exam_stream/data/halfourlydataset was not found. Was it deleted very recently?
25/07/11 12:02:50 WARN HadoopFSUtils: The directory file:/Users/evan/Desktop/COURS/4IABD2/spark-streaming/exam_stream/exam_stream/data/halfourlydataset was not found. Was it deleted very recently?
25/07/11 12:02:52 WARN HadoopFSUtils: The directory file:/Users/evan/Desktop/COURS/4IABD2/spark-streaming/exam_stream/exam_stream/data/halfourlydataset was not found. Was it deleted very recently?
25/07/11 12:02:54 WARN HadoopFSUtils: The directory file:/Users/evan/Desktop/COURS/4IABD2/spark-streaming/exam_stream/exam_stream/data/halfourlydataset was not found. Was it deleted very recently?
25/07/11 12:02:56 WARN HadoopFSUtils: The directory file:/Users/evan/Desktop/COURS/4IABD2/spark-streaming/exam_stream/exam_stream/data/halfourlydataset was not found. Was it deleted very recently?
25/07/11 12:02:58 WARN HadoopFSUtils: The directory file:/Users/evan/Desktop/COURS/4IABD2/spark-streaming/exam_stream/exam_stream/data/halfourlydataset was not found. Was it deleted very recently?
25/07/11 12:03:00 WARN HadoopFSUtils: The directory file:/Users/evan/Desktop/COURS/4IABD2/spark-streaming/exam_stream/exam_stream/data/halfourlydataset was not found. Was it deleted very recently?
25/07/11 12:03:02 WARN HadoopFSUtils: The directory file:/Users/evan/Desktop/COURS/4IABD2/spark-streaming/exam_stream/exam_stream/data/halfourlydataset was not found. Was it deleted very recently?
25/07/11 12:03:04 WARN HadoopFSUtils: The directory file:/Users/evan/Desktop/COURS/4IABD2/spark-streaming/exam_stream/exam_stream/data/halfourlydataset was not found. Was it deleted very recently?
25/07/11 12:03:06 WARN HadoopFSUtils: The directory file:/Users/evan/Desktop/COURS/4IABD2/spark-streaming/exam_stream/exam_stream/data/halfourlydataset was not found. Was it deleted very recently?
25/07/11 12:03:08 WARN HadoopFSUtils: The directory file:/Users/evan/Desktop/COURS/4IABD2/spark-streaming/exam_stream/exam_stream/data/halfourlydataset was not found. Was it deleted very recently?
25/07/11 12:03:10 WARN HadoopFSUtils: The directory file:/Users/evan/Desktop/COURS/4IABD2/spark-streaming/exam_stream/exam_stream/data/halfourlydataset was not found. Was it deleted very recently?
25/07/11 12:03:12 WARN HadoopFSUtils: The directory file:/Users/evan/Desktop/COURS/4IABD2/spark-streaming/exam_stream/exam_stream/data/halfourlydataset was not found. Was it deleted very recently?
25/07/11 12:03:14 WARN HadoopFSUtils: The directory file:/Users/evan/Desktop/COURS/4IABD2/spark-streaming/exam_stream/exam_stream/data/halfourlydataset was not found. Was it deleted very recently?
25/07/11 12:03:16 WARN HadoopFSUtils: The directory file:/Users/evan/Desktop/COURS/4IABD2/spark-streaming/exam_stream/exam_stream/data/halfourlydataset was not found. Was it deleted very recently?
25/07/11 12:03:18 WARN HadoopFSUtils: The directory file:/Users/evan/Desktop/COURS/4IABD2/spark-streaming/exam_stream/exam_stream/data/halfourlydataset was not found. Was it deleted very recently?
25/07/11 12:03:20 WARN HadoopFSUtils: The directory file:/Users/evan/Desktop/COURS/4IABD2/spark-streaming/exam_stream/exam_stream/data/halfourlydataset was not found. Was it deleted very recently?
25/07/11 12:03:22 WARN HadoopFSUtils: The directory file:/Users/evan/Desktop/COURS/4IABD2/spark-streaming/exam_stream/exam_stream/data/halfourlydataset was not found. Was it deleted very recently?
25/07/11 12:03:24 WARN HadoopFSUtils: The directory file:/Users/evan/Desktop/COURS/4IABD2/spark-streaming/exam_stream/exam_stream/data/halfourlydataset was not found. Was it deleted very recently?
25/07/11 12:03:26 WARN HadoopFSUtils: The directory file:/Users/evan/Desktop/COURS/4IABD2/spark-streaming/exam_stream/exam_stream/data/halfourlydataset was not found. Was it deleted very recently?
25/07/11 12:03:28 WARN HadoopFSUtils: The directory file:/Users/evan/Desktop/COURS/4IABD2/spark-streaming/exam_stream/exam_stream/data/halfourlydataset was not found. Was it deleted very recently?
25/07/11 12:03:30 WARN HadoopFSUtils: The directory file:/Users/evan/Desktop/COURS/4IABD2/spark-streaming/exam_stream/exam_stream/data/halfourlydataset was not found. Was it deleted very recently?
25/07/11 12:03:32 WARN HadoopFSUtils: The directory file:/Users/evan/Desktop/COURS/4IABD2/spark-streaming/exam_stream/exam_stream/data/halfourlydataset was not found. Was it deleted very recently?
25/07/11 12:03:34 WARN HadoopFSUtils: The directory file:/Users/evan/Desktop/COURS/4IABD2/spark-streaming/exam_stream/exam_stream/data/halfourlydataset was not found. Was it deleted very recently?
25/07/11 12:03:36 WARN HadoopFSUtils: The directory file:/Users/evan/Desktop/COURS/4IABD2/spark-streaming/exam_stream/exam_stream/data/halfourlydataset was not found. Was it deleted very recently?
25/07/11 12:03:38 WARN HadoopFSUtils: The directory file:/Users/evan/Desktop/COURS/4IABD2/spark-streaming/exam_stream/exam_stream/data/halfourlydataset was not found. Was it deleted very recently?
25/07/11 12:03:40 WARN HadoopFSUtils: The directory file:/Users/evan/Desktop/COURS/4IABD2/spark-streaming/exam_stream/exam_stream/data/halfourlydataset was not found. Was it deleted very recently?
25/07/11 12:03:42 WARN HadoopFSUtils: The directory file:/Users/evan/Desktop/COURS/4IABD2/spark-streaming/exam_stream/exam_stream/data/halfourlydataset was not found. Was it deleted very recently?
25/07/11 12:03:44 WARN HadoopFSUtils: The directory file:/Users/evan/Desktop/COURS/4IABD2/spark-streaming/exam_stream/exam_stream/data/halfourlydataset was not found. Was it deleted very recently?
25/07/11 12:03:46 WARN HadoopFSUtils: The directory file:/Users/evan/Desktop/COURS/4IABD2/spark-streaming/exam_stream/exam_stream/data/halfourlydataset was not found. Was it deleted very recently?
25/07/11 12:03:48 WARN HadoopFSUtils: The directory file:/Users/evan/Desktop/COURS/4IABD2/spark-streaming/exam_stream/exam_stream/data/halfourlydataset was not found. Was it deleted very recently?
25/07/11 12:03:50 WARN HadoopFSUtils: The directory file:/Users/evan/Desktop/COURS/4IABD2/spark-streaming/exam_stream/exam_stream/data/halfourlydataset was not found. Was it deleted very recently?
25/07/11 12:03:52 WARN HadoopFSUtils: The directory file:/Users/evan/Desktop/COURS/4IABD2/spark-streaming/exam_stream/exam_stream/data/halfourlydataset was not found. Was it deleted very recently?
25/07/11 12:03:54 WARN HadoopFSUtils: The directory file:/Users/evan/Desktop/COURS/4IABD2/spark-streaming/exam_stream/exam_stream/data/halfourlydataset was not found. Was it deleted very recently?
25/07/11 12:03:56 WARN HadoopFSUtils: The directory file:/Users/evan/Desktop/COURS/4IABD2/spark-streaming/exam_stream/exam_stream/data/halfourlydataset was not found. Was it deleted very recently?
25/07/11 12:03:58 WARN HadoopFSUtils: The directory file:/Users/evan/Desktop/COURS/4IABD2/spark-streaming/exam_stream/exam_stream/data/halfourlydataset was not found. Was it deleted very recently?
25/07/11 12:04:00 WARN HadoopFSUtils: The directory file:/Users/evan/Desktop/COURS/4IABD2/spark-streaming/exam_stream/exam_stream/data/halfourlydataset was not found. Was it deleted very recently?
25/07/11 12:04:02 WARN HadoopFSUtils: The directory file:/Users/evan/Desktop/COURS/4IABD2/spark-streaming/exam_stream/exam_stream/data/halfourlydataset was not found. Was it deleted very recently?
25/07/11 12:04:04 WARN HadoopFSUtils: The directory file:/Users/evan/Desktop/COURS/4IABD2/spark-streaming/exam_stream/exam_stream/data/halfourlydataset was not found. Was it deleted very recently?
25/07/11 12:04:06 WARN HadoopFSUtils: The directory file:/Users/evan/Desktop/COURS/4IABD2/spark-streaming/exam_stream/exam_stream/data/halfourlydataset was not found. Was it deleted very recently?
25/07/11 12:04:08 WARN HadoopFSUtils: The directory file:/Users/evan/Desktop/COURS/4IABD2/spark-streaming/exam_stream/exam_stream/data/halfourlydataset was not found. Was it deleted very recently?
25/07/11 12:04:10 WARN HadoopFSUtils: The directory file:/Users/evan/Desktop/COURS/4IABD2/spark-streaming/exam_stream/exam_stream/data/halfourlydataset was not found. Was it deleted very recently?
25/07/11 12:04:12 WARN HadoopFSUtils: The directory file:/Users/evan/Desktop/COURS/4IABD2/spark-streaming/exam_stream/exam_stream/data/halfourlydataset was not found. Was it deleted very recently?
25/07/11 12:04:14 WARN HadoopFSUtils: The directory file:/Users/evan/Desktop/COURS/4IABD2/spark-streaming/exam_stream/exam_stream/data/halfourlydataset was not found. Was it deleted very recently?
25/07/11 12:04:16 WARN HadoopFSUtils: The directory file:/Users/evan/Desktop/COURS/4IABD2/spark-streaming/exam_stream/exam_stream/data/halfourlydataset was not found. Was it deleted very recently?
25/07/11 12:04:18 WARN HadoopFSUtils: The directory file:/Users/evan/Desktop/COURS/4IABD2/spark-streaming/exam_stream/exam_stream/data/halfourlydataset was not found. Was it deleted very recently?
25/07/11 12:04:20 WARN HadoopFSUtils: The directory file:/Users/evan/Desktop/COURS/4IABD2/spark-streaming/exam_stream/exam_stream/data/halfourlydataset was not found. Was it deleted very recently?
25/07/11 12:04:22 WARN HadoopFSUtils: The directory file:/Users/evan/Desktop/COURS/4IABD2/spark-streaming/exam_stream/exam_stream/data/halfourlydataset was not found. Was it deleted very recently?
25/07/11 12:04:24 WARN HadoopFSUtils: The directory file:/Users/evan/Desktop/COURS/4IABD2/spark-streaming/exam_stream/exam_stream/data/halfourlydataset was not found. Was it deleted very recently?
25/07/11 12:04:26 WARN HadoopFSUtils: The directory file:/Users/evan/Desktop/COURS/4IABD2/spark-streaming/exam_stream/exam_stream/data/halfourlydataset was not found. Was it deleted very recently?
25/07/11 12:04:28 WARN HadoopFSUtils: The directory file:/Users/evan/Desktop/COURS/4IABD2/spark-streaming/exam_stream/exam_stream/data/halfourlydataset was not found. Was it deleted very recently?
25/07/11 12:04:30 WARN HadoopFSUtils: The directory file:/Users/evan/Desktop/COURS/4IABD2/spark-streaming/exam_stream/exam_stream/data/halfourlydataset was not found. Was it deleted very recently?
25/07/11 12:04:32 WARN HadoopFSUtils: The directory file:/Users/evan/Desktop/COURS/4IABD2/spark-streaming/exam_stream/exam_stream/data/halfourlydataset was not found. Was it deleted very recently?
25/07/11 12:04:34 WARN HadoopFSUtils: The directory file:/Users/evan/Desktop/COURS/4IABD2/spark-streaming/exam_stream/exam_stream/data/halfourlydataset was not found. Was it deleted very recently?
25/07/11 12:04:36 WARN HadoopFSUtils: The directory file:/Users/evan/Desktop/COURS/4IABD2/spark-streaming/exam_stream/exam_stream/data/halfourlydataset was not found. Was it deleted very recently?
25/07/11 12:04:38 WARN HadoopFSUtils: The directory file:/Users/evan/Desktop/COURS/4IABD2/spark-streaming/exam_stream/exam_stream/data/halfourlydataset was not found. Was it deleted very recently?
25/07/11 12:04:40 WARN HadoopFSUtils: The directory file:/Users/evan/Desktop/COURS/4IABD2/spark-streaming/exam_stream/exam_stream/data/halfourlydataset was not found. Was it deleted very recently?
25/07/11 12:04:42 WARN HadoopFSUtils: The directory file:/Users/evan/Desktop/COURS/4IABD2/spark-streaming/exam_stream/exam_stream/data/halfourlydataset was not found. Was it deleted very recently?
25/07/11 12:04:44 WARN HadoopFSUtils: The directory file:/Users/evan/Desktop/COURS/4IABD2/spark-streaming/exam_stream/exam_stream/data/halfourlydataset was not found. Was it deleted very recently?
25/07/11 12:04:46 WARN HadoopFSUtils: The directory file:/Users/evan/Desktop/COURS/4IABD2/spark-streaming/exam_stream/exam_stream/data/halfourlydataset was not found. Was it deleted very recently?
25/07/11 12:04:48 WARN HadoopFSUtils: The directory file:/Users/evan/Desktop/COURS/4IABD2/spark-streaming/exam_stream/exam_stream/data/halfourlydataset was not found. Was it deleted very recently?
25/07/11 12:04:50 WARN HadoopFSUtils: The directory file:/Users/evan/Desktop/COURS/4IABD2/spark-streaming/exam_stream/exam_stream/data/halfourlydataset was not found. Was it deleted very recently?
25/07/11 12:04:52 WARN HadoopFSUtils: The directory file:/Users/evan/Desktop/COURS/4IABD2/spark-streaming/exam_stream/exam_stream/data/halfourlydataset was not found. Was it deleted very recently?
25/07/11 12:04:54 WARN HadoopFSUtils: The directory file:/Users/evan/Desktop/COURS/4IABD2/spark-streaming/exam_stream/exam_stream/data/halfourlydataset was not found. Was it deleted very recently?
25/07/11 12:04:56 WARN HadoopFSUtils: The directory file:/Users/evan/Desktop/COURS/4IABD2/spark-streaming/exam_stream/exam_stream/data/halfourlydataset was not found. Was it deleted very recently?
25/07/11 12:04:58 WARN HadoopFSUtils: The directory file:/Users/evan/Desktop/COURS/4IABD2/spark-streaming/exam_stream/exam_stream/data/halfourlydataset was not found. Was it deleted very recently?
25/07/11 12:05:00 WARN HadoopFSUtils: The directory file:/Users/evan/Desktop/COURS/4IABD2/spark-streaming/exam_stream/exam_stream/data/halfourlydataset was not found. Was it deleted very recently?
25/07/11 12:05:02 WARN HadoopFSUtils: The directory file:/Users/evan/Desktop/COURS/4IABD2/spark-streaming/exam_stream/exam_stream/data/halfourlydataset was not found. Was it deleted very recently?
25/07/11 12:05:04 WARN HadoopFSUtils: The directory file:/Users/evan/Desktop/COURS/4IABD2/spark-streaming/exam_stream/exam_stream/data/halfourlydataset was not found. Was it deleted very recently?
25/07/11 12:05:06 WARN HadoopFSUtils: The directory file:/Users/evan/Desktop/COURS/4IABD2/spark-streaming/exam_stream/exam_stream/data/halfourlydataset was not found. Was it deleted very recently?
25/07/11 12:05:08 WARN HadoopFSUtils: The directory file:/Users/evan/Desktop/COURS/4IABD2/spark-streaming/exam_stream/exam_stream/data/halfourlydataset was not found. Was it deleted very recently?
25/07/11 12:05:10 WARN HadoopFSUtils: The directory file:/Users/evan/Desktop/COURS/4IABD2/spark-streaming/exam_stream/exam_stream/data/halfourlydataset was not found. Was it deleted very recently?
25/07/11 12:05:12 WARN HadoopFSUtils: The directory file:/Users/evan/Desktop/COURS/4IABD2/spark-streaming/exam_stream/exam_stream/data/halfourlydataset was not found. Was it deleted very recently?
25/07/11 12:05:14 WARN HadoopFSUtils: The directory file:/Users/evan/Desktop/COURS/4IABD2/spark-streaming/exam_stream/exam_stream/data/halfourlydataset was not found. Was it deleted very recently?
25/07/11 12:05:16 WARN HadoopFSUtils: The directory file:/Users/evan/Desktop/COURS/4IABD2/spark-streaming/exam_stream/exam_stream/data/halfourlydataset was not found. Was it deleted very recently?
25/07/11 12:05:18 WARN HadoopFSUtils: The directory file:/Users/evan/Desktop/COURS/4IABD2/spark-streaming/exam_stream/exam_stream/data/halfourlydataset was not found. Was it deleted very recently?
25/07/11 12:05:20 WARN HadoopFSUtils: The directory file:/Users/evan/Desktop/COURS/4IABD2/spark-streaming/exam_stream/exam_stream/data/halfourlydataset was not found. Was it deleted very recently?
25/07/11 12:05:22 WARN HadoopFSUtils: The directory file:/Users/evan/Desktop/COURS/4IABD2/spark-streaming/exam_stream/exam_stream/data/halfourlydataset was not found. Was it deleted very recently?
25/07/11 12:05:24 WARN HadoopFSUtils: The directory file:/Users/evan/Desktop/COURS/4IABD2/spark-streaming/exam_stream/exam_stream/data/halfourlydataset was not found. Was it deleted very recently?
25/07/11 12:05:26 WARN HadoopFSUtils: The directory file:/Users/evan/Desktop/COURS/4IABD2/spark-streaming/exam_stream/exam_stream/data/halfourlydataset was not found. Was it deleted very recently?
25/07/11 12:05:28 WARN HadoopFSUtils: The directory file:/Users/evan/Desktop/COURS/4IABD2/spark-streaming/exam_stream/exam_stream/data/halfourlydataset was not found. Was it deleted very recently?
25/07/11 12:05:30 WARN HadoopFSUtils: The directory file:/Users/evan/Desktop/COURS/4IABD2/spark-streaming/exam_stream/exam_stream/data/halfourlydataset was not found. Was it deleted very recently?
25/07/11 12:05:32 WARN HadoopFSUtils: The directory file:/Users/evan/Desktop/COURS/4IABD2/spark-streaming/exam_stream/exam_stream/data/halfourlydataset was not found. Was it deleted very recently?
25/07/11 12:05:34 WARN HadoopFSUtils: The directory file:/Users/evan/Desktop/COURS/4IABD2/spark-streaming/exam_stream/exam_stream/data/halfourlydataset was not found. Was it deleted very recently?
25/07/11 12:05:36 WARN HadoopFSUtils: The directory file:/Users/evan/Desktop/COURS/4IABD2/spark-streaming/exam_stream/exam_stream/data/halfourlydataset was not found. Was it deleted very recently?
25/07/11 12:05:38 WARN HadoopFSUtils: The directory file:/Users/evan/Desktop/COURS/4IABD2/spark-streaming/exam_stream/exam_stream/data/halfourlydataset was not found. Was it deleted very recently?
25/07/11 12:05:40 WARN HadoopFSUtils: The directory file:/Users/evan/Desktop/COURS/4IABD2/spark-streaming/exam_stream/exam_stream/data/halfourlydataset was not found. Was it deleted very recently?
25/07/11 12:05:42 WARN HadoopFSUtils: The directory file:/Users/evan/Desktop/COURS/4IABD2/spark-streaming/exam_stream/exam_stream/data/halfourlydataset was not found. Was it deleted very recently?
25/07/11 12:05:44 WARN HadoopFSUtils: The directory file:/Users/evan/Desktop/COURS/4IABD2/spark-streaming/exam_stream/exam_stream/data/halfourlydataset was not found. Was it deleted very recently?
25/07/11 12:05:46 WARN HadoopFSUtils: The directory file:/Users/evan/Desktop/COURS/4IABD2/spark-streaming/exam_stream/exam_stream/data/halfourlydataset was not found. Was it deleted very recently?
25/07/11 12:05:48 WARN HadoopFSUtils: The directory file:/Users/evan/Desktop/COURS/4IABD2/spark-streaming/exam_stream/exam_stream/data/halfourlydataset was not found. Was it deleted very recently?
25/07/11 12:05:50 WARN HadoopFSUtils: The directory file:/Users/evan/Desktop/COURS/4IABD2/spark-streaming/exam_stream/exam_stream/data/halfourlydataset was not found. Was it deleted very recently?
25/07/11 12:05:52 WARN HadoopFSUtils: The directory file:/Users/evan/Desktop/COURS/4IABD2/spark-streaming/exam_stream/exam_stream/data/halfourlydataset was not found. Was it deleted very recently?
25/07/11 12:05:54 WARN HadoopFSUtils: The directory file:/Users/evan/Desktop/COURS/4IABD2/spark-streaming/exam_stream/exam_stream/data/halfourlydataset was not found. Was it deleted very recently?
25/07/11 12:05:56 WARN HadoopFSUtils: The directory file:/Users/evan/Desktop/COURS/4IABD2/spark-streaming/exam_stream/exam_stream/data/halfourlydataset was not found. Was it deleted very recently?
25/07/11 12:05:58 WARN HadoopFSUtils: The directory file:/Users/evan/Desktop/COURS/4IABD2/spark-streaming/exam_stream/exam_stream/data/halfourlydataset was not found. Was it deleted very recently?
25/07/11 12:06:00 WARN HadoopFSUtils: The directory file:/Users/evan/Desktop/COURS/4IABD2/spark-streaming/exam_stream/exam_stream/data/halfourlydataset was not found. Was it deleted very recently?
25/07/11 12:06:02 WARN HadoopFSUtils: The directory file:/Users/evan/Desktop/COURS/4IABD2/spark-streaming/exam_stream/exam_stream/data/halfourlydataset was not found. Was it deleted very recently?
25/07/11 12:06:04 WARN HadoopFSUtils: The directory file:/Users/evan/Desktop/COURS/4IABD2/spark-streaming/exam_stream/exam_stream/data/halfourlydataset was not found. Was it deleted very recently?
25/07/11 12:06:06 WARN HadoopFSUtils: The directory file:/Users/evan/Desktop/COURS/4IABD2/spark-streaming/exam_stream/exam_stream/data/halfourlydataset was not found. Was it deleted very recently?
25/07/11 12:06:08 WARN HadoopFSUtils: The directory file:/Users/evan/Desktop/COURS/4IABD2/spark-streaming/exam_stream/exam_stream/data/halfourlydataset was not found. Was it deleted very recently?
25/07/11 12:06:10 WARN HadoopFSUtils: The directory file:/Users/evan/Desktop/COURS/4IABD2/spark-streaming/exam_stream/exam_stream/data/halfourlydataset was not found. Was it deleted very recently?
25/07/11 12:06:12 WARN HadoopFSUtils: The directory file:/Users/evan/Desktop/COURS/4IABD2/spark-streaming/exam_stream/exam_stream/data/halfourlydataset was not found. Was it deleted very recently?
25/07/11 12:06:14 WARN HadoopFSUtils: The directory file:/Users/evan/Desktop/COURS/4IABD2/spark-streaming/exam_stream/exam_stream/data/halfourlydataset was not found. Was it deleted very recently?
25/07/11 12:06:16 WARN HadoopFSUtils: The directory file:/Users/evan/Desktop/COURS/4IABD2/spark-streaming/exam_stream/exam_stream/data/halfourlydataset was not found. Was it deleted very recently?
25/07/11 12:06:18 WARN HadoopFSUtils: The directory file:/Users/evan/Desktop/COURS/4IABD2/spark-streaming/exam_stream/exam_stream/data/halfourlydataset was not found. Was it deleted very recently?
25/07/11 12:06:20 WARN HadoopFSUtils: The directory file:/Users/evan/Desktop/COURS/4IABD2/spark-streaming/exam_stream/exam_stream/data/halfourlydataset was not found. Was it deleted very recently?
25/07/11 12:06:22 WARN HadoopFSUtils: The directory file:/Users/evan/Desktop/COURS/4IABD2/spark-streaming/exam_stream/exam_stream/data/halfourlydataset was not found. Was it deleted very recently?
25/07/11 12:06:24 WARN HadoopFSUtils: The directory file:/Users/evan/Desktop/COURS/4IABD2/spark-streaming/exam_stream/exam_stream/data/halfourlydataset was not found. Was it deleted very recently?
25/07/11 12:06:26 WARN HadoopFSUtils: The directory file:/Users/evan/Desktop/COURS/4IABD2/spark-streaming/exam_stream/exam_stream/data/halfourlydataset was not found. Was it deleted very recently?
25/07/11 12:06:28 WARN HadoopFSUtils: The directory file:/Users/evan/Desktop/COURS/4IABD2/spark-streaming/exam_stream/exam_stream/data/halfourlydataset was not found. Was it deleted very recently?
25/07/11 12:06:30 WARN HadoopFSUtils: The directory file:/Users/evan/Desktop/COURS/4IABD2/spark-streaming/exam_stream/exam_stream/data/halfourlydataset was not found. Was it deleted very recently?
25/07/11 12:06:32 WARN HadoopFSUtils: The directory file:/Users/evan/Desktop/COURS/4IABD2/spark-streaming/exam_stream/exam_stream/data/halfourlydataset was not found. Was it deleted very recently?
25/07/11 12:06:34 WARN HadoopFSUtils: The directory file:/Users/evan/Desktop/COURS/4IABD2/spark-streaming/exam_stream/exam_stream/data/halfourlydataset was not found. Was it deleted very recently?
25/07/11 12:06:36 WARN HadoopFSUtils: The directory file:/Users/evan/Desktop/COURS/4IABD2/spark-streaming/exam_stream/exam_stream/data/halfourlydataset was not found. Was it deleted very recently?
25/07/11 12:06:38 WARN HadoopFSUtils: The directory file:/Users/evan/Desktop/COURS/4IABD2/spark-streaming/exam_stream/exam_stream/data/halfourlydataset was not found. Was it deleted very recently?
25/07/11 12:06:40 WARN HadoopFSUtils: The directory file:/Users/evan/Desktop/COURS/4IABD2/spark-streaming/exam_stream/exam_stream/data/halfourlydataset was not found. Was it deleted very recently?
25/07/11 12:06:42 WARN HadoopFSUtils: The directory file:/Users/evan/Desktop/COURS/4IABD2/spark-streaming/exam_stream/exam_stream/data/halfourlydataset was not found. Was it deleted very recently?
25/07/11 12:06:44 WARN HadoopFSUtils: The directory file:/Users/evan/Desktop/COURS/4IABD2/spark-streaming/exam_stream/exam_stream/data/halfourlydataset was not found. Was it deleted very recently?
25/07/11 12:06:46 WARN HadoopFSUtils: The directory file:/Users/evan/Desktop/COURS/4IABD2/spark-streaming/exam_stream/exam_stream/data/halfourlydataset was not found. Was it deleted very recently?
25/07/11 12:06:48 WARN HadoopFSUtils: The directory file:/Users/evan/Desktop/COURS/4IABD2/spark-streaming/exam_stream/exam_stream/data/halfourlydataset was not found. Was it deleted very recently?
25/07/11 12:06:50 WARN HadoopFSUtils: The directory file:/Users/evan/Desktop/COURS/4IABD2/spark-streaming/exam_stream/exam_stream/data/halfourlydataset was not found. Was it deleted very recently?
25/07/11 12:06:52 WARN HadoopFSUtils: The directory file:/Users/evan/Desktop/COURS/4IABD2/spark-streaming/exam_stream/exam_stream/data/halfourlydataset was not found. Was it deleted very recently?
25/07/11 12:06:54 WARN HadoopFSUtils: The directory file:/Users/evan/Desktop/COURS/4IABD2/spark-streaming/exam_stream/exam_stream/data/halfourlydataset was not found. Was it deleted very recently?
25/07/11 12:06:56 WARN HadoopFSUtils: The directory file:/Users/evan/Desktop/COURS/4IABD2/spark-streaming/exam_stream/exam_stream/data/halfourlydataset was not found. Was it deleted very recently?
25/07/11 12:06:58 WARN HadoopFSUtils: The directory file:/Users/evan/Desktop/COURS/4IABD2/spark-streaming/exam_stream/exam_stream/data/halfourlydataset was not found. Was it deleted very recently?
25/07/11 12:07:00 WARN HadoopFSUtils: The directory file:/Users/evan/Desktop/COURS/4IABD2/spark-streaming/exam_stream/exam_stream/data/halfourlydataset was not found. Was it deleted very recently?
25/07/11 12:07:02 WARN HadoopFSUtils: The directory file:/Users/evan/Desktop/COURS/4IABD2/spark-streaming/exam_stream/exam_stream/data/halfourlydataset was not found. Was it deleted very recently?
25/07/11 12:07:04 WARN HadoopFSUtils: The directory file:/Users/evan/Desktop/COURS/4IABD2/spark-streaming/exam_stream/exam_stream/data/halfourlydataset was not found. Was it deleted very recently?
25/07/11 12:07:06 WARN HadoopFSUtils: The directory file:/Users/evan/Desktop/COURS/4IABD2/spark-streaming/exam_stream/exam_stream/data/halfourlydataset was not found. Was it deleted very recently?
25/07/11 12:07:08 WARN HadoopFSUtils: The directory file:/Users/evan/Desktop/COURS/4IABD2/spark-streaming/exam_stream/exam_stream/data/halfourlydataset was not found. Was it deleted very recently?
25/07/11 12:07:10 WARN HadoopFSUtils: The directory file:/Users/evan/Desktop/COURS/4IABD2/spark-streaming/exam_stream/exam_stream/data/halfourlydataset was not found. Was it deleted very recently?
25/07/11 12:07:12 WARN HadoopFSUtils: The directory file:/Users/evan/Desktop/COURS/4IABD2/spark-streaming/exam_stream/exam_stream/data/halfourlydataset was not found. Was it deleted very recently?
25/07/11 12:07:14 WARN HadoopFSUtils: The directory file:/Users/evan/Desktop/COURS/4IABD2/spark-streaming/exam_stream/exam_stream/data/halfourlydataset was not found. Was it deleted very recently?
25/07/11 12:07:16 WARN HadoopFSUtils: The directory file:/Users/evan/Desktop/COURS/4IABD2/spark-streaming/exam_stream/exam_stream/data/halfourlydataset was not found. Was it deleted very recently?
25/07/11 12:07:18 WARN HadoopFSUtils: The directory file:/Users/evan/Desktop/COURS/4IABD2/spark-streaming/exam_stream/exam_stream/data/halfourlydataset was not found. Was it deleted very recently?
25/07/11 12:07:20 WARN HadoopFSUtils: The directory file:/Users/evan/Desktop/COURS/4IABD2/spark-streaming/exam_stream/exam_stream/data/halfourlydataset was not found. Was it deleted very recently?
25/07/11 12:07:22 WARN HadoopFSUtils: The directory file:/Users/evan/Desktop/COURS/4IABD2/spark-streaming/exam_stream/exam_stream/data/halfourlydataset was not found. Was it deleted very recently?
25/07/11 12:07:24 WARN HadoopFSUtils: The directory file:/Users/evan/Desktop/COURS/4IABD2/spark-streaming/exam_stream/exam_stream/data/halfourlydataset was not found. Was it deleted very recently?
25/07/11 12:07:26 WARN HadoopFSUtils: The directory file:/Users/evan/Desktop/COURS/4IABD2/spark-streaming/exam_stream/exam_stream/data/halfourlydataset was not found. Was it deleted very recently?
25/07/11 12:07:28 WARN HadoopFSUtils: The directory file:/Users/evan/Desktop/COURS/4IABD2/spark-streaming/exam_stream/exam_stream/data/halfourlydataset was not found. Was it deleted very recently?
25/07/11 12:07:30 WARN HadoopFSUtils: The directory file:/Users/evan/Desktop/COURS/4IABD2/spark-streaming/exam_stream/exam_stream/data/halfourlydataset was not found. Was it deleted very recently?
25/07/11 12:07:32 WARN HadoopFSUtils: The directory file:/Users/evan/Desktop/COURS/4IABD2/spark-streaming/exam_stream/exam_stream/data/halfourlydataset was not found. Was it deleted very recently?
25/07/11 12:07:34 WARN HadoopFSUtils: The directory file:/Users/evan/Desktop/COURS/4IABD2/spark-streaming/exam_stream/exam_stream/data/halfourlydataset was not found. Was it deleted very recently?
25/07/11 12:07:36 WARN HadoopFSUtils: The directory file:/Users/evan/Desktop/COURS/4IABD2/spark-streaming/exam_stream/exam_stream/data/halfourlydataset was not found. Was it deleted very recently?
25/07/11 12:07:38 WARN HadoopFSUtils: The directory file:/Users/evan/Desktop/COURS/4IABD2/spark-streaming/exam_stream/exam_stream/data/halfourlydataset was not found. Was it deleted very recently?
25/07/11 12:07:40 WARN HadoopFSUtils: The directory file:/Users/evan/Desktop/COURS/4IABD2/spark-streaming/exam_stream/exam_stream/data/halfourlydataset was not found. Was it deleted very recently?
25/07/11 12:07:42 WARN HadoopFSUtils: The directory file:/Users/evan/Desktop/COURS/4IABD2/spark-streaming/exam_stream/exam_stream/data/halfourlydataset was not found. Was it deleted very recently?
25/07/11 12:07:44 WARN HadoopFSUtils: The directory file:/Users/evan/Desktop/COURS/4IABD2/spark-streaming/exam_stream/exam_stream/data/halfourlydataset was not found. Was it deleted very recently?
25/07/11 12:07:46 WARN HadoopFSUtils: The directory file:/Users/evan/Desktop/COURS/4IABD2/spark-streaming/exam_stream/exam_stream/data/halfourlydataset was not found. Was it deleted very recently?
25/07/11 12:07:48 WARN HadoopFSUtils: The directory file:/Users/evan/Desktop/COURS/4IABD2/spark-streaming/exam_stream/exam_stream/data/halfourlydataset was not found. Was it deleted very recently?
25/07/11 12:07:50 WARN HadoopFSUtils: The directory file:/Users/evan/Desktop/COURS/4IABD2/spark-streaming/exam_stream/exam_stream/data/halfourlydataset was not found. Was it deleted very recently?
25/07/11 12:07:52 WARN HadoopFSUtils: The directory file:/Users/evan/Desktop/COURS/4IABD2/spark-streaming/exam_stream/exam_stream/data/halfourlydataset was not found. Was it deleted very recently?
25/07/11 12:07:54 WARN HadoopFSUtils: The directory file:/Users/evan/Desktop/COURS/4IABD2/spark-streaming/exam_stream/exam_stream/data/halfourlydataset was not found. Was it deleted very recently?
25/07/11 12:07:56 WARN HadoopFSUtils: The directory file:/Users/evan/Desktop/COURS/4IABD2/spark-streaming/exam_stream/exam_stream/data/halfourlydataset was not found. Was it deleted very recently?
25/07/11 12:07:58 WARN HadoopFSUtils: The directory file:/Users/evan/Desktop/COURS/4IABD2/spark-streaming/exam_stream/exam_stream/data/halfourlydataset was not found. Was it deleted very recently?
25/07/11 12:08:00 WARN HadoopFSUtils: The directory file:/Users/evan/Desktop/COURS/4IABD2/spark-streaming/exam_stream/exam_stream/data/halfourlydataset was not found. Was it deleted very recently?
25/07/11 12:08:02 WARN HadoopFSUtils: The directory file:/Users/evan/Desktop/COURS/4IABD2/spark-streaming/exam_stream/exam_stream/data/halfourlydataset was not found. Was it deleted very recently?
25/07/11 12:08:04 WARN HadoopFSUtils: The directory file:/Users/evan/Desktop/COURS/4IABD2/spark-streaming/exam_stream/exam_stream/data/halfourlydataset was not found. Was it deleted very recently?
25/07/11 12:08:06 WARN HadoopFSUtils: The directory file:/Users/evan/Desktop/COURS/4IABD2/spark-streaming/exam_stream/exam_stream/data/halfourlydataset was not found. Was it deleted very recently?
25/07/11 12:08:08 WARN HadoopFSUtils: The directory file:/Users/evan/Desktop/COURS/4IABD2/spark-streaming/exam_stream/exam_stream/data/halfourlydataset was not found. Was it deleted very recently?
25/07/11 12:08:10 WARN HadoopFSUtils: The directory file:/Users/evan/Desktop/COURS/4IABD2/spark-streaming/exam_stream/exam_stream/data/halfourlydataset was not found. Was it deleted very recently?
25/07/11 12:08:12 WARN HadoopFSUtils: The directory file:/Users/evan/Desktop/COURS/4IABD2/spark-streaming/exam_stream/exam_stream/data/halfourlydataset was not found. Was it deleted very recently?
25/07/11 12:08:14 WARN HadoopFSUtils: The directory file:/Users/evan/Desktop/COURS/4IABD2/spark-streaming/exam_stream/exam_stream/data/halfourlydataset was not found. Was it deleted very recently?
25/07/11 12:08:16 WARN HadoopFSUtils: The directory file:/Users/evan/Desktop/COURS/4IABD2/spark-streaming/exam_stream/exam_stream/data/halfourlydataset was not found. Was it deleted very recently?
25/07/11 12:08:18 WARN HadoopFSUtils: The directory file:/Users/evan/Desktop/COURS/4IABD2/spark-streaming/exam_stream/exam_stream/data/halfourlydataset was not found. Was it deleted very recently?
25/07/11 12:08:20 WARN HadoopFSUtils: The directory file:/Users/evan/Desktop/COURS/4IABD2/spark-streaming/exam_stream/exam_stream/data/halfourlydataset was not found. Was it deleted very recently?
25/07/11 12:08:22 WARN HadoopFSUtils: The directory file:/Users/evan/Desktop/COURS/4IABD2/spark-streaming/exam_stream/exam_stream/data/halfourlydataset was not found. Was it deleted very recently?
25/07/11 12:08:24 WARN HadoopFSUtils: The directory file:/Users/evan/Desktop/COURS/4IABD2/spark-streaming/exam_stream/exam_stream/data/halfourlydataset was not found. Was it deleted very recently?
25/07/11 12:08:26 WARN HadoopFSUtils: The directory file:/Users/evan/Desktop/COURS/4IABD2/spark-streaming/exam_stream/exam_stream/data/halfourlydataset was not found. Was it deleted very recently?
25/07/11 12:08:28 WARN HadoopFSUtils: The directory file:/Users/evan/Desktop/COURS/4IABD2/spark-streaming/exam_stream/exam_stream/data/halfourlydataset was not found. Was it deleted very recently?
25/07/11 12:08:30 WARN HadoopFSUtils: The directory file:/Users/evan/Desktop/COURS/4IABD2/spark-streaming/exam_stream/exam_stream/data/halfourlydataset was not found. Was it deleted very recently?
25/07/11 12:08:32 WARN HadoopFSUtils: The directory file:/Users/evan/Desktop/COURS/4IABD2/spark-streaming/exam_stream/exam_stream/data/halfourlydataset was not found. Was it deleted very recently?
25/07/11 12:08:34 WARN HadoopFSUtils: The directory file:/Users/evan/Desktop/COURS/4IABD2/spark-streaming/exam_stream/exam_stream/data/halfourlydataset was not found. Was it deleted very recently?
25/07/11 12:08:36 WARN HadoopFSUtils: The directory file:/Users/evan/Desktop/COURS/4IABD2/spark-streaming/exam_stream/exam_stream/data/halfourlydataset was not found. Was it deleted very recently?
25/07/11 12:08:38 WARN HadoopFSUtils: The directory file:/Users/evan/Desktop/COURS/4IABD2/spark-streaming/exam_stream/exam_stream/data/halfourlydataset was not found. Was it deleted very recently?
25/07/11 12:08:40 WARN HadoopFSUtils: The directory file:/Users/evan/Desktop/COURS/4IABD2/spark-streaming/exam_stream/exam_stream/data/halfourlydataset was not found. Was it deleted very recently?
25/07/11 12:08:42 WARN HadoopFSUtils: The directory file:/Users/evan/Desktop/COURS/4IABD2/spark-streaming/exam_stream/exam_stream/data/halfourlydataset was not found. Was it deleted very recently?
25/07/11 12:08:44 WARN HadoopFSUtils: The directory file:/Users/evan/Desktop/COURS/4IABD2/spark-streaming/exam_stream/exam_stream/data/halfourlydataset was not found. Was it deleted very recently?
25/07/11 12:08:46 WARN HadoopFSUtils: The directory file:/Users/evan/Desktop/COURS/4IABD2/spark-streaming/exam_stream/exam_stream/data/halfourlydataset was not found. Was it deleted very recently?
25/07/11 12:08:48 WARN HadoopFSUtils: The directory file:/Users/evan/Desktop/COURS/4IABD2/spark-streaming/exam_stream/exam_stream/data/halfourlydataset was not found. Was it deleted very recently?
25/07/11 12:08:50 WARN HadoopFSUtils: The directory file:/Users/evan/Desktop/COURS/4IABD2/spark-streaming/exam_stream/exam_stream/data/halfourlydataset was not found. Was it deleted very recently?
25/07/11 12:08:52 WARN HadoopFSUtils: The directory file:/Users/evan/Desktop/COURS/4IABD2/spark-streaming/exam_stream/exam_stream/data/halfourlydataset was not found. Was it deleted very recently?
25/07/11 12:08:54 WARN HadoopFSUtils: The directory file:/Users/evan/Desktop/COURS/4IABD2/spark-streaming/exam_stream/exam_stream/data/halfourlydataset was not found. Was it deleted very recently?
25/07/11 12:08:56 WARN HadoopFSUtils: The directory file:/Users/evan/Desktop/COURS/4IABD2/spark-streaming/exam_stream/exam_stream/data/halfourlydataset was not found. Was it deleted very recently?
25/07/11 12:08:58 WARN HadoopFSUtils: The directory file:/Users/evan/Desktop/COURS/4IABD2/spark-streaming/exam_stream/exam_stream/data/halfourlydataset was not found. Was it deleted very recently?
25/07/11 12:09:00 WARN HadoopFSUtils: The directory file:/Users/evan/Desktop/COURS/4IABD2/spark-streaming/exam_stream/exam_stream/data/halfourlydataset was not found. Was it deleted very recently?
25/07/11 12:09:02 WARN HadoopFSUtils: The directory file:/Users/evan/Desktop/COURS/4IABD2/spark-streaming/exam_stream/exam_stream/data/halfourlydataset was not found. Was it deleted very recently?
25/07/11 12:09:04 WARN HadoopFSUtils: The directory file:/Users/evan/Desktop/COURS/4IABD2/spark-streaming/exam_stream/exam_stream/data/halfourlydataset was not found. Was it deleted very recently?
25/07/11 12:09:06 WARN HadoopFSUtils: The directory file:/Users/evan/Desktop/COURS/4IABD2/spark-streaming/exam_stream/exam_stream/data/halfourlydataset was not found. Was it deleted very recently?
25/07/11 12:09:08 WARN HadoopFSUtils: The directory file:/Users/evan/Desktop/COURS/4IABD2/spark-streaming/exam_stream/exam_stream/data/halfourlydataset was not found. Was it deleted very recently?
25/07/11 12:09:10 WARN HadoopFSUtils: The directory file:/Users/evan/Desktop/COURS/4IABD2/spark-streaming/exam_stream/exam_stream/data/halfourlydataset was not found. Was it deleted very recently?
25/07/11 12:09:12 WARN HadoopFSUtils: The directory file:/Users/evan/Desktop/COURS/4IABD2/spark-streaming/exam_stream/exam_stream/data/halfourlydataset was not found. Was it deleted very recently?
25/07/11 12:09:14 WARN HadoopFSUtils: The directory file:/Users/evan/Desktop/COURS/4IABD2/spark-streaming/exam_stream/exam_stream/data/halfourlydataset was not found. Was it deleted very recently?
25/07/11 12:09:16 WARN HadoopFSUtils: The directory file:/Users/evan/Desktop/COURS/4IABD2/spark-streaming/exam_stream/exam_stream/data/halfourlydataset was not found. Was it deleted very recently?
25/07/11 12:09:18 WARN HadoopFSUtils: The directory file:/Users/evan/Desktop/COURS/4IABD2/spark-streaming/exam_stream/exam_stream/data/halfourlydataset was not found. Was it deleted very recently?
25/07/11 12:09:20 WARN HadoopFSUtils: The directory file:/Users/evan/Desktop/COURS/4IABD2/spark-streaming/exam_stream/exam_stream/data/halfourlydataset was not found. Was it deleted very recently?
25/07/11 12:09:22 WARN HadoopFSUtils: The directory file:/Users/evan/Desktop/COURS/4IABD2/spark-streaming/exam_stream/exam_stream/data/halfourlydataset was not found. Was it deleted very recently?
25/07/11 12:09:24 WARN HadoopFSUtils: The directory file:/Users/evan/Desktop/COURS/4IABD2/spark-streaming/exam_stream/exam_stream/data/halfourlydataset was not found. Was it deleted very recently?
25/07/11 12:09:26 WARN HadoopFSUtils: The directory file:/Users/evan/Desktop/COURS/4IABD2/spark-streaming/exam_stream/exam_stream/data/halfourlydataset was not found. Was it deleted very recently?
25/07/11 12:09:28 WARN HadoopFSUtils: The directory file:/Users/evan/Desktop/COURS/4IABD2/spark-streaming/exam_stream/exam_stream/data/halfourlydataset was not found. Was it deleted very recently?
25/07/11 12:09:30 WARN HadoopFSUtils: The directory file:/Users/evan/Desktop/COURS/4IABD2/spark-streaming/exam_stream/exam_stream/data/halfourlydataset was not found. Was it deleted very recently?
25/07/11 12:09:32 WARN HadoopFSUtils: The directory file:/Users/evan/Desktop/COURS/4IABD2/spark-streaming/exam_stream/exam_stream/data/halfourlydataset was not found. Was it deleted very recently?
25/07/11 12:09:34 WARN HadoopFSUtils: The directory file:/Users/evan/Desktop/COURS/4IABD2/spark-streaming/exam_stream/exam_stream/data/halfourlydataset was not found. Was it deleted very recently?
25/07/11 12:09:36 WARN HadoopFSUtils: The directory file:/Users/evan/Desktop/COURS/4IABD2/spark-streaming/exam_stream/exam_stream/data/halfourlydataset was not found. Was it deleted very recently?
25/07/11 12:09:38 WARN HadoopFSUtils: The directory file:/Users/evan/Desktop/COURS/4IABD2/spark-streaming/exam_stream/exam_stream/data/halfourlydataset was not found. Was it deleted very recently?
25/07/11 12:09:40 WARN HadoopFSUtils: The directory file:/Users/evan/Desktop/COURS/4IABD2/spark-streaming/exam_stream/exam_stream/data/halfourlydataset was not found. Was it deleted very recently?
25/07/11 12:09:42 WARN HadoopFSUtils: The directory file:/Users/evan/Desktop/COURS/4IABD2/spark-streaming/exam_stream/exam_stream/data/halfourlydataset was not found. Was it deleted very recently?
25/07/11 12:09:44 WARN HadoopFSUtils: The directory file:/Users/evan/Desktop/COURS/4IABD2/spark-streaming/exam_stream/exam_stream/data/halfourlydataset was not found. Was it deleted very recently?
25/07/11 12:09:46 WARN HadoopFSUtils: The directory file:/Users/evan/Desktop/COURS/4IABD2/spark-streaming/exam_stream/exam_stream/data/halfourlydataset was not found. Was it deleted very recently?
25/07/11 12:09:48 WARN HadoopFSUtils: The directory file:/Users/evan/Desktop/COURS/4IABD2/spark-streaming/exam_stream/exam_stream/data/halfourlydataset was not found. Was it deleted very recently?
25/07/11 12:09:50 WARN HadoopFSUtils: The directory file:/Users/evan/Desktop/COURS/4IABD2/spark-streaming/exam_stream/exam_stream/data/halfourlydataset was not found. Was it deleted very recently?
25/07/11 12:09:52 WARN HadoopFSUtils: The directory file:/Users/evan/Desktop/COURS/4IABD2/spark-streaming/exam_stream/exam_stream/data/halfourlydataset was not found. Was it deleted very recently?
25/07/11 12:09:54 WARN HadoopFSUtils: The directory file:/Users/evan/Desktop/COURS/4IABD2/spark-streaming/exam_stream/exam_stream/data/halfourlydataset was not found. Was it deleted very recently?
25/07/11 12:09:56 WARN HadoopFSUtils: The directory file:/Users/evan/Desktop/COURS/4IABD2/spark-streaming/exam_stream/exam_stream/data/halfourlydataset was not found. Was it deleted very recently?
25/07/11 12:09:58 WARN HadoopFSUtils: The directory file:/Users/evan/Desktop/COURS/4IABD2/spark-streaming/exam_stream/exam_stream/data/halfourlydataset was not found. Was it deleted very recently?
25/07/11 12:10:00 WARN HadoopFSUtils: The directory file:/Users/evan/Desktop/COURS/4IABD2/spark-streaming/exam_stream/exam_stream/data/halfourlydataset was not found. Was it deleted very recently?
25/07/11 12:10:02 WARN HadoopFSUtils: The directory file:/Users/evan/Desktop/COURS/4IABD2/spark-streaming/exam_stream/exam_stream/data/halfourlydataset was not found. Was it deleted very recently?
25/07/11 12:10:04 WARN HadoopFSUtils: The directory file:/Users/evan/Desktop/COURS/4IABD2/spark-streaming/exam_stream/exam_stream/data/halfourlydataset was not found. Was it deleted very recently?
25/07/11 12:10:06 WARN HadoopFSUtils: The directory file:/Users/evan/Desktop/COURS/4IABD2/spark-streaming/exam_stream/exam_stream/data/halfourlydataset was not found. Was it deleted very recently?
25/07/11 12:10:08 WARN HadoopFSUtils: The directory file:/Users/evan/Desktop/COURS/4IABD2/spark-streaming/exam_stream/exam_stream/data/halfourlydataset was not found. Was it deleted very recently?
25/07/11 12:10:10 WARN HadoopFSUtils: The directory file:/Users/evan/Desktop/COURS/4IABD2/spark-streaming/exam_stream/exam_stream/data/halfourlydataset was not found. Was it deleted very recently?
25/07/11 12:10:12 WARN HadoopFSUtils: The directory file:/Users/evan/Desktop/COURS/4IABD2/spark-streaming/exam_stream/exam_stream/data/halfourlydataset was not found. Was it deleted very recently?
25/07/11 12:10:14 WARN HadoopFSUtils: The directory file:/Users/evan/Desktop/COURS/4IABD2/spark-streaming/exam_stream/exam_stream/data/halfourlydataset was not found. Was it deleted very recently?
25/07/11 12:10:16 WARN HadoopFSUtils: The directory file:/Users/evan/Desktop/COURS/4IABD2/spark-streaming/exam_stream/exam_stream/data/halfourlydataset was not found. Was it deleted very recently?
25/07/11 12:10:18 WARN HadoopFSUtils: The directory file:/Users/evan/Desktop/COURS/4IABD2/spark-streaming/exam_stream/exam_stream/data/halfourlydataset was not found. Was it deleted very recently?
25/07/11 12:10:20 WARN HadoopFSUtils: The directory file:/Users/evan/Desktop/COURS/4IABD2/spark-streaming/exam_stream/exam_stream/data/halfourlydataset was not found. Was it deleted very recently?
25/07/11 12:10:22 WARN HadoopFSUtils: The directory file:/Users/evan/Desktop/COURS/4IABD2/spark-streaming/exam_stream/exam_stream/data/halfourlydataset was not found. Was it deleted very recently?
25/07/11 12:10:24 WARN HadoopFSUtils: The directory file:/Users/evan/Desktop/COURS/4IABD2/spark-streaming/exam_stream/exam_stream/data/halfourlydataset was not found. Was it deleted very recently?
25/07/11 12:10:26 WARN HadoopFSUtils: The directory file:/Users/evan/Desktop/COURS/4IABD2/spark-streaming/exam_stream/exam_stream/data/halfourlydataset was not found. Was it deleted very recently?
25/07/11 12:10:28 WARN HadoopFSUtils: The directory file:/Users/evan/Desktop/COURS/4IABD2/spark-streaming/exam_stream/exam_stream/data/halfourlydataset was not found. Was it deleted very recently?
25/07/11 12:10:30 WARN HadoopFSUtils: The directory file:/Users/evan/Desktop/COURS/4IABD2/spark-streaming/exam_stream/exam_stream/data/halfourlydataset was not found. Was it deleted very recently?
25/07/11 12:10:32 WARN HadoopFSUtils: The directory file:/Users/evan/Desktop/COURS/4IABD2/spark-streaming/exam_stream/exam_stream/data/halfourlydataset was not found. Was it deleted very recently?
25/07/11 12:10:34 WARN HadoopFSUtils: The directory file:/Users/evan/Desktop/COURS/4IABD2/spark-streaming/exam_stream/exam_stream/data/halfourlydataset was not found. Was it deleted very recently?
25/07/11 12:10:36 WARN HadoopFSUtils: The directory file:/Users/evan/Desktop/COURS/4IABD2/spark-streaming/exam_stream/exam_stream/data/halfourlydataset was not found. Was it deleted very recently?
25/07/11 12:10:38 WARN HadoopFSUtils: The directory file:/Users/evan/Desktop/COURS/4IABD2/spark-streaming/exam_stream/exam_stream/data/halfourlydataset was not found. Was it deleted very recently?
25/07/11 12:10:40 WARN HadoopFSUtils: The directory file:/Users/evan/Desktop/COURS/4IABD2/spark-streaming/exam_stream/exam_stream/data/halfourlydataset was not found. Was it deleted very recently?
25/07/11 12:10:42 WARN HadoopFSUtils: The directory file:/Users/evan/Desktop/COURS/4IABD2/spark-streaming/exam_stream/exam_stream/data/halfourlydataset was not found. Was it deleted very recently?
25/07/11 12:10:44 WARN HadoopFSUtils: The directory file:/Users/evan/Desktop/COURS/4IABD2/spark-streaming/exam_stream/exam_stream/data/halfourlydataset was not found. Was it deleted very recently?
25/07/11 12:10:46 WARN HadoopFSUtils: The directory file:/Users/evan/Desktop/COURS/4IABD2/spark-streaming/exam_stream/exam_stream/data/halfourlydataset was not found. Was it deleted very recently?
25/07/11 12:10:48 WARN HadoopFSUtils: The directory file:/Users/evan/Desktop/COURS/4IABD2/spark-streaming/exam_stream/exam_stream/data/halfourlydataset was not found. Was it deleted very recently?
25/07/11 12:10:50 WARN HadoopFSUtils: The directory file:/Users/evan/Desktop/COURS/4IABD2/spark-streaming/exam_stream/exam_stream/data/halfourlydataset was not found. Was it deleted very recently?
25/07/11 12:10:52 WARN HadoopFSUtils: The directory file:/Users/evan/Desktop/COURS/4IABD2/spark-streaming/exam_stream/exam_stream/data/halfourlydataset was not found. Was it deleted very recently?
25/07/11 12:10:54 WARN HadoopFSUtils: The directory file:/Users/evan/Desktop/COURS/4IABD2/spark-streaming/exam_stream/exam_stream/data/halfourlydataset was not found. Was it deleted very recently?
25/07/11 12:10:56 WARN HadoopFSUtils: The directory file:/Users/evan/Desktop/COURS/4IABD2/spark-streaming/exam_stream/exam_stream/data/halfourlydataset was not found. Was it deleted very recently?
25/07/11 12:10:58 WARN HadoopFSUtils: The directory file:/Users/evan/Desktop/COURS/4IABD2/spark-streaming/exam_stream/exam_stream/data/halfourlydataset was not found. Was it deleted very recently?
25/07/11 12:11:00 WARN HadoopFSUtils: The directory file:/Users/evan/Desktop/COURS/4IABD2/spark-streaming/exam_stream/exam_stream/data/halfourlydataset was not found. Was it deleted very recently?
25/07/11 12:11:02 WARN HadoopFSUtils: The directory file:/Users/evan/Desktop/COURS/4IABD2/spark-streaming/exam_stream/exam_stream/data/halfourlydataset was not found. Was it deleted very recently?
25/07/11 12:11:04 WARN HadoopFSUtils: The directory file:/Users/evan/Desktop/COURS/4IABD2/spark-streaming/exam_stream/exam_stream/data/halfourlydataset was not found. Was it deleted very recently?
25/07/11 12:11:06 WARN HadoopFSUtils: The directory file:/Users/evan/Desktop/COURS/4IABD2/spark-streaming/exam_stream/exam_stream/data/halfourlydataset was not found. Was it deleted very recently?
25/07/11 12:11:08 WARN HadoopFSUtils: The directory file:/Users/evan/Desktop/COURS/4IABD2/spark-streaming/exam_stream/exam_stream/data/halfourlydataset was not found. Was it deleted very recently?
25/07/11 12:11:10 WARN HadoopFSUtils: The directory file:/Users/evan/Desktop/COURS/4IABD2/spark-streaming/exam_stream/exam_stream/data/halfourlydataset was not found. Was it deleted very recently?
25/07/11 12:11:12 WARN HadoopFSUtils: The directory file:/Users/evan/Desktop/COURS/4IABD2/spark-streaming/exam_stream/exam_stream/data/halfourlydataset was not found. Was it deleted very recently?
25/07/11 12:11:14 WARN HadoopFSUtils: The directory file:/Users/evan/Desktop/COURS/4IABD2/spark-streaming/exam_stream/exam_stream/data/halfourlydataset was not found. Was it deleted very recently?
25/07/11 12:11:16 WARN HadoopFSUtils: The directory file:/Users/evan/Desktop/COURS/4IABD2/spark-streaming/exam_stream/exam_stream/data/halfourlydataset was not found. Was it deleted very recently?
25/07/11 12:11:18 WARN HadoopFSUtils: The directory file:/Users/evan/Desktop/COURS/4IABD2/spark-streaming/exam_stream/exam_stream/data/halfourlydataset was not found. Was it deleted very recently?
25/07/11 12:11:20 WARN HadoopFSUtils: The directory file:/Users/evan/Desktop/COURS/4IABD2/spark-streaming/exam_stream/exam_stream/data/halfourlydataset was not found. Was it deleted very recently?
25/07/11 12:11:22 WARN HadoopFSUtils: The directory file:/Users/evan/Desktop/COURS/4IABD2/spark-streaming/exam_stream/exam_stream/data/halfourlydataset was not found. Was it deleted very recently?
25/07/11 12:11:24 WARN HadoopFSUtils: The directory file:/Users/evan/Desktop/COURS/4IABD2/spark-streaming/exam_stream/exam_stream/data/halfourlydataset was not found. Was it deleted very recently?
25/07/11 12:11:26 WARN HadoopFSUtils: The directory file:/Users/evan/Desktop/COURS/4IABD2/spark-streaming/exam_stream/exam_stream/data/halfourlydataset was not found. Was it deleted very recently?
25/07/11 12:11:28 WARN HadoopFSUtils: The directory file:/Users/evan/Desktop/COURS/4IABD2/spark-streaming/exam_stream/exam_stream/data/halfourlydataset was not found. Was it deleted very recently?
25/07/11 12:11:30 WARN HadoopFSUtils: The directory file:/Users/evan/Desktop/COURS/4IABD2/spark-streaming/exam_stream/exam_stream/data/halfourlydataset was not found. Was it deleted very recently?
25/07/11 12:11:32 WARN HadoopFSUtils: The directory file:/Users/evan/Desktop/COURS/4IABD2/spark-streaming/exam_stream/exam_stream/data/halfourlydataset was not found. Was it deleted very recently?
25/07/11 12:11:34 WARN HadoopFSUtils: The directory file:/Users/evan/Desktop/COURS/4IABD2/spark-streaming/exam_stream/exam_stream/data/halfourlydataset was not found. Was it deleted very recently?
25/07/11 12:11:36 WARN HadoopFSUtils: The directory file:/Users/evan/Desktop/COURS/4IABD2/spark-streaming/exam_stream/exam_stream/data/halfourlydataset was not found. Was it deleted very recently?
25/07/11 12:11:38 WARN HadoopFSUtils: The directory file:/Users/evan/Desktop/COURS/4IABD2/spark-streaming/exam_stream/exam_stream/data/halfourlydataset was not found. Was it deleted very recently?
25/07/11 12:11:40 WARN HadoopFSUtils: The directory file:/Users/evan/Desktop/COURS/4IABD2/spark-streaming/exam_stream/exam_stream/data/halfourlydataset was not found. Was it deleted very recently?
25/07/11 12:11:42 WARN HadoopFSUtils: The directory file:/Users/evan/Desktop/COURS/4IABD2/spark-streaming/exam_stream/exam_stream/data/halfourlydataset was not found. Was it deleted very recently?
25/07/11 12:11:44 WARN HadoopFSUtils: The directory file:/Users/evan/Desktop/COURS/4IABD2/spark-streaming/exam_stream/exam_stream/data/halfourlydataset was not found. Was it deleted very recently?
25/07/11 12:11:46 WARN HadoopFSUtils: The directory file:/Users/evan/Desktop/COURS/4IABD2/spark-streaming/exam_stream/exam_stream/data/halfourlydataset was not found. Was it deleted very recently?
25/07/11 12:11:48 WARN HadoopFSUtils: The directory file:/Users/evan/Desktop/COURS/4IABD2/spark-streaming/exam_stream/exam_stream/data/halfourlydataset was not found. Was it deleted very recently?
25/07/11 12:11:50 WARN HadoopFSUtils: The directory file:/Users/evan/Desktop/COURS/4IABD2/spark-streaming/exam_stream/exam_stream/data/halfourlydataset was not found. Was it deleted very recently?
25/07/11 12:11:52 WARN HadoopFSUtils: The directory file:/Users/evan/Desktop/COURS/4IABD2/spark-streaming/exam_stream/exam_stream/data/halfourlydataset was not found. Was it deleted very recently?
25/07/11 12:11:54 WARN HadoopFSUtils: The directory file:/Users/evan/Desktop/COURS/4IABD2/spark-streaming/exam_stream/exam_stream/data/halfourlydataset was not found. Was it deleted very recently?
25/07/11 12:11:56 WARN HadoopFSUtils: The directory file:/Users/evan/Desktop/COURS/4IABD2/spark-streaming/exam_stream/exam_stream/data/halfourlydataset was not found. Was it deleted very recently?
25/07/11 12:11:58 WARN HadoopFSUtils: The directory file:/Users/evan/Desktop/COURS/4IABD2/spark-streaming/exam_stream/exam_stream/data/halfourlydataset was not found. Was it deleted very recently?
25/07/11 12:12:00 WARN HadoopFSUtils: The directory file:/Users/evan/Desktop/COURS/4IABD2/spark-streaming/exam_stream/exam_stream/data/halfourlydataset was not found. Was it deleted very recently?
25/07/11 12:12:02 WARN HadoopFSUtils: The directory file:/Users/evan/Desktop/COURS/4IABD2/spark-streaming/exam_stream/exam_stream/data/halfourlydataset was not found. Was it deleted very recently?
25/07/11 12:12:04 WARN HadoopFSUtils: The directory file:/Users/evan/Desktop/COURS/4IABD2/spark-streaming/exam_stream/exam_stream/data/halfourlydataset was not found. Was it deleted very recently?
25/07/11 12:12:06 WARN HadoopFSUtils: The directory file:/Users/evan/Desktop/COURS/4IABD2/spark-streaming/exam_stream/exam_stream/data/halfourlydataset was not found. Was it deleted very recently?
25/07/11 12:12:08 WARN HadoopFSUtils: The directory file:/Users/evan/Desktop/COURS/4IABD2/spark-streaming/exam_stream/exam_stream/data/halfourlydataset was not found. Was it deleted very recently?
25/07/11 12:12:10 WARN HadoopFSUtils: The directory file:/Users/evan/Desktop/COURS/4IABD2/spark-streaming/exam_stream/exam_stream/data/halfourlydataset was not found. Was it deleted very recently?
25/07/11 12:12:12 WARN HadoopFSUtils: The directory file:/Users/evan/Desktop/COURS/4IABD2/spark-streaming/exam_stream/exam_stream/data/halfourlydataset was not found. Was it deleted very recently?
25/07/11 12:12:14 WARN HadoopFSUtils: The directory file:/Users/evan/Desktop/COURS/4IABD2/spark-streaming/exam_stream/exam_stream/data/halfourlydataset was not found. Was it deleted very recently?
25/07/11 12:12:16 WARN HadoopFSUtils: The directory file:/Users/evan/Desktop/COURS/4IABD2/spark-streaming/exam_stream/exam_stream/data/halfourlydataset was not found. Was it deleted very recently?
25/07/11 12:12:18 WARN HadoopFSUtils: The directory file:/Users/evan/Desktop/COURS/4IABD2/spark-streaming/exam_stream/exam_stream/data/halfourlydataset was not found. Was it deleted very recently?
25/07/11 12:12:20 WARN HadoopFSUtils: The directory file:/Users/evan/Desktop/COURS/4IABD2/spark-streaming/exam_stream/exam_stream/data/halfourlydataset was not found. Was it deleted very recently?
25/07/11 12:12:22 WARN HadoopFSUtils: The directory file:/Users/evan/Desktop/COURS/4IABD2/spark-streaming/exam_stream/exam_stream/data/halfourlydataset was not found. Was it deleted very recently?
25/07/11 12:12:24 WARN HadoopFSUtils: The directory file:/Users/evan/Desktop/COURS/4IABD2/spark-streaming/exam_stream/exam_stream/data/halfourlydataset was not found. Was it deleted very recently?
25/07/11 12:12:26 WARN HadoopFSUtils: The directory file:/Users/evan/Desktop/COURS/4IABD2/spark-streaming/exam_stream/exam_stream/data/halfourlydataset was not found. Was it deleted very recently?
25/07/11 12:12:28 WARN HadoopFSUtils: The directory file:/Users/evan/Desktop/COURS/4IABD2/spark-streaming/exam_stream/exam_stream/data/halfourlydataset was not found. Was it deleted very recently?
25/07/11 12:12:30 WARN HadoopFSUtils: The directory file:/Users/evan/Desktop/COURS/4IABD2/spark-streaming/exam_stream/exam_stream/data/halfourlydataset was not found. Was it deleted very recently?
25/07/11 12:12:32 WARN HadoopFSUtils: The directory file:/Users/evan/Desktop/COURS/4IABD2/spark-streaming/exam_stream/exam_stream/data/halfourlydataset was not found. Was it deleted very recently?
25/07/11 12:12:34 WARN HadoopFSUtils: The directory file:/Users/evan/Desktop/COURS/4IABD2/spark-streaming/exam_stream/exam_stream/data/halfourlydataset was not found. Was it deleted very recently?
25/07/11 12:12:36 WARN HadoopFSUtils: The directory file:/Users/evan/Desktop/COURS/4IABD2/spark-streaming/exam_stream/exam_stream/data/halfourlydataset was not found. Was it deleted very recently?
25/07/11 12:12:38 WARN HadoopFSUtils: The directory file:/Users/evan/Desktop/COURS/4IABD2/spark-streaming/exam_stream/exam_stream/data/halfourlydataset was not found. Was it deleted very recently?
25/07/11 12:12:40 WARN HadoopFSUtils: The directory file:/Users/evan/Desktop/COURS/4IABD2/spark-streaming/exam_stream/exam_stream/data/halfourlydataset was not found. Was it deleted very recently?
25/07/11 12:12:42 WARN HadoopFSUtils: The directory file:/Users/evan/Desktop/COURS/4IABD2/spark-streaming/exam_stream/exam_stream/data/halfourlydataset was not found. Was it deleted very recently?
25/07/11 12:12:44 WARN HadoopFSUtils: The directory file:/Users/evan/Desktop/COURS/4IABD2/spark-streaming/exam_stream/exam_stream/data/halfourlydataset was not found. Was it deleted very recently?
25/07/11 12:12:46 WARN HadoopFSUtils: The directory file:/Users/evan/Desktop/COURS/4IABD2/spark-streaming/exam_stream/exam_stream/data/halfourlydataset was not found. Was it deleted very recently?
25/07/11 12:12:48 WARN HadoopFSUtils: The directory file:/Users/evan/Desktop/COURS/4IABD2/spark-streaming/exam_stream/exam_stream/data/halfourlydataset was not found. Was it deleted very recently?
25/07/11 12:12:50 WARN HadoopFSUtils: The directory file:/Users/evan/Desktop/COURS/4IABD2/spark-streaming/exam_stream/exam_stream/data/halfourlydataset was not found. Was it deleted very recently?
25/07/11 12:12:52 WARN HadoopFSUtils: The directory file:/Users/evan/Desktop/COURS/4IABD2/spark-streaming/exam_stream/exam_stream/data/halfourlydataset was not found. Was it deleted very recently?
25/07/11 12:12:54 WARN HadoopFSUtils: The directory file:/Users/evan/Desktop/COURS/4IABD2/spark-streaming/exam_stream/exam_stream/data/halfourlydataset was not found. Was it deleted very recently?
25/07/11 12:12:56 WARN HadoopFSUtils: The directory file:/Users/evan/Desktop/COURS/4IABD2/spark-streaming/exam_stream/exam_stream/data/halfourlydataset was not found. Was it deleted very recently?
25/07/11 12:12:58 WARN HadoopFSUtils: The directory file:/Users/evan/Desktop/COURS/4IABD2/spark-streaming/exam_stream/exam_stream/data/halfourlydataset was not found. Was it deleted very recently?
25/07/11 12:13:00 WARN HadoopFSUtils: The directory file:/Users/evan/Desktop/COURS/4IABD2/spark-streaming/exam_stream/exam_stream/data/halfourlydataset was not found. Was it deleted very recently?
25/07/11 12:13:02 WARN HadoopFSUtils: The directory file:/Users/evan/Desktop/COURS/4IABD2/spark-streaming/exam_stream/exam_stream/data/halfourlydataset was not found. Was it deleted very recently?
25/07/11 12:13:04 WARN HadoopFSUtils: The directory file:/Users/evan/Desktop/COURS/4IABD2/spark-streaming/exam_stream/exam_stream/data/halfourlydataset was not found. Was it deleted very recently?
25/07/11 12:13:06 WARN HadoopFSUtils: The directory file:/Users/evan/Desktop/COURS/4IABD2/spark-streaming/exam_stream/exam_stream/data/halfourlydataset was not found. Was it deleted very recently?
25/07/11 12:13:08 WARN HadoopFSUtils: The directory file:/Users/evan/Desktop/COURS/4IABD2/spark-streaming/exam_stream/exam_stream/data/halfourlydataset was not found. Was it deleted very recently?
25/07/11 12:13:10 WARN HadoopFSUtils: The directory file:/Users/evan/Desktop/COURS/4IABD2/spark-streaming/exam_stream/exam_stream/data/halfourlydataset was not found. Was it deleted very recently?
25/07/11 12:13:12 WARN HadoopFSUtils: The directory file:/Users/evan/Desktop/COURS/4IABD2/spark-streaming/exam_stream/exam_stream/data/halfourlydataset was not found. Was it deleted very recently?
25/07/11 12:13:14 WARN HadoopFSUtils: The directory file:/Users/evan/Desktop/COURS/4IABD2/spark-streaming/exam_stream/exam_stream/data/halfourlydataset was not found. Was it deleted very recently?
25/07/11 12:13:16 WARN HadoopFSUtils: The directory file:/Users/evan/Desktop/COURS/4IABD2/spark-streaming/exam_stream/exam_stream/data/halfourlydataset was not found. Was it deleted very recently?
25/07/11 12:13:18 WARN HadoopFSUtils: The directory file:/Users/evan/Desktop/COURS/4IABD2/spark-streaming/exam_stream/exam_stream/data/halfourlydataset was not found. Was it deleted very recently?
25/07/11 12:13:20 WARN HadoopFSUtils: The directory file:/Users/evan/Desktop/COURS/4IABD2/spark-streaming/exam_stream/exam_stream/data/halfourlydataset was not found. Was it deleted very recently?
25/07/11 12:13:22 WARN HadoopFSUtils: The directory file:/Users/evan/Desktop/COURS/4IABD2/spark-streaming/exam_stream/exam_stream/data/halfourlydataset was not found. Was it deleted very recently?
25/07/11 12:13:24 WARN HadoopFSUtils: The directory file:/Users/evan/Desktop/COURS/4IABD2/spark-streaming/exam_stream/exam_stream/data/halfourlydataset was not found. Was it deleted very recently?
25/07/11 12:13:26 WARN HadoopFSUtils: The directory file:/Users/evan/Desktop/COURS/4IABD2/spark-streaming/exam_stream/exam_stream/data/halfourlydataset was not found. Was it deleted very recently?
25/07/11 12:13:28 WARN HadoopFSUtils: The directory file:/Users/evan/Desktop/COURS/4IABD2/spark-streaming/exam_stream/exam_stream/data/halfourlydataset was not found. Was it deleted very recently?
25/07/11 12:13:30 WARN HadoopFSUtils: The directory file:/Users/evan/Desktop/COURS/4IABD2/spark-streaming/exam_stream/exam_stream/data/halfourlydataset was not found. Was it deleted very recently?
25/07/11 12:13:32 WARN HadoopFSUtils: The directory file:/Users/evan/Desktop/COURS/4IABD2/spark-streaming/exam_stream/exam_stream/data/halfourlydataset was not found. Was it deleted very recently?
25/07/11 12:13:34 WARN HadoopFSUtils: The directory file:/Users/evan/Desktop/COURS/4IABD2/spark-streaming/exam_stream/exam_stream/data/halfourlydataset was not found. Was it deleted very recently?
25/07/11 12:13:36 WARN HadoopFSUtils: The directory file:/Users/evan/Desktop/COURS/4IABD2/spark-streaming/exam_stream/exam_stream/data/halfourlydataset was not found. Was it deleted very recently?
25/07/11 12:13:38 WARN HadoopFSUtils: The directory file:/Users/evan/Desktop/COURS/4IABD2/spark-streaming/exam_stream/exam_stream/data/halfourlydataset was not found. Was it deleted very recently?
25/07/11 12:13:40 WARN HadoopFSUtils: The directory file:/Users/evan/Desktop/COURS/4IABD2/spark-streaming/exam_stream/exam_stream/data/halfourlydataset was not found. Was it deleted very recently?
25/07/11 12:13:42 WARN HadoopFSUtils: The directory file:/Users/evan/Desktop/COURS/4IABD2/spark-streaming/exam_stream/exam_stream/data/halfourlydataset was not found. Was it deleted very recently?
25/07/11 12:13:44 WARN HadoopFSUtils: The directory file:/Users/evan/Desktop/COURS/4IABD2/spark-streaming/exam_stream/exam_stream/data/halfourlydataset was not found. Was it deleted very recently?
25/07/11 12:13:46 WARN HadoopFSUtils: The directory file:/Users/evan/Desktop/COURS/4IABD2/spark-streaming/exam_stream/exam_stream/data/halfourlydataset was not found. Was it deleted very recently?
25/07/11 12:13:48 WARN HadoopFSUtils: The directory file:/Users/evan/Desktop/COURS/4IABD2/spark-streaming/exam_stream/exam_stream/data/halfourlydataset was not found. Was it deleted very recently?
25/07/11 12:13:50 WARN HadoopFSUtils: The directory file:/Users/evan/Desktop/COURS/4IABD2/spark-streaming/exam_stream/exam_stream/data/halfourlydataset was not found. Was it deleted very recently?
25/07/11 12:13:52 WARN HadoopFSUtils: The directory file:/Users/evan/Desktop/COURS/4IABD2/spark-streaming/exam_stream/exam_stream/data/halfourlydataset was not found. Was it deleted very recently?
25/07/11 12:13:54 WARN HadoopFSUtils: The directory file:/Users/evan/Desktop/COURS/4IABD2/spark-streaming/exam_stream/exam_stream/data/halfourlydataset was not found. Was it deleted very recently?
25/07/11 12:13:56 WARN HadoopFSUtils: The directory file:/Users/evan/Desktop/COURS/4IABD2/spark-streaming/exam_stream/exam_stream/data/halfourlydataset was not found. Was it deleted very recently?
25/07/11 12:13:58 WARN HadoopFSUtils: The directory file:/Users/evan/Desktop/COURS/4IABD2/spark-streaming/exam_stream/exam_stream/data/halfourlydataset was not found. Was it deleted very recently?
25/07/11 12:14:00 WARN HadoopFSUtils: The directory file:/Users/evan/Desktop/COURS/4IABD2/spark-streaming/exam_stream/exam_stream/data/halfourlydataset was not found. Was it deleted very recently?
25/07/11 12:14:02 WARN HadoopFSUtils: The directory file:/Users/evan/Desktop/COURS/4IABD2/spark-streaming/exam_stream/exam_stream/data/halfourlydataset was not found. Was it deleted very recently?
25/07/11 12:14:04 WARN HadoopFSUtils: The directory file:/Users/evan/Desktop/COURS/4IABD2/spark-streaming/exam_stream/exam_stream/data/halfourlydataset was not found. Was it deleted very recently?
25/07/11 12:14:06 WARN HadoopFSUtils: The directory file:/Users/evan/Desktop/COURS/4IABD2/spark-streaming/exam_stream/exam_stream/data/halfourlydataset was not found. Was it deleted very recently?
25/07/11 12:14:08 WARN HadoopFSUtils: The directory file:/Users/evan/Desktop/COURS/4IABD2/spark-streaming/exam_stream/exam_stream/data/halfourlydataset was not found. Was it deleted very recently?
25/07/11 12:14:10 WARN HadoopFSUtils: The directory file:/Users/evan/Desktop/COURS/4IABD2/spark-streaming/exam_stream/exam_stream/data/halfourlydataset was not found. Was it deleted very recently?
25/07/11 12:14:12 WARN HadoopFSUtils: The directory file:/Users/evan/Desktop/COURS/4IABD2/spark-streaming/exam_stream/exam_stream/data/halfourlydataset was not found. Was it deleted very recently?
25/07/11 12:14:14 WARN HadoopFSUtils: The directory file:/Users/evan/Desktop/COURS/4IABD2/spark-streaming/exam_stream/exam_stream/data/halfourlydataset was not found. Was it deleted very recently?
25/07/11 12:14:16 WARN HadoopFSUtils: The directory file:/Users/evan/Desktop/COURS/4IABD2/spark-streaming/exam_stream/exam_stream/data/halfourlydataset was not found. Was it deleted very recently?
25/07/11 12:14:18 WARN HadoopFSUtils: The directory file:/Users/evan/Desktop/COURS/4IABD2/spark-streaming/exam_stream/exam_stream/data/halfourlydataset was not found. Was it deleted very recently?
25/07/11 12:14:20 WARN HadoopFSUtils: The directory file:/Users/evan/Desktop/COURS/4IABD2/spark-streaming/exam_stream/exam_stream/data/halfourlydataset was not found. Was it deleted very recently?
25/07/11 12:14:22 WARN HadoopFSUtils: The directory file:/Users/evan/Desktop/COURS/4IABD2/spark-streaming/exam_stream/exam_stream/data/halfourlydataset was not found. Was it deleted very recently?
25/07/11 12:14:24 WARN HadoopFSUtils: The directory file:/Users/evan/Desktop/COURS/4IABD2/spark-streaming/exam_stream/exam_stream/data/halfourlydataset was not found. Was it deleted very recently?
25/07/11 12:14:26 WARN HadoopFSUtils: The directory file:/Users/evan/Desktop/COURS/4IABD2/spark-streaming/exam_stream/exam_stream/data/halfourlydataset was not found. Was it deleted very recently?
25/07/11 12:14:28 WARN HadoopFSUtils: The directory file:/Users/evan/Desktop/COURS/4IABD2/spark-streaming/exam_stream/exam_stream/data/halfourlydataset was not found. Was it deleted very recently?
25/07/11 12:14:30 WARN HadoopFSUtils: The directory file:/Users/evan/Desktop/COURS/4IABD2/spark-streaming/exam_stream/exam_stream/data/halfourlydataset was not found. Was it deleted very recently?
25/07/11 12:14:32 WARN HadoopFSUtils: The directory file:/Users/evan/Desktop/COURS/4IABD2/spark-streaming/exam_stream/exam_stream/data/halfourlydataset was not found. Was it deleted very recently?
25/07/11 12:14:34 WARN HadoopFSUtils: The directory file:/Users/evan/Desktop/COURS/4IABD2/spark-streaming/exam_stream/exam_stream/data/halfourlydataset was not found. Was it deleted very recently?
25/07/11 12:14:36 WARN HadoopFSUtils: The directory file:/Users/evan/Desktop/COURS/4IABD2/spark-streaming/exam_stream/exam_stream/data/halfourlydataset was not found. Was it deleted very recently?
25/07/11 12:14:38 WARN HadoopFSUtils: The directory file:/Users/evan/Desktop/COURS/4IABD2/spark-streaming/exam_stream/exam_stream/data/halfourlydataset was not found. Was it deleted very recently?
25/07/11 12:14:40 WARN HadoopFSUtils: The directory file:/Users/evan/Desktop/COURS/4IABD2/spark-streaming/exam_stream/exam_stream/data/halfourlydataset was not found. Was it deleted very recently?
25/07/11 12:14:42 WARN HadoopFSUtils: The directory file:/Users/evan/Desktop/COURS/4IABD2/spark-streaming/exam_stream/exam_stream/data/halfourlydataset was not found. Was it deleted very recently?
25/07/11 12:14:44 WARN HadoopFSUtils: The directory file:/Users/evan/Desktop/COURS/4IABD2/spark-streaming/exam_stream/exam_stream/data/halfourlydataset was not found. Was it deleted very recently?
25/07/11 12:14:46 WARN HadoopFSUtils: The directory file:/Users/evan/Desktop/COURS/4IABD2/spark-streaming/exam_stream/exam_stream/data/halfourlydataset was not found. Was it deleted very recently?
25/07/11 12:14:48 WARN HadoopFSUtils: The directory file:/Users/evan/Desktop/COURS/4IABD2/spark-streaming/exam_stream/exam_stream/data/halfourlydataset was not found. Was it deleted very recently?
25/07/11 12:14:50 WARN HadoopFSUtils: The directory file:/Users/evan/Desktop/COURS/4IABD2/spark-streaming/exam_stream/exam_stream/data/halfourlydataset was not found. Was it deleted very recently?
25/07/11 12:14:52 WARN HadoopFSUtils: The directory file:/Users/evan/Desktop/COURS/4IABD2/spark-streaming/exam_stream/exam_stream/data/halfourlydataset was not found. Was it deleted very recently?
25/07/11 12:14:54 WARN HadoopFSUtils: The directory file:/Users/evan/Desktop/COURS/4IABD2/spark-streaming/exam_stream/exam_stream/data/halfourlydataset was not found. Was it deleted very recently?
25/07/11 12:14:56 WARN HadoopFSUtils: The directory file:/Users/evan/Desktop/COURS/4IABD2/spark-streaming/exam_stream/exam_stream/data/halfourlydataset was not found. Was it deleted very recently?
25/07/11 12:14:58 WARN HadoopFSUtils: The directory file:/Users/evan/Desktop/COURS/4IABD2/spark-streaming/exam_stream/exam_stream/data/halfourlydataset was not found. Was it deleted very recently?
25/07/11 12:15:00 WARN HadoopFSUtils: The directory file:/Users/evan/Desktop/COURS/4IABD2/spark-streaming/exam_stream/exam_stream/data/halfourlydataset was not found. Was it deleted very recently?
25/07/11 12:15:02 WARN HadoopFSUtils: The directory file:/Users/evan/Desktop/COURS/4IABD2/spark-streaming/exam_stream/exam_stream/data/halfourlydataset was not found. Was it deleted very recently?
25/07/11 12:15:04 WARN HadoopFSUtils: The directory file:/Users/evan/Desktop/COURS/4IABD2/spark-streaming/exam_stream/exam_stream/data/halfourlydataset was not found. Was it deleted very recently?
25/07/11 12:15:06 WARN HadoopFSUtils: The directory file:/Users/evan/Desktop/COURS/4IABD2/spark-streaming/exam_stream/exam_stream/data/halfourlydataset was not found. Was it deleted very recently?
25/07/11 12:15:08 WARN HadoopFSUtils: The directory file:/Users/evan/Desktop/COURS/4IABD2/spark-streaming/exam_stream/exam_stream/data/halfourlydataset was not found. Was it deleted very recently?
25/07/11 12:15:10 WARN HadoopFSUtils: The directory file:/Users/evan/Desktop/COURS/4IABD2/spark-streaming/exam_stream/exam_stream/data/halfourlydataset was not found. Was it deleted very recently?
25/07/11 12:15:12 WARN HadoopFSUtils: The directory file:/Users/evan/Desktop/COURS/4IABD2/spark-streaming/exam_stream/exam_stream/data/halfourlydataset was not found. Was it deleted very recently?
25/07/11 12:15:14 WARN HadoopFSUtils: The directory file:/Users/evan/Desktop/COURS/4IABD2/spark-streaming/exam_stream/exam_stream/data/halfourlydataset was not found. Was it deleted very recently?
25/07/11 12:15:16 WARN HadoopFSUtils: The directory file:/Users/evan/Desktop/COURS/4IABD2/spark-streaming/exam_stream/exam_stream/data/halfourlydataset was not found. Was it deleted very recently?
25/07/11 12:15:18 WARN HadoopFSUtils: The directory file:/Users/evan/Desktop/COURS/4IABD2/spark-streaming/exam_stream/exam_stream/data/halfourlydataset was not found. Was it deleted very recently?
25/07/11 12:15:20 WARN HadoopFSUtils: The directory file:/Users/evan/Desktop/COURS/4IABD2/spark-streaming/exam_stream/exam_stream/data/halfourlydataset was not found. Was it deleted very recently?
25/07/11 12:15:22 WARN HadoopFSUtils: The directory file:/Users/evan/Desktop/COURS/4IABD2/spark-streaming/exam_stream/exam_stream/data/halfourlydataset was not found. Was it deleted very recently?
25/07/11 12:15:24 WARN HadoopFSUtils: The directory file:/Users/evan/Desktop/COURS/4IABD2/spark-streaming/exam_stream/exam_stream/data/halfourlydataset was not found. Was it deleted very recently?
25/07/11 12:15:26 WARN HadoopFSUtils: The directory file:/Users/evan/Desktop/COURS/4IABD2/spark-streaming/exam_stream/exam_stream/data/halfourlydataset was not found. Was it deleted very recently?
25/07/11 12:15:28 WARN HadoopFSUtils: The directory file:/Users/evan/Desktop/COURS/4IABD2/spark-streaming/exam_stream/exam_stream/data/halfourlydataset was not found. Was it deleted very recently?
25/07/11 12:15:30 WARN HadoopFSUtils: The directory file:/Users/evan/Desktop/COURS/4IABD2/spark-streaming/exam_stream/exam_stream/data/halfourlydataset was not found. Was it deleted very recently?
25/07/11 12:15:32 WARN HadoopFSUtils: The directory file:/Users/evan/Desktop/COURS/4IABD2/spark-streaming/exam_stream/exam_stream/data/halfourlydataset was not found. Was it deleted very recently?
25/07/11 12:15:34 WARN HadoopFSUtils: The directory file:/Users/evan/Desktop/COURS/4IABD2/spark-streaming/exam_stream/exam_stream/data/halfourlydataset was not found. Was it deleted very recently?
25/07/11 12:15:36 WARN HadoopFSUtils: The directory file:/Users/evan/Desktop/COURS/4IABD2/spark-streaming/exam_stream/exam_stream/data/halfourlydataset was not found. Was it deleted very recently?
25/07/11 12:15:38 WARN HadoopFSUtils: The directory file:/Users/evan/Desktop/COURS/4IABD2/spark-streaming/exam_stream/exam_stream/data/halfourlydataset was not found. Was it deleted very recently?
25/07/11 12:15:40 WARN HadoopFSUtils: The directory file:/Users/evan/Desktop/COURS/4IABD2/spark-streaming/exam_stream/exam_stream/data/halfourlydataset was not found. Was it deleted very recently?
25/07/11 12:15:42 WARN HadoopFSUtils: The directory file:/Users/evan/Desktop/COURS/4IABD2/spark-streaming/exam_stream/exam_stream/data/halfourlydataset was not found. Was it deleted very recently?
25/07/11 12:15:44 WARN HadoopFSUtils: The directory file:/Users/evan/Desktop/COURS/4IABD2/spark-streaming/exam_stream/exam_stream/data/halfourlydataset was not found. Was it deleted very recently?
25/07/11 12:15:46 WARN HadoopFSUtils: The directory file:/Users/evan/Desktop/COURS/4IABD2/spark-streaming/exam_stream/exam_stream/data/halfourlydataset was not found. Was it deleted very recently?
25/07/11 12:15:48 WARN HadoopFSUtils: The directory file:/Users/evan/Desktop/COURS/4IABD2/spark-streaming/exam_stream/exam_stream/data/halfourlydataset was not found. Was it deleted very recently?
25/07/11 12:15:50 WARN HadoopFSUtils: The directory file:/Users/evan/Desktop/COURS/4IABD2/spark-streaming/exam_stream/exam_stream/data/halfourlydataset was not found. Was it deleted very recently?
25/07/11 12:15:52 WARN HadoopFSUtils: The directory file:/Users/evan/Desktop/COURS/4IABD2/spark-streaming/exam_stream/exam_stream/data/halfourlydataset was not found. Was it deleted very recently?
25/07/11 12:15:54 WARN HadoopFSUtils: The directory file:/Users/evan/Desktop/COURS/4IABD2/spark-streaming/exam_stream/exam_stream/data/halfourlydataset was not found. Was it deleted very recently?
25/07/11 12:15:56 WARN HadoopFSUtils: The directory file:/Users/evan/Desktop/COURS/4IABD2/spark-streaming/exam_stream/exam_stream/data/halfourlydataset was not found. Was it deleted very recently?
25/07/11 12:15:58 WARN HadoopFSUtils: The directory file:/Users/evan/Desktop/COURS/4IABD2/spark-streaming/exam_stream/exam_stream/data/halfourlydataset was not found. Was it deleted very recently?
25/07/11 12:16:00 WARN HadoopFSUtils: The directory file:/Users/evan/Desktop/COURS/4IABD2/spark-streaming/exam_stream/exam_stream/data/halfourlydataset was not found. Was it deleted very recently?
25/07/11 12:16:02 WARN HadoopFSUtils: The directory file:/Users/evan/Desktop/COURS/4IABD2/spark-streaming/exam_stream/exam_stream/data/halfourlydataset was not found. Was it deleted very recently?
25/07/11 12:16:04 WARN HadoopFSUtils: The directory file:/Users/evan/Desktop/COURS/4IABD2/spark-streaming/exam_stream/exam_stream/data/halfourlydataset was not found. Was it deleted very recently?
25/07/11 12:16:06 WARN HadoopFSUtils: The directory file:/Users/evan/Desktop/COURS/4IABD2/spark-streaming/exam_stream/exam_stream/data/halfourlydataset was not found. Was it deleted very recently?
25/07/11 12:16:08 WARN HadoopFSUtils: The directory file:/Users/evan/Desktop/COURS/4IABD2/spark-streaming/exam_stream/exam_stream/data/halfourlydataset was not found. Was it deleted very recently?
25/07/11 12:16:10 WARN HadoopFSUtils: The directory file:/Users/evan/Desktop/COURS/4IABD2/spark-streaming/exam_stream/exam_stream/data/halfourlydataset was not found. Was it deleted very recently?
25/07/11 12:16:12 WARN HadoopFSUtils: The directory file:/Users/evan/Desktop/COURS/4IABD2/spark-streaming/exam_stream/exam_stream/data/halfourlydataset was not found. Was it deleted very recently?
25/07/11 12:16:14 WARN HadoopFSUtils: The directory file:/Users/evan/Desktop/COURS/4IABD2/spark-streaming/exam_stream/exam_stream/data/halfourlydataset was not found. Was it deleted very recently?
25/07/11 12:16:16 WARN HadoopFSUtils: The directory file:/Users/evan/Desktop/COURS/4IABD2/spark-streaming/exam_stream/exam_stream/data/halfourlydataset was not found. Was it deleted very recently?
25/07/11 12:16:18 WARN HadoopFSUtils: The directory file:/Users/evan/Desktop/COURS/4IABD2/spark-streaming/exam_stream/exam_stream/data/halfourlydataset was not found. Was it deleted very recently?
25/07/11 12:16:20 WARN HadoopFSUtils: The directory file:/Users/evan/Desktop/COURS/4IABD2/spark-streaming/exam_stream/exam_stream/data/halfourlydataset was not found. Was it deleted very recently?
25/07/11 12:16:22 WARN HadoopFSUtils: The directory file:/Users/evan/Desktop/COURS/4IABD2/spark-streaming/exam_stream/exam_stream/data/halfourlydataset was not found. Was it deleted very recently?
25/07/11 12:16:24 WARN HadoopFSUtils: The directory file:/Users/evan/Desktop/COURS/4IABD2/spark-streaming/exam_stream/exam_stream/data/halfourlydataset was not found. Was it deleted very recently?
25/07/11 12:16:26 WARN HadoopFSUtils: The directory file:/Users/evan/Desktop/COURS/4IABD2/spark-streaming/exam_stream/exam_stream/data/halfourlydataset was not found. Was it deleted very recently?
25/07/11 12:16:28 WARN HadoopFSUtils: The directory file:/Users/evan/Desktop/COURS/4IABD2/spark-streaming/exam_stream/exam_stream/data/halfourlydataset was not found. Was it deleted very recently?
25/07/11 12:16:30 WARN HadoopFSUtils: The directory file:/Users/evan/Desktop/COURS/4IABD2/spark-streaming/exam_stream/exam_stream/data/halfourlydataset was not found. Was it deleted very recently?
25/07/11 12:16:32 WARN HadoopFSUtils: The directory file:/Users/evan/Desktop/COURS/4IABD2/spark-streaming/exam_stream/exam_stream/data/halfourlydataset was not found. Was it deleted very recently?
25/07/11 12:16:34 WARN HadoopFSUtils: The directory file:/Users/evan/Desktop/COURS/4IABD2/spark-streaming/exam_stream/exam_stream/data/halfourlydataset was not found. Was it deleted very recently?
25/07/11 12:16:36 WARN HadoopFSUtils: The directory file:/Users/evan/Desktop/COURS/4IABD2/spark-streaming/exam_stream/exam_stream/data/halfourlydataset was not found. Was it deleted very recently?
25/07/11 12:16:38 WARN HadoopFSUtils: The directory file:/Users/evan/Desktop/COURS/4IABD2/spark-streaming/exam_stream/exam_stream/data/halfourlydataset was not found. Was it deleted very recently?
25/07/11 12:16:40 WARN HadoopFSUtils: The directory file:/Users/evan/Desktop/COURS/4IABD2/spark-streaming/exam_stream/exam_stream/data/halfourlydataset was not found. Was it deleted very recently?
25/07/11 12:16:42 WARN HadoopFSUtils: The directory file:/Users/evan/Desktop/COURS/4IABD2/spark-streaming/exam_stream/exam_stream/data/halfourlydataset was not found. Was it deleted very recently?
25/07/11 12:16:44 WARN HadoopFSUtils: The directory file:/Users/evan/Desktop/COURS/4IABD2/spark-streaming/exam_stream/exam_stream/data/halfourlydataset was not found. Was it deleted very recently?
25/07/11 12:16:46 WARN HadoopFSUtils: The directory file:/Users/evan/Desktop/COURS/4IABD2/spark-streaming/exam_stream/exam_stream/data/halfourlydataset was not found. Was it deleted very recently?
25/07/11 12:16:48 WARN HadoopFSUtils: The directory file:/Users/evan/Desktop/COURS/4IABD2/spark-streaming/exam_stream/exam_stream/data/halfourlydataset was not found. Was it deleted very recently?
25/07/11 12:16:50 WARN HadoopFSUtils: The directory file:/Users/evan/Desktop/COURS/4IABD2/spark-streaming/exam_stream/exam_stream/data/halfourlydataset was not found. Was it deleted very recently?
25/07/11 12:16:52 WARN HadoopFSUtils: The directory file:/Users/evan/Desktop/COURS/4IABD2/spark-streaming/exam_stream/exam_stream/data/halfourlydataset was not found. Was it deleted very recently?
25/07/11 12:16:54 WARN HadoopFSUtils: The directory file:/Users/evan/Desktop/COURS/4IABD2/spark-streaming/exam_stream/exam_stream/data/halfourlydataset was not found. Was it deleted very recently?
25/07/11 12:16:56 WARN HadoopFSUtils: The directory file:/Users/evan/Desktop/COURS/4IABD2/spark-streaming/exam_stream/exam_stream/data/halfourlydataset was not found. Was it deleted very recently?
25/07/11 12:16:58 WARN HadoopFSUtils: The directory file:/Users/evan/Desktop/COURS/4IABD2/spark-streaming/exam_stream/exam_stream/data/halfourlydataset was not found. Was it deleted very recently?
25/07/11 12:17:00 WARN HadoopFSUtils: The directory file:/Users/evan/Desktop/COURS/4IABD2/spark-streaming/exam_stream/exam_stream/data/halfourlydataset was not found. Was it deleted very recently?
25/07/11 12:17:02 WARN HadoopFSUtils: The directory file:/Users/evan/Desktop/COURS/4IABD2/spark-streaming/exam_stream/exam_stream/data/halfourlydataset was not found. Was it deleted very recently?
25/07/11 12:17:04 WARN HadoopFSUtils: The directory file:/Users/evan/Desktop/COURS/4IABD2/spark-streaming/exam_stream/exam_stream/data/halfourlydataset was not found. Was it deleted very recently?
25/07/11 12:17:06 WARN HadoopFSUtils: The directory file:/Users/evan/Desktop/COURS/4IABD2/spark-streaming/exam_stream/exam_stream/data/halfourlydataset was not found. Was it deleted very recently?
25/07/11 12:17:08 WARN HadoopFSUtils: The directory file:/Users/evan/Desktop/COURS/4IABD2/spark-streaming/exam_stream/exam_stream/data/halfourlydataset was not found. Was it deleted very recently?
25/07/11 12:17:10 WARN HadoopFSUtils: The directory file:/Users/evan/Desktop/COURS/4IABD2/spark-streaming/exam_stream/exam_stream/data/halfourlydataset was not found. Was it deleted very recently?
25/07/11 12:17:12 WARN HadoopFSUtils: The directory file:/Users/evan/Desktop/COURS/4IABD2/spark-streaming/exam_stream/exam_stream/data/halfourlydataset was not found. Was it deleted very recently?
25/07/11 12:17:14 WARN HadoopFSUtils: The directory file:/Users/evan/Desktop/COURS/4IABD2/spark-streaming/exam_stream/exam_stream/data/halfourlydataset was not found. Was it deleted very recently?
25/07/11 12:17:16 WARN HadoopFSUtils: The directory file:/Users/evan/Desktop/COURS/4IABD2/spark-streaming/exam_stream/exam_stream/data/halfourlydataset was not found. Was it deleted very recently?
25/07/11 12:17:18 WARN HadoopFSUtils: The directory file:/Users/evan/Desktop/COURS/4IABD2/spark-streaming/exam_stream/exam_stream/data/halfourlydataset was not found. Was it deleted very recently?
25/07/11 12:17:20 WARN HadoopFSUtils: The directory file:/Users/evan/Desktop/COURS/4IABD2/spark-streaming/exam_stream/exam_stream/data/halfourlydataset was not found. Was it deleted very recently?
25/07/11 12:17:22 WARN HadoopFSUtils: The directory file:/Users/evan/Desktop/COURS/4IABD2/spark-streaming/exam_stream/exam_stream/data/halfourlydataset was not found. Was it deleted very recently?
25/07/11 12:17:24 WARN HadoopFSUtils: The directory file:/Users/evan/Desktop/COURS/4IABD2/spark-streaming/exam_stream/exam_stream/data/halfourlydataset was not found. Was it deleted very recently?
25/07/11 12:17:26 WARN HadoopFSUtils: The directory file:/Users/evan/Desktop/COURS/4IABD2/spark-streaming/exam_stream/exam_stream/data/halfourlydataset was not found. Was it deleted very recently?
25/07/11 12:17:28 WARN HadoopFSUtils: The directory file:/Users/evan/Desktop/COURS/4IABD2/spark-streaming/exam_stream/exam_stream/data/halfourlydataset was not found. Was it deleted very recently?
25/07/11 12:17:30 WARN HadoopFSUtils: The directory file:/Users/evan/Desktop/COURS/4IABD2/spark-streaming/exam_stream/exam_stream/data/halfourlydataset was not found. Was it deleted very recently?
25/07/11 12:17:32 WARN HadoopFSUtils: The directory file:/Users/evan/Desktop/COURS/4IABD2/spark-streaming/exam_stream/exam_stream/data/halfourlydataset was not found. Was it deleted very recently?
25/07/11 12:17:34 WARN HadoopFSUtils: The directory file:/Users/evan/Desktop/COURS/4IABD2/spark-streaming/exam_stream/exam_stream/data/halfourlydataset was not found. Was it deleted very recently?
25/07/11 12:17:36 WARN HadoopFSUtils: The directory file:/Users/evan/Desktop/COURS/4IABD2/spark-streaming/exam_stream/exam_stream/data/halfourlydataset was not found. Was it deleted very recently?
25/07/11 12:17:38 WARN HadoopFSUtils: The directory file:/Users/evan/Desktop/COURS/4IABD2/spark-streaming/exam_stream/exam_stream/data/halfourlydataset was not found. Was it deleted very recently?
25/07/11 12:17:40 WARN HadoopFSUtils: The directory file:/Users/evan/Desktop/COURS/4IABD2/spark-streaming/exam_stream/exam_stream/data/halfourlydataset was not found. Was it deleted very recently?
25/07/11 12:17:42 WARN HadoopFSUtils: The directory file:/Users/evan/Desktop/COURS/4IABD2/spark-streaming/exam_stream/exam_stream/data/halfourlydataset was not found. Was it deleted very recently?
25/07/11 12:17:44 WARN HadoopFSUtils: The directory file:/Users/evan/Desktop/COURS/4IABD2/spark-streaming/exam_stream/exam_stream/data/halfourlydataset was not found. Was it deleted very recently?
25/07/11 12:17:46 WARN HadoopFSUtils: The directory file:/Users/evan/Desktop/COURS/4IABD2/spark-streaming/exam_stream/exam_stream/data/halfourlydataset was not found. Was it deleted very recently?
25/07/11 12:17:48 WARN HadoopFSUtils: The directory file:/Users/evan/Desktop/COURS/4IABD2/spark-streaming/exam_stream/exam_stream/data/halfourlydataset was not found. Was it deleted very recently?
25/07/11 12:17:50 WARN HadoopFSUtils: The directory file:/Users/evan/Desktop/COURS/4IABD2/spark-streaming/exam_stream/exam_stream/data/halfourlydataset was not found. Was it deleted very recently?
25/07/11 12:17:52 WARN HadoopFSUtils: The directory file:/Users/evan/Desktop/COURS/4IABD2/spark-streaming/exam_stream/exam_stream/data/halfourlydataset was not found. Was it deleted very recently?
25/07/11 12:17:54 WARN HadoopFSUtils: The directory file:/Users/evan/Desktop/COURS/4IABD2/spark-streaming/exam_stream/exam_stream/data/halfourlydataset was not found. Was it deleted very recently?
25/07/11 12:17:56 WARN HadoopFSUtils: The directory file:/Users/evan/Desktop/COURS/4IABD2/spark-streaming/exam_stream/exam_stream/data/halfourlydataset was not found. Was it deleted very recently?
25/07/11 12:17:58 WARN HadoopFSUtils: The directory file:/Users/evan/Desktop/COURS/4IABD2/spark-streaming/exam_stream/exam_stream/data/halfourlydataset was not found. Was it deleted very recently?
25/07/11 12:18:00 WARN HadoopFSUtils: The directory file:/Users/evan/Desktop/COURS/4IABD2/spark-streaming/exam_stream/exam_stream/data/halfourlydataset was not found. Was it deleted very recently?
25/07/11 12:18:02 WARN HadoopFSUtils: The directory file:/Users/evan/Desktop/COURS/4IABD2/spark-streaming/exam_stream/exam_stream/data/halfourlydataset was not found. Was it deleted very recently?
25/07/11 12:18:04 WARN HadoopFSUtils: The directory file:/Users/evan/Desktop/COURS/4IABD2/spark-streaming/exam_stream/exam_stream/data/halfourlydataset was not found. Was it deleted very recently?
25/07/11 12:18:06 WARN HadoopFSUtils: The directory file:/Users/evan/Desktop/COURS/4IABD2/spark-streaming/exam_stream/exam_stream/data/halfourlydataset was not found. Was it deleted very recently?
25/07/11 12:18:08 WARN HadoopFSUtils: The directory file:/Users/evan/Desktop/COURS/4IABD2/spark-streaming/exam_stream/exam_stream/data/halfourlydataset was not found. Was it deleted very recently?
25/07/11 12:18:10 WARN HadoopFSUtils: The directory file:/Users/evan/Desktop/COURS/4IABD2/spark-streaming/exam_stream/exam_stream/data/halfourlydataset was not found. Was it deleted very recently?
25/07/11 12:18:12 WARN HadoopFSUtils: The directory file:/Users/evan/Desktop/COURS/4IABD2/spark-streaming/exam_stream/exam_stream/data/halfourlydataset was not found. Was it deleted very recently?
25/07/11 12:18:14 WARN HadoopFSUtils: The directory file:/Users/evan/Desktop/COURS/4IABD2/spark-streaming/exam_stream/exam_stream/data/halfourlydataset was not found. Was it deleted very recently?
25/07/11 12:18:16 WARN HadoopFSUtils: The directory file:/Users/evan/Desktop/COURS/4IABD2/spark-streaming/exam_stream/exam_stream/data/halfourlydataset was not found. Was it deleted very recently?
25/07/11 12:18:18 WARN HadoopFSUtils: The directory file:/Users/evan/Desktop/COURS/4IABD2/spark-streaming/exam_stream/exam_stream/data/halfourlydataset was not found. Was it deleted very recently?
25/07/11 12:18:20 WARN HadoopFSUtils: The directory file:/Users/evan/Desktop/COURS/4IABD2/spark-streaming/exam_stream/exam_stream/data/halfourlydataset was not found. Was it deleted very recently?
25/07/11 12:18:22 WARN HadoopFSUtils: The directory file:/Users/evan/Desktop/COURS/4IABD2/spark-streaming/exam_stream/exam_stream/data/halfourlydataset was not found. Was it deleted very recently?
25/07/11 12:18:24 WARN HadoopFSUtils: The directory file:/Users/evan/Desktop/COURS/4IABD2/spark-streaming/exam_stream/exam_stream/data/halfourlydataset was not found. Was it deleted very recently?
25/07/11 12:18:26 WARN HadoopFSUtils: The directory file:/Users/evan/Desktop/COURS/4IABD2/spark-streaming/exam_stream/exam_stream/data/halfourlydataset was not found. Was it deleted very recently?
25/07/11 12:18:28 WARN HadoopFSUtils: The directory file:/Users/evan/Desktop/COURS/4IABD2/spark-streaming/exam_stream/exam_stream/data/halfourlydataset was not found. Was it deleted very recently?
25/07/11 12:18:30 WARN HadoopFSUtils: The directory file:/Users/evan/Desktop/COURS/4IABD2/spark-streaming/exam_stream/exam_stream/data/halfourlydataset was not found. Was it deleted very recently?
25/07/11 12:18:32 WARN HadoopFSUtils: The directory file:/Users/evan/Desktop/COURS/4IABD2/spark-streaming/exam_stream/exam_stream/data/halfourlydataset was not found. Was it deleted very recently?
25/07/11 12:18:34 WARN HadoopFSUtils: The directory file:/Users/evan/Desktop/COURS/4IABD2/spark-streaming/exam_stream/exam_stream/data/halfourlydataset was not found. Was it deleted very recently?
25/07/11 12:18:36 WARN HadoopFSUtils: The directory file:/Users/evan/Desktop/COURS/4IABD2/spark-streaming/exam_stream/exam_stream/data/halfourlydataset was not found. Was it deleted very recently?
25/07/11 12:18:38 WARN HadoopFSUtils: The directory file:/Users/evan/Desktop/COURS/4IABD2/spark-streaming/exam_stream/exam_stream/data/halfourlydataset was not found. Was it deleted very recently?
25/07/11 12:18:40 WARN HadoopFSUtils: The directory file:/Users/evan/Desktop/COURS/4IABD2/spark-streaming/exam_stream/exam_stream/data/halfourlydataset was not found. Was it deleted very recently?
25/07/11 12:18:42 WARN HadoopFSUtils: The directory file:/Users/evan/Desktop/COURS/4IABD2/spark-streaming/exam_stream/exam_stream/data/halfourlydataset was not found. Was it deleted very recently?
25/07/11 12:18:44 WARN HadoopFSUtils: The directory file:/Users/evan/Desktop/COURS/4IABD2/spark-streaming/exam_stream/exam_stream/data/halfourlydataset was not found. Was it deleted very recently?
25/07/11 12:18:46 WARN HadoopFSUtils: The directory file:/Users/evan/Desktop/COURS/4IABD2/spark-streaming/exam_stream/exam_stream/data/halfourlydataset was not found. Was it deleted very recently?
25/07/11 12:18:48 WARN HadoopFSUtils: The directory file:/Users/evan/Desktop/COURS/4IABD2/spark-streaming/exam_stream/exam_stream/data/halfourlydataset was not found. Was it deleted very recently?
25/07/11 12:18:50 WARN HadoopFSUtils: The directory file:/Users/evan/Desktop/COURS/4IABD2/spark-streaming/exam_stream/exam_stream/data/halfourlydataset was not found. Was it deleted very recently?
25/07/11 12:18:52 WARN HadoopFSUtils: The directory file:/Users/evan/Desktop/COURS/4IABD2/spark-streaming/exam_stream/exam_stream/data/halfourlydataset was not found. Was it deleted very recently?
25/07/11 12:18:54 WARN HadoopFSUtils: The directory file:/Users/evan/Desktop/COURS/4IABD2/spark-streaming/exam_stream/exam_stream/data/halfourlydataset was not found. Was it deleted very recently?
25/07/11 12:18:56 WARN HadoopFSUtils: The directory file:/Users/evan/Desktop/COURS/4IABD2/spark-streaming/exam_stream/exam_stream/data/halfourlydataset was not found. Was it deleted very recently?
25/07/11 12:18:58 WARN HadoopFSUtils: The directory file:/Users/evan/Desktop/COURS/4IABD2/spark-streaming/exam_stream/exam_stream/data/halfourlydataset was not found. Was it deleted very recently?
25/07/11 12:19:00 WARN HadoopFSUtils: The directory file:/Users/evan/Desktop/COURS/4IABD2/spark-streaming/exam_stream/exam_stream/data/halfourlydataset was not found. Was it deleted very recently?
25/07/11 12:19:02 WARN HadoopFSUtils: The directory file:/Users/evan/Desktop/COURS/4IABD2/spark-streaming/exam_stream/exam_stream/data/halfourlydataset was not found. Was it deleted very recently?
25/07/11 12:19:04 WARN HadoopFSUtils: The directory file:/Users/evan/Desktop/COURS/4IABD2/spark-streaming/exam_stream/exam_stream/data/halfourlydataset was not found. Was it deleted very recently?
25/07/11 12:19:06 WARN HadoopFSUtils: The directory file:/Users/evan/Desktop/COURS/4IABD2/spark-streaming/exam_stream/exam_stream/data/halfourlydataset was not found. Was it deleted very recently?
25/07/11 12:19:08 WARN HadoopFSUtils: The directory file:/Users/evan/Desktop/COURS/4IABD2/spark-streaming/exam_stream/exam_stream/data/halfourlydataset was not found. Was it deleted very recently?
25/07/11 12:19:10 WARN HadoopFSUtils: The directory file:/Users/evan/Desktop/COURS/4IABD2/spark-streaming/exam_stream/exam_stream/data/halfourlydataset was not found. Was it deleted very recently?
25/07/11 12:19:12 WARN HadoopFSUtils: The directory file:/Users/evan/Desktop/COURS/4IABD2/spark-streaming/exam_stream/exam_stream/data/halfourlydataset was not found. Was it deleted very recently?
25/07/11 12:19:14 WARN HadoopFSUtils: The directory file:/Users/evan/Desktop/COURS/4IABD2/spark-streaming/exam_stream/exam_stream/data/halfourlydataset was not found. Was it deleted very recently?
25/07/11 12:19:16 WARN HadoopFSUtils: The directory file:/Users/evan/Desktop/COURS/4IABD2/spark-streaming/exam_stream/exam_stream/data/halfourlydataset was not found. Was it deleted very recently?
25/07/11 12:19:18 WARN HadoopFSUtils: The directory file:/Users/evan/Desktop/COURS/4IABD2/spark-streaming/exam_stream/exam_stream/data/halfourlydataset was not found. Was it deleted very recently?
25/07/11 12:19:20 WARN HadoopFSUtils: The directory file:/Users/evan/Desktop/COURS/4IABD2/spark-streaming/exam_stream/exam_stream/data/halfourlydataset was not found. Was it deleted very recently?
25/07/11 12:19:22 WARN HadoopFSUtils: The directory file:/Users/evan/Desktop/COURS/4IABD2/spark-streaming/exam_stream/exam_stream/data/halfourlydataset was not found. Was it deleted very recently?
25/07/11 12:19:24 WARN HadoopFSUtils: The directory file:/Users/evan/Desktop/COURS/4IABD2/spark-streaming/exam_stream/exam_stream/data/halfourlydataset was not found. Was it deleted very recently?
25/07/11 12:19:26 WARN HadoopFSUtils: The directory file:/Users/evan/Desktop/COURS/4IABD2/spark-streaming/exam_stream/exam_stream/data/halfourlydataset was not found. Was it deleted very recently?
25/07/11 12:19:28 WARN HadoopFSUtils: The directory file:/Users/evan/Desktop/COURS/4IABD2/spark-streaming/exam_stream/exam_stream/data/halfourlydataset was not found. Was it deleted very recently?
25/07/11 12:19:30 WARN HadoopFSUtils: The directory file:/Users/evan/Desktop/COURS/4IABD2/spark-streaming/exam_stream/exam_stream/data/halfourlydataset was not found. Was it deleted very recently?
25/07/11 12:19:32 WARN HadoopFSUtils: The directory file:/Users/evan/Desktop/COURS/4IABD2/spark-streaming/exam_stream/exam_stream/data/halfourlydataset was not found. Was it deleted very recently?
25/07/11 12:19:34 WARN HadoopFSUtils: The directory file:/Users/evan/Desktop/COURS/4IABD2/spark-streaming/exam_stream/exam_stream/data/halfourlydataset was not found. Was it deleted very recently?
25/07/11 12:19:36 WARN HadoopFSUtils: The directory file:/Users/evan/Desktop/COURS/4IABD2/spark-streaming/exam_stream/exam_stream/data/halfourlydataset was not found. Was it deleted very recently?
25/07/11 12:19:38 WARN HadoopFSUtils: The directory file:/Users/evan/Desktop/COURS/4IABD2/spark-streaming/exam_stream/exam_stream/data/halfourlydataset was not found. Was it deleted very recently?
25/07/11 12:19:40 WARN HadoopFSUtils: The directory file:/Users/evan/Desktop/COURS/4IABD2/spark-streaming/exam_stream/exam_stream/data/halfourlydataset was not found. Was it deleted very recently?
25/07/11 12:19:42 WARN HadoopFSUtils: The directory file:/Users/evan/Desktop/COURS/4IABD2/spark-streaming/exam_stream/exam_stream/data/halfourlydataset was not found. Was it deleted very recently?
25/07/11 12:19:44 WARN HadoopFSUtils: The directory file:/Users/evan/Desktop/COURS/4IABD2/spark-streaming/exam_stream/exam_stream/data/halfourlydataset was not found. Was it deleted very recently?
25/07/11 12:19:46 WARN HadoopFSUtils: The directory file:/Users/evan/Desktop/COURS/4IABD2/spark-streaming/exam_stream/exam_stream/data/halfourlydataset was not found. Was it deleted very recently?
25/07/11 12:19:48 WARN HadoopFSUtils: The directory file:/Users/evan/Desktop/COURS/4IABD2/spark-streaming/exam_stream/exam_stream/data/halfourlydataset was not found. Was it deleted very recently?
25/07/11 12:19:50 WARN HadoopFSUtils: The directory file:/Users/evan/Desktop/COURS/4IABD2/spark-streaming/exam_stream/exam_stream/data/halfourlydataset was not found. Was it deleted very recently?
25/07/11 12:19:52 WARN HadoopFSUtils: The directory file:/Users/evan/Desktop/COURS/4IABD2/spark-streaming/exam_stream/exam_stream/data/halfourlydataset was not found. Was it deleted very recently?
25/07/11 12:19:54 WARN HadoopFSUtils: The directory file:/Users/evan/Desktop/COURS/4IABD2/spark-streaming/exam_stream/exam_stream/data/halfourlydataset was not found. Was it deleted very recently?
25/07/11 12:19:56 WARN HadoopFSUtils: The directory file:/Users/evan/Desktop/COURS/4IABD2/spark-streaming/exam_stream/exam_stream/data/halfourlydataset was not found. Was it deleted very recently?
25/07/11 12:19:58 WARN HadoopFSUtils: The directory file:/Users/evan/Desktop/COURS/4IABD2/spark-streaming/exam_stream/exam_stream/data/halfourlydataset was not found. Was it deleted very recently?
25/07/11 12:20:00 WARN HadoopFSUtils: The directory file:/Users/evan/Desktop/COURS/4IABD2/spark-streaming/exam_stream/exam_stream/data/halfourlydataset was not found. Was it deleted very recently?
25/07/11 12:20:02 WARN HadoopFSUtils: The directory file:/Users/evan/Desktop/COURS/4IABD2/spark-streaming/exam_stream/exam_stream/data/halfourlydataset was not found. Was it deleted very recently?
25/07/11 12:20:04 WARN HadoopFSUtils: The directory file:/Users/evan/Desktop/COURS/4IABD2/spark-streaming/exam_stream/exam_stream/data/halfourlydataset was not found. Was it deleted very recently?
25/07/11 12:20:06 WARN HadoopFSUtils: The directory file:/Users/evan/Desktop/COURS/4IABD2/spark-streaming/exam_stream/exam_stream/data/halfourlydataset was not found. Was it deleted very recently?
25/07/11 12:20:08 WARN HadoopFSUtils: The directory file:/Users/evan/Desktop/COURS/4IABD2/spark-streaming/exam_stream/exam_stream/data/halfourlydataset was not found. Was it deleted very recently?
25/07/11 12:20:10 WARN HadoopFSUtils: The directory file:/Users/evan/Desktop/COURS/4IABD2/spark-streaming/exam_stream/exam_stream/data/halfourlydataset was not found. Was it deleted very recently?
25/07/11 12:20:12 WARN HadoopFSUtils: The directory file:/Users/evan/Desktop/COURS/4IABD2/spark-streaming/exam_stream/exam_stream/data/halfourlydataset was not found. Was it deleted very recently?
25/07/11 12:20:14 WARN HadoopFSUtils: The directory file:/Users/evan/Desktop/COURS/4IABD2/spark-streaming/exam_stream/exam_stream/data/halfourlydataset was not found. Was it deleted very recently?
25/07/11 12:20:16 WARN HadoopFSUtils: The directory file:/Users/evan/Desktop/COURS/4IABD2/spark-streaming/exam_stream/exam_stream/data/halfourlydataset was not found. Was it deleted very recently?
25/07/11 12:20:18 WARN HadoopFSUtils: The directory file:/Users/evan/Desktop/COURS/4IABD2/spark-streaming/exam_stream/exam_stream/data/halfourlydataset was not found. Was it deleted very recently?
25/07/11 12:20:20 WARN HadoopFSUtils: The directory file:/Users/evan/Desktop/COURS/4IABD2/spark-streaming/exam_stream/exam_stream/data/halfourlydataset was not found. Was it deleted very recently?
25/07/11 12:20:22 WARN HadoopFSUtils: The directory file:/Users/evan/Desktop/COURS/4IABD2/spark-streaming/exam_stream/exam_stream/data/halfourlydataset was not found. Was it deleted very recently?
25/07/11 12:20:24 WARN HadoopFSUtils: The directory file:/Users/evan/Desktop/COURS/4IABD2/spark-streaming/exam_stream/exam_stream/data/halfourlydataset was not found. Was it deleted very recently?
25/07/11 12:20:26 WARN HadoopFSUtils: The directory file:/Users/evan/Desktop/COURS/4IABD2/spark-streaming/exam_stream/exam_stream/data/halfourlydataset was not found. Was it deleted very recently?
25/07/11 12:20:28 WARN HadoopFSUtils: The directory file:/Users/evan/Desktop/COURS/4IABD2/spark-streaming/exam_stream/exam_stream/data/halfourlydataset was not found. Was it deleted very recently?
25/07/11 12:20:30 WARN HadoopFSUtils: The directory file:/Users/evan/Desktop/COURS/4IABD2/spark-streaming/exam_stream/exam_stream/data/halfourlydataset was not found. Was it deleted very recently?
25/07/11 12:20:32 WARN HadoopFSUtils: The directory file:/Users/evan/Desktop/COURS/4IABD2/spark-streaming/exam_stream/exam_stream/data/halfourlydataset was not found. Was it deleted very recently?
25/07/11 12:20:34 WARN HadoopFSUtils: The directory file:/Users/evan/Desktop/COURS/4IABD2/spark-streaming/exam_stream/exam_stream/data/halfourlydataset was not found. Was it deleted very recently?
25/07/11 12:20:36 WARN HadoopFSUtils: The directory file:/Users/evan/Desktop/COURS/4IABD2/spark-streaming/exam_stream/exam_stream/data/halfourlydataset was not found. Was it deleted very recently?
25/07/11 12:20:38 WARN HadoopFSUtils: The directory file:/Users/evan/Desktop/COURS/4IABD2/spark-streaming/exam_stream/exam_stream/data/halfourlydataset was not found. Was it deleted very recently?
25/07/11 12:20:40 WARN HadoopFSUtils: The directory file:/Users/evan/Desktop/COURS/4IABD2/spark-streaming/exam_stream/exam_stream/data/halfourlydataset was not found. Was it deleted very recently?
25/07/11 12:20:42 WARN HadoopFSUtils: The directory file:/Users/evan/Desktop/COURS/4IABD2/spark-streaming/exam_stream/exam_stream/data/halfourlydataset was not found. Was it deleted very recently?
25/07/11 12:20:44 WARN HadoopFSUtils: The directory file:/Users/evan/Desktop/COURS/4IABD2/spark-streaming/exam_stream/exam_stream/data/halfourlydataset was not found. Was it deleted very recently?
25/07/11 12:20:46 WARN HadoopFSUtils: The directory file:/Users/evan/Desktop/COURS/4IABD2/spark-streaming/exam_stream/exam_stream/data/halfourlydataset was not found. Was it deleted very recently?
25/07/11 12:20:48 WARN HadoopFSUtils: The directory file:/Users/evan/Desktop/COURS/4IABD2/spark-streaming/exam_stream/exam_stream/data/halfourlydataset was not found. Was it deleted very recently?
25/07/11 12:20:50 WARN HadoopFSUtils: The directory file:/Users/evan/Desktop/COURS/4IABD2/spark-streaming/exam_stream/exam_stream/data/halfourlydataset was not found. Was it deleted very recently?
25/07/11 12:20:52 WARN HadoopFSUtils: The directory file:/Users/evan/Desktop/COURS/4IABD2/spark-streaming/exam_stream/exam_stream/data/halfourlydataset was not found. Was it deleted very recently?
25/07/11 12:20:54 WARN HadoopFSUtils: The directory file:/Users/evan/Desktop/COURS/4IABD2/spark-streaming/exam_stream/exam_stream/data/halfourlydataset was not found. Was it deleted very recently?
25/07/11 12:20:56 WARN HadoopFSUtils: The directory file:/Users/evan/Desktop/COURS/4IABD2/spark-streaming/exam_stream/exam_stream/data/halfourlydataset was not found. Was it deleted very recently?
25/07/11 12:20:58 WARN HadoopFSUtils: The directory file:/Users/evan/Desktop/COURS/4IABD2/spark-streaming/exam_stream/exam_stream/data/halfourlydataset was not found. Was it deleted very recently?
25/07/11 12:21:00 WARN HadoopFSUtils: The directory file:/Users/evan/Desktop/COURS/4IABD2/spark-streaming/exam_stream/exam_stream/data/halfourlydataset was not found. Was it deleted very recently?
25/07/11 12:21:02 WARN HadoopFSUtils: The directory file:/Users/evan/Desktop/COURS/4IABD2/spark-streaming/exam_stream/exam_stream/data/halfourlydataset was not found. Was it deleted very recently?
25/07/11 12:21:04 WARN HadoopFSUtils: The directory file:/Users/evan/Desktop/COURS/4IABD2/spark-streaming/exam_stream/exam_stream/data/halfourlydataset was not found. Was it deleted very recently?
25/07/11 12:21:06 WARN HadoopFSUtils: The directory file:/Users/evan/Desktop/COURS/4IABD2/spark-streaming/exam_stream/exam_stream/data/halfourlydataset was not found. Was it deleted very recently?
25/07/11 12:21:08 WARN HadoopFSUtils: The directory file:/Users/evan/Desktop/COURS/4IABD2/spark-streaming/exam_stream/exam_stream/data/halfourlydataset was not found. Was it deleted very recently?
25/07/11 12:21:10 WARN HadoopFSUtils: The directory file:/Users/evan/Desktop/COURS/4IABD2/spark-streaming/exam_stream/exam_stream/data/halfourlydataset was not found. Was it deleted very recently?
25/07/11 12:21:12 WARN HadoopFSUtils: The directory file:/Users/evan/Desktop/COURS/4IABD2/spark-streaming/exam_stream/exam_stream/data/halfourlydataset was not found. Was it deleted very recently?
25/07/11 12:21:14 WARN HadoopFSUtils: The directory file:/Users/evan/Desktop/COURS/4IABD2/spark-streaming/exam_stream/exam_stream/data/halfourlydataset was not found. Was it deleted very recently?
25/07/11 12:21:16 WARN HadoopFSUtils: The directory file:/Users/evan/Desktop/COURS/4IABD2/spark-streaming/exam_stream/exam_stream/data/halfourlydataset was not found. Was it deleted very recently?
25/07/11 12:21:18 WARN HadoopFSUtils: The directory file:/Users/evan/Desktop/COURS/4IABD2/spark-streaming/exam_stream/exam_stream/data/halfourlydataset was not found. Was it deleted very recently?
25/07/11 12:21:20 WARN HadoopFSUtils: The directory file:/Users/evan/Desktop/COURS/4IABD2/spark-streaming/exam_stream/exam_stream/data/halfourlydataset was not found. Was it deleted very recently?
25/07/11 12:21:22 WARN HadoopFSUtils: The directory file:/Users/evan/Desktop/COURS/4IABD2/spark-streaming/exam_stream/exam_stream/data/halfourlydataset was not found. Was it deleted very recently?
25/07/11 12:21:24 WARN HadoopFSUtils: The directory file:/Users/evan/Desktop/COURS/4IABD2/spark-streaming/exam_stream/exam_stream/data/halfourlydataset was not found. Was it deleted very recently?
25/07/11 12:21:26 WARN HadoopFSUtils: The directory file:/Users/evan/Desktop/COURS/4IABD2/spark-streaming/exam_stream/exam_stream/data/halfourlydataset was not found. Was it deleted very recently?
25/07/11 12:21:28 WARN HadoopFSUtils: The directory file:/Users/evan/Desktop/COURS/4IABD2/spark-streaming/exam_stream/exam_stream/data/halfourlydataset was not found. Was it deleted very recently?
25/07/11 12:21:30 WARN HadoopFSUtils: The directory file:/Users/evan/Desktop/COURS/4IABD2/spark-streaming/exam_stream/exam_stream/data/halfourlydataset was not found. Was it deleted very recently?
25/07/11 12:21:32 WARN HadoopFSUtils: The directory file:/Users/evan/Desktop/COURS/4IABD2/spark-streaming/exam_stream/exam_stream/data/halfourlydataset was not found. Was it deleted very recently?
25/07/11 12:21:34 WARN HadoopFSUtils: The directory file:/Users/evan/Desktop/COURS/4IABD2/spark-streaming/exam_stream/exam_stream/data/halfourlydataset was not found. Was it deleted very recently?
25/07/11 12:21:36 WARN HadoopFSUtils: The directory file:/Users/evan/Desktop/COURS/4IABD2/spark-streaming/exam_stream/exam_stream/data/halfourlydataset was not found. Was it deleted very recently?
25/07/11 12:21:38 WARN HadoopFSUtils: The directory file:/Users/evan/Desktop/COURS/4IABD2/spark-streaming/exam_stream/exam_stream/data/halfourlydataset was not found. Was it deleted very recently?
25/07/11 12:21:40 WARN HadoopFSUtils: The directory file:/Users/evan/Desktop/COURS/4IABD2/spark-streaming/exam_stream/exam_stream/data/halfourlydataset was not found. Was it deleted very recently?
25/07/11 12:21:42 WARN HadoopFSUtils: The directory file:/Users/evan/Desktop/COURS/4IABD2/spark-streaming/exam_stream/exam_stream/data/halfourlydataset was not found. Was it deleted very recently?
25/07/11 12:21:44 WARN HadoopFSUtils: The directory file:/Users/evan/Desktop/COURS/4IABD2/spark-streaming/exam_stream/exam_stream/data/halfourlydataset was not found. Was it deleted very recently?
25/07/11 12:21:46 WARN HadoopFSUtils: The directory file:/Users/evan/Desktop/COURS/4IABD2/spark-streaming/exam_stream/exam_stream/data/halfourlydataset was not found. Was it deleted very recently?
25/07/11 12:21:48 WARN HadoopFSUtils: The directory file:/Users/evan/Desktop/COURS/4IABD2/spark-streaming/exam_stream/exam_stream/data/halfourlydataset was not found. Was it deleted very recently?
25/07/11 12:21:50 WARN HadoopFSUtils: The directory file:/Users/evan/Desktop/COURS/4IABD2/spark-streaming/exam_stream/exam_stream/data/halfourlydataset was not found. Was it deleted very recently?
25/07/11 12:21:52 WARN HadoopFSUtils: The directory file:/Users/evan/Desktop/COURS/4IABD2/spark-streaming/exam_stream/exam_stream/data/halfourlydataset was not found. Was it deleted very recently?
25/07/11 12:21:54 WARN HadoopFSUtils: The directory file:/Users/evan/Desktop/COURS/4IABD2/spark-streaming/exam_stream/exam_stream/data/halfourlydataset was not found. Was it deleted very recently?
25/07/11 12:21:56 WARN HadoopFSUtils: The directory file:/Users/evan/Desktop/COURS/4IABD2/spark-streaming/exam_stream/exam_stream/data/halfourlydataset was not found. Was it deleted very recently?
25/07/11 12:21:58 WARN HadoopFSUtils: The directory file:/Users/evan/Desktop/COURS/4IABD2/spark-streaming/exam_stream/exam_stream/data/halfourlydataset was not found. Was it deleted very recently?
25/07/11 12:22:00 WARN HadoopFSUtils: The directory file:/Users/evan/Desktop/COURS/4IABD2/spark-streaming/exam_stream/exam_stream/data/halfourlydataset was not found. Was it deleted very recently?
25/07/11 12:22:02 WARN HadoopFSUtils: The directory file:/Users/evan/Desktop/COURS/4IABD2/spark-streaming/exam_stream/exam_stream/data/halfourlydataset was not found. Was it deleted very recently?
25/07/11 12:22:04 WARN HadoopFSUtils: The directory file:/Users/evan/Desktop/COURS/4IABD2/spark-streaming/exam_stream/exam_stream/data/halfourlydataset was not found. Was it deleted very recently?
25/07/11 12:22:06 WARN HadoopFSUtils: The directory file:/Users/evan/Desktop/COURS/4IABD2/spark-streaming/exam_stream/exam_stream/data/halfourlydataset was not found. Was it deleted very recently?
25/07/11 12:22:08 WARN HadoopFSUtils: The directory file:/Users/evan/Desktop/COURS/4IABD2/spark-streaming/exam_stream/exam_stream/data/halfourlydataset was not found. Was it deleted very recently?
25/07/11 12:22:10 WARN HadoopFSUtils: The directory file:/Users/evan/Desktop/COURS/4IABD2/spark-streaming/exam_stream/exam_stream/data/halfourlydataset was not found. Was it deleted very recently?
25/07/11 12:22:12 WARN HadoopFSUtils: The directory file:/Users/evan/Desktop/COURS/4IABD2/spark-streaming/exam_stream/exam_stream/data/halfourlydataset was not found. Was it deleted very recently?
25/07/11 12:22:14 WARN HadoopFSUtils: The directory file:/Users/evan/Desktop/COURS/4IABD2/spark-streaming/exam_stream/exam_stream/data/halfourlydataset was not found. Was it deleted very recently?
25/07/11 12:22:16 WARN HadoopFSUtils: The directory file:/Users/evan/Desktop/COURS/4IABD2/spark-streaming/exam_stream/exam_stream/data/halfourlydataset was not found. Was it deleted very recently?
25/07/11 12:22:18 WARN HadoopFSUtils: The directory file:/Users/evan/Desktop/COURS/4IABD2/spark-streaming/exam_stream/exam_stream/data/halfourlydataset was not found. Was it deleted very recently?
25/07/11 12:22:20 WARN HadoopFSUtils: The directory file:/Users/evan/Desktop/COURS/4IABD2/spark-streaming/exam_stream/exam_stream/data/halfourlydataset was not found. Was it deleted very recently?
25/07/11 12:22:22 WARN HadoopFSUtils: The directory file:/Users/evan/Desktop/COURS/4IABD2/spark-streaming/exam_stream/exam_stream/data/halfourlydataset was not found. Was it deleted very recently?
25/07/11 12:22:24 WARN HadoopFSUtils: The directory file:/Users/evan/Desktop/COURS/4IABD2/spark-streaming/exam_stream/exam_stream/data/halfourlydataset was not found. Was it deleted very recently?
25/07/11 12:22:26 WARN HadoopFSUtils: The directory file:/Users/evan/Desktop/COURS/4IABD2/spark-streaming/exam_stream/exam_stream/data/halfourlydataset was not found. Was it deleted very recently?
25/07/11 12:22:28 WARN HadoopFSUtils: The directory file:/Users/evan/Desktop/COURS/4IABD2/spark-streaming/exam_stream/exam_stream/data/halfourlydataset was not found. Was it deleted very recently?
25/07/11 12:22:30 WARN HadoopFSUtils: The directory file:/Users/evan/Desktop/COURS/4IABD2/spark-streaming/exam_stream/exam_stream/data/halfourlydataset was not found. Was it deleted very recently?
25/07/11 12:22:32 WARN HadoopFSUtils: The directory file:/Users/evan/Desktop/COURS/4IABD2/spark-streaming/exam_stream/exam_stream/data/halfourlydataset was not found. Was it deleted very recently?
25/07/11 12:22:34 WARN HadoopFSUtils: The directory file:/Users/evan/Desktop/COURS/4IABD2/spark-streaming/exam_stream/exam_stream/data/halfourlydataset was not found. Was it deleted very recently?
25/07/11 12:22:36 WARN HadoopFSUtils: The directory file:/Users/evan/Desktop/COURS/4IABD2/spark-streaming/exam_stream/exam_stream/data/halfourlydataset was not found. Was it deleted very recently?
25/07/11 12:22:38 WARN HadoopFSUtils: The directory file:/Users/evan/Desktop/COURS/4IABD2/spark-streaming/exam_stream/exam_stream/data/halfourlydataset was not found. Was it deleted very recently?
25/07/11 12:22:40 WARN HadoopFSUtils: The directory file:/Users/evan/Desktop/COURS/4IABD2/spark-streaming/exam_stream/exam_stream/data/halfourlydataset was not found. Was it deleted very recently?
25/07/11 12:22:42 WARN HadoopFSUtils: The directory file:/Users/evan/Desktop/COURS/4IABD2/spark-streaming/exam_stream/exam_stream/data/halfourlydataset was not found. Was it deleted very recently?
25/07/11 12:22:44 WARN HadoopFSUtils: The directory file:/Users/evan/Desktop/COURS/4IABD2/spark-streaming/exam_stream/exam_stream/data/halfourlydataset was not found. Was it deleted very recently?
25/07/11 12:22:46 WARN HadoopFSUtils: The directory file:/Users/evan/Desktop/COURS/4IABD2/spark-streaming/exam_stream/exam_stream/data/halfourlydataset was not found. Was it deleted very recently?
25/07/11 12:22:48 WARN HadoopFSUtils: The directory file:/Users/evan/Desktop/COURS/4IABD2/spark-streaming/exam_stream/exam_stream/data/halfourlydataset was not found. Was it deleted very recently?
25/07/11 12:22:50 WARN HadoopFSUtils: The directory file:/Users/evan/Desktop/COURS/4IABD2/spark-streaming/exam_stream/exam_stream/data/halfourlydataset was not found. Was it deleted very recently?
25/07/11 12:22:52 WARN HadoopFSUtils: The directory file:/Users/evan/Desktop/COURS/4IABD2/spark-streaming/exam_stream/exam_stream/data/halfourlydataset was not found. Was it deleted very recently?
25/07/11 12:22:54 WARN HadoopFSUtils: The directory file:/Users/evan/Desktop/COURS/4IABD2/spark-streaming/exam_stream/exam_stream/data/halfourlydataset was not found. Was it deleted very recently?
25/07/11 12:22:56 WARN HadoopFSUtils: The directory file:/Users/evan/Desktop/COURS/4IABD2/spark-streaming/exam_stream/exam_stream/data/halfourlydataset was not found. Was it deleted very recently?
25/07/11 12:22:58 WARN HadoopFSUtils: The directory file:/Users/evan/Desktop/COURS/4IABD2/spark-streaming/exam_stream/exam_stream/data/halfourlydataset was not found. Was it deleted very recently?
25/07/11 12:23:00 WARN HadoopFSUtils: The directory file:/Users/evan/Desktop/COURS/4IABD2/spark-streaming/exam_stream/exam_stream/data/halfourlydataset was not found. Was it deleted very recently?
25/07/11 12:23:02 WARN HadoopFSUtils: The directory file:/Users/evan/Desktop/COURS/4IABD2/spark-streaming/exam_stream/exam_stream/data/halfourlydataset was not found. Was it deleted very recently?
25/07/11 12:23:04 WARN HadoopFSUtils: The directory file:/Users/evan/Desktop/COURS/4IABD2/spark-streaming/exam_stream/exam_stream/data/halfourlydataset was not found. Was it deleted very recently?
25/07/11 12:23:06 WARN HadoopFSUtils: The directory file:/Users/evan/Desktop/COURS/4IABD2/spark-streaming/exam_stream/exam_stream/data/halfourlydataset was not found. Was it deleted very recently?
25/07/11 12:23:08 WARN HadoopFSUtils: The directory file:/Users/evan/Desktop/COURS/4IABD2/spark-streaming/exam_stream/exam_stream/data/halfourlydataset was not found. Was it deleted very recently?
25/07/11 12:23:10 WARN HadoopFSUtils: The directory file:/Users/evan/Desktop/COURS/4IABD2/spark-streaming/exam_stream/exam_stream/data/halfourlydataset was not found. Was it deleted very recently?
25/07/11 12:23:12 WARN HadoopFSUtils: The directory file:/Users/evan/Desktop/COURS/4IABD2/spark-streaming/exam_stream/exam_stream/data/halfourlydataset was not found. Was it deleted very recently?
25/07/11 12:23:14 WARN HadoopFSUtils: The directory file:/Users/evan/Desktop/COURS/4IABD2/spark-streaming/exam_stream/exam_stream/data/halfourlydataset was not found. Was it deleted very recently?
25/07/11 12:23:16 WARN HadoopFSUtils: The directory file:/Users/evan/Desktop/COURS/4IABD2/spark-streaming/exam_stream/exam_stream/data/halfourlydataset was not found. Was it deleted very recently?
25/07/11 12:23:18 WARN HadoopFSUtils: The directory file:/Users/evan/Desktop/COURS/4IABD2/spark-streaming/exam_stream/exam_stream/data/halfourlydataset was not found. Was it deleted very recently?
25/07/11 12:23:20 WARN HadoopFSUtils: The directory file:/Users/evan/Desktop/COURS/4IABD2/spark-streaming/exam_stream/exam_stream/data/halfourlydataset was not found. Was it deleted very recently?
25/07/11 12:23:22 WARN HadoopFSUtils: The directory file:/Users/evan/Desktop/COURS/4IABD2/spark-streaming/exam_stream/exam_stream/data/halfourlydataset was not found. Was it deleted very recently?
25/07/11 12:23:24 WARN HadoopFSUtils: The directory file:/Users/evan/Desktop/COURS/4IABD2/spark-streaming/exam_stream/exam_stream/data/halfourlydataset was not found. Was it deleted very recently?
25/07/11 12:23:26 WARN HadoopFSUtils: The directory file:/Users/evan/Desktop/COURS/4IABD2/spark-streaming/exam_stream/exam_stream/data/halfourlydataset was not found. Was it deleted very recently?
25/07/11 12:23:28 WARN HadoopFSUtils: The directory file:/Users/evan/Desktop/COURS/4IABD2/spark-streaming/exam_stream/exam_stream/data/halfourlydataset was not found. Was it deleted very recently?
25/07/11 12:23:30 WARN HadoopFSUtils: The directory file:/Users/evan/Desktop/COURS/4IABD2/spark-streaming/exam_stream/exam_stream/data/halfourlydataset was not found. Was it deleted very recently?
25/07/11 12:23:32 WARN HadoopFSUtils: The directory file:/Users/evan/Desktop/COURS/4IABD2/spark-streaming/exam_stream/exam_stream/data/halfourlydataset was not found. Was it deleted very recently?
25/07/11 12:23:34 WARN HadoopFSUtils: The directory file:/Users/evan/Desktop/COURS/4IABD2/spark-streaming/exam_stream/exam_stream/data/halfourlydataset was not found. Was it deleted very recently?
25/07/11 12:23:36 WARN HadoopFSUtils: The directory file:/Users/evan/Desktop/COURS/4IABD2/spark-streaming/exam_stream/exam_stream/data/halfourlydataset was not found. Was it deleted very recently?
25/07/11 12:23:38 WARN HadoopFSUtils: The directory file:/Users/evan/Desktop/COURS/4IABD2/spark-streaming/exam_stream/exam_stream/data/halfourlydataset was not found. Was it deleted very recently?
25/07/11 12:23:40 WARN HadoopFSUtils: The directory file:/Users/evan/Desktop/COURS/4IABD2/spark-streaming/exam_stream/exam_stream/data/halfourlydataset was not found. Was it deleted very recently?
25/07/11 12:23:42 WARN HadoopFSUtils: The directory file:/Users/evan/Desktop/COURS/4IABD2/spark-streaming/exam_stream/exam_stream/data/halfourlydataset was not found. Was it deleted very recently?
25/07/11 12:23:44 WARN HadoopFSUtils: The directory file:/Users/evan/Desktop/COURS/4IABD2/spark-streaming/exam_stream/exam_stream/data/halfourlydataset was not found. Was it deleted very recently?
25/07/11 12:23:46 WARN HadoopFSUtils: The directory file:/Users/evan/Desktop/COURS/4IABD2/spark-streaming/exam_stream/exam_stream/data/halfourlydataset was not found. Was it deleted very recently?
25/07/11 12:23:48 WARN HadoopFSUtils: The directory file:/Users/evan/Desktop/COURS/4IABD2/spark-streaming/exam_stream/exam_stream/data/halfourlydataset was not found. Was it deleted very recently?
25/07/11 12:23:50 WARN HadoopFSUtils: The directory file:/Users/evan/Desktop/COURS/4IABD2/spark-streaming/exam_stream/exam_stream/data/halfourlydataset was not found. Was it deleted very recently?
25/07/11 12:23:52 WARN HadoopFSUtils: The directory file:/Users/evan/Desktop/COURS/4IABD2/spark-streaming/exam_stream/exam_stream/data/halfourlydataset was not found. Was it deleted very recently?
25/07/11 12:23:54 WARN HadoopFSUtils: The directory file:/Users/evan/Desktop/COURS/4IABD2/spark-streaming/exam_stream/exam_stream/data/halfourlydataset was not found. Was it deleted very recently?
25/07/11 12:23:56 WARN HadoopFSUtils: The directory file:/Users/evan/Desktop/COURS/4IABD2/spark-streaming/exam_stream/exam_stream/data/halfourlydataset was not found. Was it deleted very recently?
25/07/11 12:23:58 WARN HadoopFSUtils: The directory file:/Users/evan/Desktop/COURS/4IABD2/spark-streaming/exam_stream/exam_stream/data/halfourlydataset was not found. Was it deleted very recently?
25/07/11 12:24:00 WARN HadoopFSUtils: The directory file:/Users/evan/Desktop/COURS/4IABD2/spark-streaming/exam_stream/exam_stream/data/halfourlydataset was not found. Was it deleted very recently?
25/07/11 12:24:02 WARN HadoopFSUtils: The directory file:/Users/evan/Desktop/COURS/4IABD2/spark-streaming/exam_stream/exam_stream/data/halfourlydataset was not found. Was it deleted very recently?
25/07/11 12:24:04 WARN HadoopFSUtils: The directory file:/Users/evan/Desktop/COURS/4IABD2/spark-streaming/exam_stream/exam_stream/data/halfourlydataset was not found. Was it deleted very recently?
25/07/11 12:24:06 WARN HadoopFSUtils: The directory file:/Users/evan/Desktop/COURS/4IABD2/spark-streaming/exam_stream/exam_stream/data/halfourlydataset was not found. Was it deleted very recently?
25/07/11 12:24:08 WARN HadoopFSUtils: The directory file:/Users/evan/Desktop/COURS/4IABD2/spark-streaming/exam_stream/exam_stream/data/halfourlydataset was not found. Was it deleted very recently?
25/07/11 12:24:10 WARN HadoopFSUtils: The directory file:/Users/evan/Desktop/COURS/4IABD2/spark-streaming/exam_stream/exam_stream/data/halfourlydataset was not found. Was it deleted very recently?
25/07/11 12:24:12 WARN HadoopFSUtils: The directory file:/Users/evan/Desktop/COURS/4IABD2/spark-streaming/exam_stream/exam_stream/data/halfourlydataset was not found. Was it deleted very recently?
25/07/11 12:24:14 WARN HadoopFSUtils: The directory file:/Users/evan/Desktop/COURS/4IABD2/spark-streaming/exam_stream/exam_stream/data/halfourlydataset was not found. Was it deleted very recently?
25/07/11 12:24:16 WARN HadoopFSUtils: The directory file:/Users/evan/Desktop/COURS/4IABD2/spark-streaming/exam_stream/exam_stream/data/halfourlydataset was not found. Was it deleted very recently?
25/07/11 12:24:18 WARN HadoopFSUtils: The directory file:/Users/evan/Desktop/COURS/4IABD2/spark-streaming/exam_stream/exam_stream/data/halfourlydataset was not found. Was it deleted very recently?
25/07/11 12:24:20 WARN HadoopFSUtils: The directory file:/Users/evan/Desktop/COURS/4IABD2/spark-streaming/exam_stream/exam_stream/data/halfourlydataset was not found. Was it deleted very recently?
25/07/11 12:24:22 WARN HadoopFSUtils: The directory file:/Users/evan/Desktop/COURS/4IABD2/spark-streaming/exam_stream/exam_stream/data/halfourlydataset was not found. Was it deleted very recently?
25/07/11 12:24:24 WARN HadoopFSUtils: The directory file:/Users/evan/Desktop/COURS/4IABD2/spark-streaming/exam_stream/exam_stream/data/halfourlydataset was not found. Was it deleted very recently?
25/07/11 12:24:26 WARN HadoopFSUtils: The directory file:/Users/evan/Desktop/COURS/4IABD2/spark-streaming/exam_stream/exam_stream/data/halfourlydataset was not found. Was it deleted very recently?
25/07/11 12:24:28 WARN HadoopFSUtils: The directory file:/Users/evan/Desktop/COURS/4IABD2/spark-streaming/exam_stream/exam_stream/data/halfourlydataset was not found. Was it deleted very recently?
25/07/11 12:24:30 WARN HadoopFSUtils: The directory file:/Users/evan/Desktop/COURS/4IABD2/spark-streaming/exam_stream/exam_stream/data/halfourlydataset was not found. Was it deleted very recently?
25/07/11 12:24:32 WARN HadoopFSUtils: The directory file:/Users/evan/Desktop/COURS/4IABD2/spark-streaming/exam_stream/exam_stream/data/halfourlydataset was not found. Was it deleted very recently?
25/07/11 12:24:34 WARN HadoopFSUtils: The directory file:/Users/evan/Desktop/COURS/4IABD2/spark-streaming/exam_stream/exam_stream/data/halfourlydataset was not found. Was it deleted very recently?
25/07/11 12:24:36 WARN HadoopFSUtils: The directory file:/Users/evan/Desktop/COURS/4IABD2/spark-streaming/exam_stream/exam_stream/data/halfourlydataset was not found. Was it deleted very recently?
25/07/11 12:24:38 WARN HadoopFSUtils: The directory file:/Users/evan/Desktop/COURS/4IABD2/spark-streaming/exam_stream/exam_stream/data/halfourlydataset was not found. Was it deleted very recently?
25/07/11 12:24:40 WARN HadoopFSUtils: The directory file:/Users/evan/Desktop/COURS/4IABD2/spark-streaming/exam_stream/exam_stream/data/halfourlydataset was not found. Was it deleted very recently?
25/07/11 12:24:42 WARN HadoopFSUtils: The directory file:/Users/evan/Desktop/COURS/4IABD2/spark-streaming/exam_stream/exam_stream/data/halfourlydataset was not found. Was it deleted very recently?
25/07/11 12:24:44 WARN HadoopFSUtils: The directory file:/Users/evan/Desktop/COURS/4IABD2/spark-streaming/exam_stream/exam_stream/data/halfourlydataset was not found. Was it deleted very recently?
25/07/11 12:24:46 WARN HadoopFSUtils: The directory file:/Users/evan/Desktop/COURS/4IABD2/spark-streaming/exam_stream/exam_stream/data/halfourlydataset was not found. Was it deleted very recently?
25/07/11 12:24:48 WARN HadoopFSUtils: The directory file:/Users/evan/Desktop/COURS/4IABD2/spark-streaming/exam_stream/exam_stream/data/halfourlydataset was not found. Was it deleted very recently?
25/07/11 12:24:50 WARN HadoopFSUtils: The directory file:/Users/evan/Desktop/COURS/4IABD2/spark-streaming/exam_stream/exam_stream/data/halfourlydataset was not found. Was it deleted very recently?
25/07/11 12:24:52 WARN HadoopFSUtils: The directory file:/Users/evan/Desktop/COURS/4IABD2/spark-streaming/exam_stream/exam_stream/data/halfourlydataset was not found. Was it deleted very recently?
25/07/11 12:24:54 WARN HadoopFSUtils: The directory file:/Users/evan/Desktop/COURS/4IABD2/spark-streaming/exam_stream/exam_stream/data/halfourlydataset was not found. Was it deleted very recently?
25/07/11 12:24:56 WARN HadoopFSUtils: The directory file:/Users/evan/Desktop/COURS/4IABD2/spark-streaming/exam_stream/exam_stream/data/halfourlydataset was not found. Was it deleted very recently?
25/07/11 12:24:58 WARN HadoopFSUtils: The directory file:/Users/evan/Desktop/COURS/4IABD2/spark-streaming/exam_stream/exam_stream/data/halfourlydataset was not found. Was it deleted very recently?
25/07/11 12:25:00 WARN HadoopFSUtils: The directory file:/Users/evan/Desktop/COURS/4IABD2/spark-streaming/exam_stream/exam_stream/data/halfourlydataset was not found. Was it deleted very recently?
25/07/11 12:25:02 WARN HadoopFSUtils: The directory file:/Users/evan/Desktop/COURS/4IABD2/spark-streaming/exam_stream/exam_stream/data/halfourlydataset was not found. Was it deleted very recently?
25/07/11 12:25:04 WARN HadoopFSUtils: The directory file:/Users/evan/Desktop/COURS/4IABD2/spark-streaming/exam_stream/exam_stream/data/halfourlydataset was not found. Was it deleted very recently?
25/07/11 12:25:06 WARN HadoopFSUtils: The directory file:/Users/evan/Desktop/COURS/4IABD2/spark-streaming/exam_stream/exam_stream/data/halfourlydataset was not found. Was it deleted very recently?
25/07/11 12:25:08 WARN HadoopFSUtils: The directory file:/Users/evan/Desktop/COURS/4IABD2/spark-streaming/exam_stream/exam_stream/data/halfourlydataset was not found. Was it deleted very recently?
25/07/11 12:25:10 WARN HadoopFSUtils: The directory file:/Users/evan/Desktop/COURS/4IABD2/spark-streaming/exam_stream/exam_stream/data/halfourlydataset was not found. Was it deleted very recently?
25/07/11 12:25:12 WARN HadoopFSUtils: The directory file:/Users/evan/Desktop/COURS/4IABD2/spark-streaming/exam_stream/exam_stream/data/halfourlydataset was not found. Was it deleted very recently?
25/07/11 12:25:14 WARN HadoopFSUtils: The directory file:/Users/evan/Desktop/COURS/4IABD2/spark-streaming/exam_stream/exam_stream/data/halfourlydataset was not found. Was it deleted very recently?
25/07/11 12:25:16 WARN HadoopFSUtils: The directory file:/Users/evan/Desktop/COURS/4IABD2/spark-streaming/exam_stream/exam_stream/data/halfourlydataset was not found. Was it deleted very recently?
25/07/11 12:25:18 WARN HadoopFSUtils: The directory file:/Users/evan/Desktop/COURS/4IABD2/spark-streaming/exam_stream/exam_stream/data/halfourlydataset was not found. Was it deleted very recently?
25/07/11 12:25:20 WARN HadoopFSUtils: The directory file:/Users/evan/Desktop/COURS/4IABD2/spark-streaming/exam_stream/exam_stream/data/halfourlydataset was not found. Was it deleted very recently?
25/07/11 12:25:22 WARN HadoopFSUtils: The directory file:/Users/evan/Desktop/COURS/4IABD2/spark-streaming/exam_stream/exam_stream/data/halfourlydataset was not found. Was it deleted very recently?
25/07/11 12:25:24 WARN HadoopFSUtils: The directory file:/Users/evan/Desktop/COURS/4IABD2/spark-streaming/exam_stream/exam_stream/data/halfourlydataset was not found. Was it deleted very recently?
25/07/11 12:25:26 WARN HadoopFSUtils: The directory file:/Users/evan/Desktop/COURS/4IABD2/spark-streaming/exam_stream/exam_stream/data/halfourlydataset was not found. Was it deleted very recently?
25/07/11 12:25:28 WARN HadoopFSUtils: The directory file:/Users/evan/Desktop/COURS/4IABD2/spark-streaming/exam_stream/exam_stream/data/halfourlydataset was not found. Was it deleted very recently?
25/07/11 12:25:30 WARN HadoopFSUtils: The directory file:/Users/evan/Desktop/COURS/4IABD2/spark-streaming/exam_stream/exam_stream/data/halfourlydataset was not found. Was it deleted very recently?
25/07/11 12:25:32 WARN HadoopFSUtils: The directory file:/Users/evan/Desktop/COURS/4IABD2/spark-streaming/exam_stream/exam_stream/data/halfourlydataset was not found. Was it deleted very recently?
25/07/11 12:25:34 WARN HadoopFSUtils: The directory file:/Users/evan/Desktop/COURS/4IABD2/spark-streaming/exam_stream/exam_stream/data/halfourlydataset was not found. Was it deleted very recently?
25/07/11 12:25:36 WARN HadoopFSUtils: The directory file:/Users/evan/Desktop/COURS/4IABD2/spark-streaming/exam_stream/exam_stream/data/halfourlydataset was not found. Was it deleted very recently?
25/07/11 12:25:38 WARN HadoopFSUtils: The directory file:/Users/evan/Desktop/COURS/4IABD2/spark-streaming/exam_stream/exam_stream/data/halfourlydataset was not found. Was it deleted very recently?
25/07/11 12:25:40 WARN HadoopFSUtils: The directory file:/Users/evan/Desktop/COURS/4IABD2/spark-streaming/exam_stream/exam_stream/data/halfourlydataset was not found. Was it deleted very recently?
25/07/11 12:25:42 WARN HadoopFSUtils: The directory file:/Users/evan/Desktop/COURS/4IABD2/spark-streaming/exam_stream/exam_stream/data/halfourlydataset was not found. Was it deleted very recently?
25/07/11 12:25:44 WARN HadoopFSUtils: The directory file:/Users/evan/Desktop/COURS/4IABD2/spark-streaming/exam_stream/exam_stream/data/halfourlydataset was not found. Was it deleted very recently?
25/07/11 12:25:46 WARN HadoopFSUtils: The directory file:/Users/evan/Desktop/COURS/4IABD2/spark-streaming/exam_stream/exam_stream/data/halfourlydataset was not found. Was it deleted very recently?
25/07/11 12:25:48 WARN HadoopFSUtils: The directory file:/Users/evan/Desktop/COURS/4IABD2/spark-streaming/exam_stream/exam_stream/data/halfourlydataset was not found. Was it deleted very recently?
25/07/11 12:25:50 WARN HadoopFSUtils: The directory file:/Users/evan/Desktop/COURS/4IABD2/spark-streaming/exam_stream/exam_stream/data/halfourlydataset was not found. Was it deleted very recently?
25/07/11 12:25:52 WARN HadoopFSUtils: The directory file:/Users/evan/Desktop/COURS/4IABD2/spark-streaming/exam_stream/exam_stream/data/halfourlydataset was not found. Was it deleted very recently?
25/07/11 12:25:54 WARN HadoopFSUtils: The directory file:/Users/evan/Desktop/COURS/4IABD2/spark-streaming/exam_stream/exam_stream/data/halfourlydataset was not found. Was it deleted very recently?
25/07/11 12:25:56 WARN HadoopFSUtils: The directory file:/Users/evan/Desktop/COURS/4IABD2/spark-streaming/exam_stream/exam_stream/data/halfourlydataset was not found. Was it deleted very recently?
25/07/11 12:25:58 WARN HadoopFSUtils: The directory file:/Users/evan/Desktop/COURS/4IABD2/spark-streaming/exam_stream/exam_stream/data/halfourlydataset was not found. Was it deleted very recently?
25/07/11 12:26:00 WARN HadoopFSUtils: The directory file:/Users/evan/Desktop/COURS/4IABD2/spark-streaming/exam_stream/exam_stream/data/halfourlydataset was not found. Was it deleted very recently?
25/07/11 12:26:02 WARN HadoopFSUtils: The directory file:/Users/evan/Desktop/COURS/4IABD2/spark-streaming/exam_stream/exam_stream/data/halfourlydataset was not found. Was it deleted very recently?
25/07/11 12:26:04 WARN HadoopFSUtils: The directory file:/Users/evan/Desktop/COURS/4IABD2/spark-streaming/exam_stream/exam_stream/data/halfourlydataset was not found. Was it deleted very recently?
25/07/11 12:26:06 WARN HadoopFSUtils: The directory file:/Users/evan/Desktop/COURS/4IABD2/spark-streaming/exam_stream/exam_stream/data/halfourlydataset was not found. Was it deleted very recently?
25/07/11 12:26:08 WARN HadoopFSUtils: The directory file:/Users/evan/Desktop/COURS/4IABD2/spark-streaming/exam_stream/exam_stream/data/halfourlydataset was not found. Was it deleted very recently?
25/07/11 12:26:10 WARN HadoopFSUtils: The directory file:/Users/evan/Desktop/COURS/4IABD2/spark-streaming/exam_stream/exam_stream/data/halfourlydataset was not found. Was it deleted very recently?
25/07/11 12:26:12 WARN HadoopFSUtils: The directory file:/Users/evan/Desktop/COURS/4IABD2/spark-streaming/exam_stream/exam_stream/data/halfourlydataset was not found. Was it deleted very recently?
25/07/11 12:26:14 WARN HadoopFSUtils: The directory file:/Users/evan/Desktop/COURS/4IABD2/spark-streaming/exam_stream/exam_stream/data/halfourlydataset was not found. Was it deleted very recently?
25/07/11 12:26:16 WARN HadoopFSUtils: The directory file:/Users/evan/Desktop/COURS/4IABD2/spark-streaming/exam_stream/exam_stream/data/halfourlydataset was not found. Was it deleted very recently?
25/07/11 12:26:18 WARN HadoopFSUtils: The directory file:/Users/evan/Desktop/COURS/4IABD2/spark-streaming/exam_stream/exam_stream/data/halfourlydataset was not found. Was it deleted very recently?
25/07/11 12:26:20 WARN HadoopFSUtils: The directory file:/Users/evan/Desktop/COURS/4IABD2/spark-streaming/exam_stream/exam_stream/data/halfourlydataset was not found. Was it deleted very recently?
25/07/11 12:26:22 WARN HadoopFSUtils: The directory file:/Users/evan/Desktop/COURS/4IABD2/spark-streaming/exam_stream/exam_stream/data/halfourlydataset was not found. Was it deleted very recently?
25/07/11 12:26:24 WARN HadoopFSUtils: The directory file:/Users/evan/Desktop/COURS/4IABD2/spark-streaming/exam_stream/exam_stream/data/halfourlydataset was not found. Was it deleted very recently?
25/07/11 12:26:26 WARN HadoopFSUtils: The directory file:/Users/evan/Desktop/COURS/4IABD2/spark-streaming/exam_stream/exam_stream/data/halfourlydataset was not found. Was it deleted very recently?
25/07/11 12:26:28 WARN HadoopFSUtils: The directory file:/Users/evan/Desktop/COURS/4IABD2/spark-streaming/exam_stream/exam_stream/data/halfourlydataset was not found. Was it deleted very recently?
25/07/11 12:26:30 WARN HadoopFSUtils: The directory file:/Users/evan/Desktop/COURS/4IABD2/spark-streaming/exam_stream/exam_stream/data/halfourlydataset was not found. Was it deleted very recently?
25/07/11 12:26:32 WARN HadoopFSUtils: The directory file:/Users/evan/Desktop/COURS/4IABD2/spark-streaming/exam_stream/exam_stream/data/halfourlydataset was not found. Was it deleted very recently?
25/07/11 12:26:34 WARN HadoopFSUtils: The directory file:/Users/evan/Desktop/COURS/4IABD2/spark-streaming/exam_stream/exam_stream/data/halfourlydataset was not found. Was it deleted very recently?
25/07/11 12:26:36 WARN HadoopFSUtils: The directory file:/Users/evan/Desktop/COURS/4IABD2/spark-streaming/exam_stream/exam_stream/data/halfourlydataset was not found. Was it deleted very recently?
25/07/11 12:26:38 WARN HadoopFSUtils: The directory file:/Users/evan/Desktop/COURS/4IABD2/spark-streaming/exam_stream/exam_stream/data/halfourlydataset was not found. Was it deleted very recently?
25/07/11 12:26:40 WARN HadoopFSUtils: The directory file:/Users/evan/Desktop/COURS/4IABD2/spark-streaming/exam_stream/exam_stream/data/halfourlydataset was not found. Was it deleted very recently?
25/07/11 12:26:42 WARN HadoopFSUtils: The directory file:/Users/evan/Desktop/COURS/4IABD2/spark-streaming/exam_stream/exam_stream/data/halfourlydataset was not found. Was it deleted very recently?
25/07/11 12:26:44 WARN HadoopFSUtils: The directory file:/Users/evan/Desktop/COURS/4IABD2/spark-streaming/exam_stream/exam_stream/data/halfourlydataset was not found. Was it deleted very recently?
25/07/11 12:26:46 WARN HadoopFSUtils: The directory file:/Users/evan/Desktop/COURS/4IABD2/spark-streaming/exam_stream/exam_stream/data/halfourlydataset was not found. Was it deleted very recently?
25/07/11 12:26:48 WARN HadoopFSUtils: The directory file:/Users/evan/Desktop/COURS/4IABD2/spark-streaming/exam_stream/exam_stream/data/halfourlydataset was not found. Was it deleted very recently?
25/07/11 12:26:50 WARN HadoopFSUtils: The directory file:/Users/evan/Desktop/COURS/4IABD2/spark-streaming/exam_stream/exam_stream/data/halfourlydataset was not found. Was it deleted very recently?
25/07/11 12:26:52 WARN HadoopFSUtils: The directory file:/Users/evan/Desktop/COURS/4IABD2/spark-streaming/exam_stream/exam_stream/data/halfourlydataset was not found. Was it deleted very recently?
25/07/11 12:26:54 WARN HadoopFSUtils: The directory file:/Users/evan/Desktop/COURS/4IABD2/spark-streaming/exam_stream/exam_stream/data/halfourlydataset was not found. Was it deleted very recently?
25/07/11 12:26:56 WARN HadoopFSUtils: The directory file:/Users/evan/Desktop/COURS/4IABD2/spark-streaming/exam_stream/exam_stream/data/halfourlydataset was not found. Was it deleted very recently?
25/07/11 12:26:58 WARN HadoopFSUtils: The directory file:/Users/evan/Desktop/COURS/4IABD2/spark-streaming/exam_stream/exam_stream/data/halfourlydataset was not found. Was it deleted very recently?
25/07/11 12:27:00 WARN HadoopFSUtils: The directory file:/Users/evan/Desktop/COURS/4IABD2/spark-streaming/exam_stream/exam_stream/data/halfourlydataset was not found. Was it deleted very recently?
25/07/11 12:27:02 WARN HadoopFSUtils: The directory file:/Users/evan/Desktop/COURS/4IABD2/spark-streaming/exam_stream/exam_stream/data/halfourlydataset was not found. Was it deleted very recently?
25/07/11 12:27:04 WARN HadoopFSUtils: The directory file:/Users/evan/Desktop/COURS/4IABD2/spark-streaming/exam_stream/exam_stream/data/halfourlydataset was not found. Was it deleted very recently?
25/07/11 12:27:06 WARN HadoopFSUtils: The directory file:/Users/evan/Desktop/COURS/4IABD2/spark-streaming/exam_stream/exam_stream/data/halfourlydataset was not found. Was it deleted very recently?
25/07/11 12:27:08 WARN HadoopFSUtils: The directory file:/Users/evan/Desktop/COURS/4IABD2/spark-streaming/exam_stream/exam_stream/data/halfourlydataset was not found. Was it deleted very recently?
25/07/11 12:27:10 WARN HadoopFSUtils: The directory file:/Users/evan/Desktop/COURS/4IABD2/spark-streaming/exam_stream/exam_stream/data/halfourlydataset was not found. Was it deleted very recently?
25/07/11 12:27:12 WARN HadoopFSUtils: The directory file:/Users/evan/Desktop/COURS/4IABD2/spark-streaming/exam_stream/exam_stream/data/halfourlydataset was not found. Was it deleted very recently?
25/07/11 12:27:14 WARN HadoopFSUtils: The directory file:/Users/evan/Desktop/COURS/4IABD2/spark-streaming/exam_stream/exam_stream/data/halfourlydataset was not found. Was it deleted very recently?
25/07/11 12:27:16 WARN HadoopFSUtils: The directory file:/Users/evan/Desktop/COURS/4IABD2/spark-streaming/exam_stream/exam_stream/data/halfourlydataset was not found. Was it deleted very recently?
25/07/11 12:27:18 WARN HadoopFSUtils: The directory file:/Users/evan/Desktop/COURS/4IABD2/spark-streaming/exam_stream/exam_stream/data/halfourlydataset was not found. Was it deleted very recently?
25/07/11 12:27:20 WARN HadoopFSUtils: The directory file:/Users/evan/Desktop/COURS/4IABD2/spark-streaming/exam_stream/exam_stream/data/halfourlydataset was not found. Was it deleted very recently?
25/07/11 12:27:22 WARN HadoopFSUtils: The directory file:/Users/evan/Desktop/COURS/4IABD2/spark-streaming/exam_stream/exam_stream/data/halfourlydataset was not found. Was it deleted very recently?
25/07/11 12:27:24 WARN HadoopFSUtils: The directory file:/Users/evan/Desktop/COURS/4IABD2/spark-streaming/exam_stream/exam_stream/data/halfourlydataset was not found. Was it deleted very recently?
25/07/11 12:27:26 WARN HadoopFSUtils: The directory file:/Users/evan/Desktop/COURS/4IABD2/spark-streaming/exam_stream/exam_stream/data/halfourlydataset was not found. Was it deleted very recently?
25/07/11 12:27:28 WARN HadoopFSUtils: The directory file:/Users/evan/Desktop/COURS/4IABD2/spark-streaming/exam_stream/exam_stream/data/halfourlydataset was not found. Was it deleted very recently?
25/07/11 12:27:30 WARN HadoopFSUtils: The directory file:/Users/evan/Desktop/COURS/4IABD2/spark-streaming/exam_stream/exam_stream/data/halfourlydataset was not found. Was it deleted very recently?
25/07/11 12:27:32 WARN HadoopFSUtils: The directory file:/Users/evan/Desktop/COURS/4IABD2/spark-streaming/exam_stream/exam_stream/data/halfourlydataset was not found. Was it deleted very recently?
25/07/11 12:27:34 WARN HadoopFSUtils: The directory file:/Users/evan/Desktop/COURS/4IABD2/spark-streaming/exam_stream/exam_stream/data/halfourlydataset was not found. Was it deleted very recently?
25/07/11 12:27:36 WARN HadoopFSUtils: The directory file:/Users/evan/Desktop/COURS/4IABD2/spark-streaming/exam_stream/exam_stream/data/halfourlydataset was not found. Was it deleted very recently?
25/07/11 12:27:38 WARN HadoopFSUtils: The directory file:/Users/evan/Desktop/COURS/4IABD2/spark-streaming/exam_stream/exam_stream/data/halfourlydataset was not found. Was it deleted very recently?
25/07/11 12:27:40 WARN HadoopFSUtils: The directory file:/Users/evan/Desktop/COURS/4IABD2/spark-streaming/exam_stream/exam_stream/data/halfourlydataset was not found. Was it deleted very recently?
25/07/11 12:27:42 WARN HadoopFSUtils: The directory file:/Users/evan/Desktop/COURS/4IABD2/spark-streaming/exam_stream/exam_stream/data/halfourlydataset was not found. Was it deleted very recently?
25/07/11 12:27:44 WARN HadoopFSUtils: The directory file:/Users/evan/Desktop/COURS/4IABD2/spark-streaming/exam_stream/exam_stream/data/halfourlydataset was not found. Was it deleted very recently?
25/07/11 12:27:46 WARN HadoopFSUtils: The directory file:/Users/evan/Desktop/COURS/4IABD2/spark-streaming/exam_stream/exam_stream/data/halfourlydataset was not found. Was it deleted very recently?
25/07/11 12:27:48 WARN HadoopFSUtils: The directory file:/Users/evan/Desktop/COURS/4IABD2/spark-streaming/exam_stream/exam_stream/data/halfourlydataset was not found. Was it deleted very recently?
25/07/11 12:27:50 WARN HadoopFSUtils: The directory file:/Users/evan/Desktop/COURS/4IABD2/spark-streaming/exam_stream/exam_stream/data/halfourlydataset was not found. Was it deleted very recently?
25/07/11 12:27:52 WARN HadoopFSUtils: The directory file:/Users/evan/Desktop/COURS/4IABD2/spark-streaming/exam_stream/exam_stream/data/halfourlydataset was not found. Was it deleted very recently?
25/07/11 12:27:54 WARN HadoopFSUtils: The directory file:/Users/evan/Desktop/COURS/4IABD2/spark-streaming/exam_stream/exam_stream/data/halfourlydataset was not found. Was it deleted very recently?
25/07/11 12:27:56 WARN HadoopFSUtils: The directory file:/Users/evan/Desktop/COURS/4IABD2/spark-streaming/exam_stream/exam_stream/data/halfourlydataset was not found. Was it deleted very recently?
25/07/11 12:27:58 WARN HadoopFSUtils: The directory file:/Users/evan/Desktop/COURS/4IABD2/spark-streaming/exam_stream/exam_stream/data/halfourlydataset was not found. Was it deleted very recently?
25/07/11 12:28:00 WARN HadoopFSUtils: The directory file:/Users/evan/Desktop/COURS/4IABD2/spark-streaming/exam_stream/exam_stream/data/halfourlydataset was not found. Was it deleted very recently?
25/07/11 12:28:02 WARN HadoopFSUtils: The directory file:/Users/evan/Desktop/COURS/4IABD2/spark-streaming/exam_stream/exam_stream/data/halfourlydataset was not found. Was it deleted very recently?
25/07/11 12:28:04 WARN HadoopFSUtils: The directory file:/Users/evan/Desktop/COURS/4IABD2/spark-streaming/exam_stream/exam_stream/data/halfourlydataset was not found. Was it deleted very recently?
25/07/11 12:28:06 WARN HadoopFSUtils: The directory file:/Users/evan/Desktop/COURS/4IABD2/spark-streaming/exam_stream/exam_stream/data/halfourlydataset was not found. Was it deleted very recently?
25/07/11 12:28:08 WARN HadoopFSUtils: The directory file:/Users/evan/Desktop/COURS/4IABD2/spark-streaming/exam_stream/exam_stream/data/halfourlydataset was not found. Was it deleted very recently?
25/07/11 12:28:10 WARN HadoopFSUtils: The directory file:/Users/evan/Desktop/COURS/4IABD2/spark-streaming/exam_stream/exam_stream/data/halfourlydataset was not found. Was it deleted very recently?
25/07/11 12:28:12 WARN HadoopFSUtils: The directory file:/Users/evan/Desktop/COURS/4IABD2/spark-streaming/exam_stream/exam_stream/data/halfourlydataset was not found. Was it deleted very recently?
25/07/11 12:28:14 WARN HadoopFSUtils: The directory file:/Users/evan/Desktop/COURS/4IABD2/spark-streaming/exam_stream/exam_stream/data/halfourlydataset was not found. Was it deleted very recently?
25/07/11 12:28:16 WARN HadoopFSUtils: The directory file:/Users/evan/Desktop/COURS/4IABD2/spark-streaming/exam_stream/exam_stream/data/halfourlydataset was not found. Was it deleted very recently?
25/07/11 12:28:18 WARN HadoopFSUtils: The directory file:/Users/evan/Desktop/COURS/4IABD2/spark-streaming/exam_stream/exam_stream/data/halfourlydataset was not found. Was it deleted very recently?
25/07/11 12:28:20 WARN HadoopFSUtils: The directory file:/Users/evan/Desktop/COURS/4IABD2/spark-streaming/exam_stream/exam_stream/data/halfourlydataset was not found. Was it deleted very recently?
25/07/11 12:28:22 WARN HadoopFSUtils: The directory file:/Users/evan/Desktop/COURS/4IABD2/spark-streaming/exam_stream/exam_stream/data/halfourlydataset was not found. Was it deleted very recently?
25/07/11 12:28:24 WARN HadoopFSUtils: The directory file:/Users/evan/Desktop/COURS/4IABD2/spark-streaming/exam_stream/exam_stream/data/halfourlydataset was not found. Was it deleted very recently?
25/07/11 12:28:26 WARN HadoopFSUtils: The directory file:/Users/evan/Desktop/COURS/4IABD2/spark-streaming/exam_stream/exam_stream/data/halfourlydataset was not found. Was it deleted very recently?
25/07/11 12:28:28 WARN HadoopFSUtils: The directory file:/Users/evan/Desktop/COURS/4IABD2/spark-streaming/exam_stream/exam_stream/data/halfourlydataset was not found. Was it deleted very recently?
25/07/11 12:28:30 WARN HadoopFSUtils: The directory file:/Users/evan/Desktop/COURS/4IABD2/spark-streaming/exam_stream/exam_stream/data/halfourlydataset was not found. Was it deleted very recently?
25/07/11 12:28:32 WARN HadoopFSUtils: The directory file:/Users/evan/Desktop/COURS/4IABD2/spark-streaming/exam_stream/exam_stream/data/halfourlydataset was not found. Was it deleted very recently?
25/07/11 12:28:34 WARN HadoopFSUtils: The directory file:/Users/evan/Desktop/COURS/4IABD2/spark-streaming/exam_stream/exam_stream/data/halfourlydataset was not found. Was it deleted very recently?
25/07/11 12:28:36 WARN HadoopFSUtils: The directory file:/Users/evan/Desktop/COURS/4IABD2/spark-streaming/exam_stream/exam_stream/data/halfourlydataset was not found. Was it deleted very recently?
25/07/11 12:28:38 WARN HadoopFSUtils: The directory file:/Users/evan/Desktop/COURS/4IABD2/spark-streaming/exam_stream/exam_stream/data/halfourlydataset was not found. Was it deleted very recently?
25/07/11 12:28:40 WARN HadoopFSUtils: The directory file:/Users/evan/Desktop/COURS/4IABD2/spark-streaming/exam_stream/exam_stream/data/halfourlydataset was not found. Was it deleted very recently?
25/07/11 12:28:42 WARN HadoopFSUtils: The directory file:/Users/evan/Desktop/COURS/4IABD2/spark-streaming/exam_stream/exam_stream/data/halfourlydataset was not found. Was it deleted very recently?
25/07/11 12:28:44 WARN HadoopFSUtils: The directory file:/Users/evan/Desktop/COURS/4IABD2/spark-streaming/exam_stream/exam_stream/data/halfourlydataset was not found. Was it deleted very recently?
25/07/11 12:28:46 WARN HadoopFSUtils: The directory file:/Users/evan/Desktop/COURS/4IABD2/spark-streaming/exam_stream/exam_stream/data/halfourlydataset was not found. Was it deleted very recently?
25/07/11 12:28:48 WARN HadoopFSUtils: The directory file:/Users/evan/Desktop/COURS/4IABD2/spark-streaming/exam_stream/exam_stream/data/halfourlydataset was not found. Was it deleted very recently?
25/07/11 12:28:50 WARN HadoopFSUtils: The directory file:/Users/evan/Desktop/COURS/4IABD2/spark-streaming/exam_stream/exam_stream/data/halfourlydataset was not found. Was it deleted very recently?
25/07/11 12:28:52 WARN HadoopFSUtils: The directory file:/Users/evan/Desktop/COURS/4IABD2/spark-streaming/exam_stream/exam_stream/data/halfourlydataset was not found. Was it deleted very recently?
25/07/11 12:28:54 WARN HadoopFSUtils: The directory file:/Users/evan/Desktop/COURS/4IABD2/spark-streaming/exam_stream/exam_stream/data/halfourlydataset was not found. Was it deleted very recently?
25/07/11 12:28:56 WARN HadoopFSUtils: The directory file:/Users/evan/Desktop/COURS/4IABD2/spark-streaming/exam_stream/exam_stream/data/halfourlydataset was not found. Was it deleted very recently?
25/07/11 12:28:58 WARN HadoopFSUtils: The directory file:/Users/evan/Desktop/COURS/4IABD2/spark-streaming/exam_stream/exam_stream/data/halfourlydataset was not found. Was it deleted very recently?
25/07/11 12:29:00 WARN HadoopFSUtils: The directory file:/Users/evan/Desktop/COURS/4IABD2/spark-streaming/exam_stream/exam_stream/data/halfourlydataset was not found. Was it deleted very recently?
25/07/11 12:29:02 WARN HadoopFSUtils: The directory file:/Users/evan/Desktop/COURS/4IABD2/spark-streaming/exam_stream/exam_stream/data/halfourlydataset was not found. Was it deleted very recently?
25/07/11 12:29:04 WARN HadoopFSUtils: The directory file:/Users/evan/Desktop/COURS/4IABD2/spark-streaming/exam_stream/exam_stream/data/halfourlydataset was not found. Was it deleted very recently?
25/07/11 12:29:06 WARN HadoopFSUtils: The directory file:/Users/evan/Desktop/COURS/4IABD2/spark-streaming/exam_stream/exam_stream/data/halfourlydataset was not found. Was it deleted very recently?
25/07/11 12:29:08 WARN HadoopFSUtils: The directory file:/Users/evan/Desktop/COURS/4IABD2/spark-streaming/exam_stream/exam_stream/data/halfourlydataset was not found. Was it deleted very recently?
25/07/11 12:29:10 WARN HadoopFSUtils: The directory file:/Users/evan/Desktop/COURS/4IABD2/spark-streaming/exam_stream/exam_stream/data/halfourlydataset was not found. Was it deleted very recently?
25/07/11 12:29:12 WARN HadoopFSUtils: The directory file:/Users/evan/Desktop/COURS/4IABD2/spark-streaming/exam_stream/exam_stream/data/halfourlydataset was not found. Was it deleted very recently?
25/07/11 12:29:14 WARN HadoopFSUtils: The directory file:/Users/evan/Desktop/COURS/4IABD2/spark-streaming/exam_stream/exam_stream/data/halfourlydataset was not found. Was it deleted very recently?
25/07/11 12:29:16 WARN HadoopFSUtils: The directory file:/Users/evan/Desktop/COURS/4IABD2/spark-streaming/exam_stream/exam_stream/data/halfourlydataset was not found. Was it deleted very recently?
25/07/11 12:29:18 WARN HadoopFSUtils: The directory file:/Users/evan/Desktop/COURS/4IABD2/spark-streaming/exam_stream/exam_stream/data/halfourlydataset was not found. Was it deleted very recently?
25/07/11 12:29:20 WARN HadoopFSUtils: The directory file:/Users/evan/Desktop/COURS/4IABD2/spark-streaming/exam_stream/exam_stream/data/halfourlydataset was not found. Was it deleted very recently?
25/07/11 12:29:22 WARN HadoopFSUtils: The directory file:/Users/evan/Desktop/COURS/4IABD2/spark-streaming/exam_stream/exam_stream/data/halfourlydataset was not found. Was it deleted very recently?
25/07/11 12:29:24 WARN HadoopFSUtils: The directory file:/Users/evan/Desktop/COURS/4IABD2/spark-streaming/exam_stream/exam_stream/data/halfourlydataset was not found. Was it deleted very recently?
25/07/11 12:29:26 WARN HadoopFSUtils: The directory file:/Users/evan/Desktop/COURS/4IABD2/spark-streaming/exam_stream/exam_stream/data/halfourlydataset was not found. Was it deleted very recently?
25/07/11 12:29:28 WARN HadoopFSUtils: The directory file:/Users/evan/Desktop/COURS/4IABD2/spark-streaming/exam_stream/exam_stream/data/halfourlydataset was not found. Was it deleted very recently?
25/07/11 12:29:30 WARN HadoopFSUtils: The directory file:/Users/evan/Desktop/COURS/4IABD2/spark-streaming/exam_stream/exam_stream/data/halfourlydataset was not found. Was it deleted very recently?
25/07/11 12:29:32 WARN HadoopFSUtils: The directory file:/Users/evan/Desktop/COURS/4IABD2/spark-streaming/exam_stream/exam_stream/data/halfourlydataset was not found. Was it deleted very recently?
25/07/11 12:29:34 WARN HadoopFSUtils: The directory file:/Users/evan/Desktop/COURS/4IABD2/spark-streaming/exam_stream/exam_stream/data/halfourlydataset was not found. Was it deleted very recently?
25/07/11 12:29:36 WARN HadoopFSUtils: The directory file:/Users/evan/Desktop/COURS/4IABD2/spark-streaming/exam_stream/exam_stream/data/halfourlydataset was not found. Was it deleted very recently?
25/07/11 12:29:38 WARN HadoopFSUtils: The directory file:/Users/evan/Desktop/COURS/4IABD2/spark-streaming/exam_stream/exam_stream/data/halfourlydataset was not found. Was it deleted very recently?
25/07/11 12:29:40 WARN HadoopFSUtils: The directory file:/Users/evan/Desktop/COURS/4IABD2/spark-streaming/exam_stream/exam_stream/data/halfourlydataset was not found. Was it deleted very recently?
25/07/11 12:29:42 WARN HadoopFSUtils: The directory file:/Users/evan/Desktop/COURS/4IABD2/spark-streaming/exam_stream/exam_stream/data/halfourlydataset was not found. Was it deleted very recently?
25/07/11 12:29:44 WARN HadoopFSUtils: The directory file:/Users/evan/Desktop/COURS/4IABD2/spark-streaming/exam_stream/exam_stream/data/halfourlydataset was not found. Was it deleted very recently?
25/07/11 12:29:46 WARN HadoopFSUtils: The directory file:/Users/evan/Desktop/COURS/4IABD2/spark-streaming/exam_stream/exam_stream/data/halfourlydataset was not found. Was it deleted very recently?
25/07/11 12:29:48 WARN HadoopFSUtils: The directory file:/Users/evan/Desktop/COURS/4IABD2/spark-streaming/exam_stream/exam_stream/data/halfourlydataset was not found. Was it deleted very recently?
25/07/11 12:29:50 WARN HadoopFSUtils: The directory file:/Users/evan/Desktop/COURS/4IABD2/spark-streaming/exam_stream/exam_stream/data/halfourlydataset was not found. Was it deleted very recently?
25/07/11 12:29:52 WARN HadoopFSUtils: The directory file:/Users/evan/Desktop/COURS/4IABD2/spark-streaming/exam_stream/exam_stream/data/halfourlydataset was not found. Was it deleted very recently?
25/07/11 12:29:54 WARN HadoopFSUtils: The directory file:/Users/evan/Desktop/COURS/4IABD2/spark-streaming/exam_stream/exam_stream/data/halfourlydataset was not found. Was it deleted very recently?
25/07/11 12:29:56 WARN HadoopFSUtils: The directory file:/Users/evan/Desktop/COURS/4IABD2/spark-streaming/exam_stream/exam_stream/data/halfourlydataset was not found. Was it deleted very recently?
25/07/11 12:29:58 WARN HadoopFSUtils: The directory file:/Users/evan/Desktop/COURS/4IABD2/spark-streaming/exam_stream/exam_stream/data/halfourlydataset was not found. Was it deleted very recently?
25/07/11 12:30:00 WARN HadoopFSUtils: The directory file:/Users/evan/Desktop/COURS/4IABD2/spark-streaming/exam_stream/exam_stream/data/halfourlydataset was not found. Was it deleted very recently?
25/07/11 12:30:02 WARN HadoopFSUtils: The directory file:/Users/evan/Desktop/COURS/4IABD2/spark-streaming/exam_stream/exam_stream/data/halfourlydataset was not found. Was it deleted very recently?
25/07/11 12:30:04 WARN HadoopFSUtils: The directory file:/Users/evan/Desktop/COURS/4IABD2/spark-streaming/exam_stream/exam_stream/data/halfourlydataset was not found. Was it deleted very recently?
25/07/11 12:30:06 WARN HadoopFSUtils: The directory file:/Users/evan/Desktop/COURS/4IABD2/spark-streaming/exam_stream/exam_stream/data/halfourlydataset was not found. Was it deleted very recently?
25/07/11 12:30:08 WARN HadoopFSUtils: The directory file:/Users/evan/Desktop/COURS/4IABD2/spark-streaming/exam_stream/exam_stream/data/halfourlydataset was not found. Was it deleted very recently?
25/07/11 12:30:10 WARN HadoopFSUtils: The directory file:/Users/evan/Desktop/COURS/4IABD2/spark-streaming/exam_stream/exam_stream/data/halfourlydataset was not found. Was it deleted very recently?
25/07/11 12:30:12 WARN HadoopFSUtils: The directory file:/Users/evan/Desktop/COURS/4IABD2/spark-streaming/exam_stream/exam_stream/data/halfourlydataset was not found. Was it deleted very recently?
25/07/11 12:30:14 WARN HadoopFSUtils: The directory file:/Users/evan/Desktop/COURS/4IABD2/spark-streaming/exam_stream/exam_stream/data/halfourlydataset was not found. Was it deleted very recently?
25/07/11 12:30:16 WARN HadoopFSUtils: The directory file:/Users/evan/Desktop/COURS/4IABD2/spark-streaming/exam_stream/exam_stream/data/halfourlydataset was not found. Was it deleted very recently?
25/07/11 12:30:18 WARN HadoopFSUtils: The directory file:/Users/evan/Desktop/COURS/4IABD2/spark-streaming/exam_stream/exam_stream/data/halfourlydataset was not found. Was it deleted very recently?
25/07/11 12:30:20 WARN HadoopFSUtils: The directory file:/Users/evan/Desktop/COURS/4IABD2/spark-streaming/exam_stream/exam_stream/data/halfourlydataset was not found. Was it deleted very recently?
25/07/11 12:30:22 WARN HadoopFSUtils: The directory file:/Users/evan/Desktop/COURS/4IABD2/spark-streaming/exam_stream/exam_stream/data/halfourlydataset was not found. Was it deleted very recently?
25/07/11 12:30:24 WARN HadoopFSUtils: The directory file:/Users/evan/Desktop/COURS/4IABD2/spark-streaming/exam_stream/exam_stream/data/halfourlydataset was not found. Was it deleted very recently?
25/07/11 12:30:26 WARN HadoopFSUtils: The directory file:/Users/evan/Desktop/COURS/4IABD2/spark-streaming/exam_stream/exam_stream/data/halfourlydataset was not found. Was it deleted very recently?
25/07/11 12:30:28 WARN HadoopFSUtils: The directory file:/Users/evan/Desktop/COURS/4IABD2/spark-streaming/exam_stream/exam_stream/data/halfourlydataset was not found. Was it deleted very recently?
25/07/11 12:30:30 WARN HadoopFSUtils: The directory file:/Users/evan/Desktop/COURS/4IABD2/spark-streaming/exam_stream/exam_stream/data/halfourlydataset was not found. Was it deleted very recently?
25/07/11 12:30:32 WARN HadoopFSUtils: The directory file:/Users/evan/Desktop/COURS/4IABD2/spark-streaming/exam_stream/exam_stream/data/halfourlydataset was not found. Was it deleted very recently?
25/07/11 12:30:34 WARN HadoopFSUtils: The directory file:/Users/evan/Desktop/COURS/4IABD2/spark-streaming/exam_stream/exam_stream/data/halfourlydataset was not found. Was it deleted very recently?
25/07/11 12:30:36 WARN HadoopFSUtils: The directory file:/Users/evan/Desktop/COURS/4IABD2/spark-streaming/exam_stream/exam_stream/data/halfourlydataset was not found. Was it deleted very recently?
25/07/11 12:30:38 WARN HadoopFSUtils: The directory file:/Users/evan/Desktop/COURS/4IABD2/spark-streaming/exam_stream/exam_stream/data/halfourlydataset was not found. Was it deleted very recently?
25/07/11 12:30:40 WARN HadoopFSUtils: The directory file:/Users/evan/Desktop/COURS/4IABD2/spark-streaming/exam_stream/exam_stream/data/halfourlydataset was not found. Was it deleted very recently?
25/07/11 12:30:42 WARN HadoopFSUtils: The directory file:/Users/evan/Desktop/COURS/4IABD2/spark-streaming/exam_stream/exam_stream/data/halfourlydataset was not found. Was it deleted very recently?
25/07/11 12:30:44 WARN HadoopFSUtils: The directory file:/Users/evan/Desktop/COURS/4IABD2/spark-streaming/exam_stream/exam_stream/data/halfourlydataset was not found. Was it deleted very recently?
25/07/11 12:30:46 WARN HadoopFSUtils: The directory file:/Users/evan/Desktop/COURS/4IABD2/spark-streaming/exam_stream/exam_stream/data/halfourlydataset was not found. Was it deleted very recently?
25/07/11 12:30:48 WARN HadoopFSUtils: The directory file:/Users/evan/Desktop/COURS/4IABD2/spark-streaming/exam_stream/exam_stream/data/halfourlydataset was not found. Was it deleted very recently?
25/07/11 12:30:50 WARN HadoopFSUtils: The directory file:/Users/evan/Desktop/COURS/4IABD2/spark-streaming/exam_stream/exam_stream/data/halfourlydataset was not found. Was it deleted very recently?
25/07/11 12:30:52 WARN HadoopFSUtils: The directory file:/Users/evan/Desktop/COURS/4IABD2/spark-streaming/exam_stream/exam_stream/data/halfourlydataset was not found. Was it deleted very recently?
25/07/11 12:30:54 WARN HadoopFSUtils: The directory file:/Users/evan/Desktop/COURS/4IABD2/spark-streaming/exam_stream/exam_stream/data/halfourlydataset was not found. Was it deleted very recently?
25/07/11 12:30:56 WARN HadoopFSUtils: The directory file:/Users/evan/Desktop/COURS/4IABD2/spark-streaming/exam_stream/exam_stream/data/halfourlydataset was not found. Was it deleted very recently?
25/07/11 12:30:58 WARN HadoopFSUtils: The directory file:/Users/evan/Desktop/COURS/4IABD2/spark-streaming/exam_stream/exam_stream/data/halfourlydataset was not found. Was it deleted very recently?
25/07/11 12:31:00 WARN HadoopFSUtils: The directory file:/Users/evan/Desktop/COURS/4IABD2/spark-streaming/exam_stream/exam_stream/data/halfourlydataset was not found. Was it deleted very recently?
25/07/11 12:31:02 WARN HadoopFSUtils: The directory file:/Users/evan/Desktop/COURS/4IABD2/spark-streaming/exam_stream/exam_stream/data/halfourlydataset was not found. Was it deleted very recently?
25/07/11 12:31:04 WARN HadoopFSUtils: The directory file:/Users/evan/Desktop/COURS/4IABD2/spark-streaming/exam_stream/exam_stream/data/halfourlydataset was not found. Was it deleted very recently?
25/07/11 12:31:06 WARN HadoopFSUtils: The directory file:/Users/evan/Desktop/COURS/4IABD2/spark-streaming/exam_stream/exam_stream/data/halfourlydataset was not found. Was it deleted very recently?
25/07/11 12:31:08 WARN HadoopFSUtils: The directory file:/Users/evan/Desktop/COURS/4IABD2/spark-streaming/exam_stream/exam_stream/data/halfourlydataset was not found. Was it deleted very recently?
25/07/11 12:31:10 WARN HadoopFSUtils: The directory file:/Users/evan/Desktop/COURS/4IABD2/spark-streaming/exam_stream/exam_stream/data/halfourlydataset was not found. Was it deleted very recently?
25/07/11 12:31:12 WARN HadoopFSUtils: The directory file:/Users/evan/Desktop/COURS/4IABD2/spark-streaming/exam_stream/exam_stream/data/halfourlydataset was not found. Was it deleted very recently?
25/07/11 12:31:14 WARN HadoopFSUtils: The directory file:/Users/evan/Desktop/COURS/4IABD2/spark-streaming/exam_stream/exam_stream/data/halfourlydataset was not found. Was it deleted very recently?
25/07/11 12:31:16 WARN HadoopFSUtils: The directory file:/Users/evan/Desktop/COURS/4IABD2/spark-streaming/exam_stream/exam_stream/data/halfourlydataset was not found. Was it deleted very recently?
25/07/11 12:31:18 WARN HadoopFSUtils: The directory file:/Users/evan/Desktop/COURS/4IABD2/spark-streaming/exam_stream/exam_stream/data/halfourlydataset was not found. Was it deleted very recently?
25/07/11 12:31:20 WARN HadoopFSUtils: The directory file:/Users/evan/Desktop/COURS/4IABD2/spark-streaming/exam_stream/exam_stream/data/halfourlydataset was not found. Was it deleted very recently?
25/07/11 12:31:22 WARN HadoopFSUtils: The directory file:/Users/evan/Desktop/COURS/4IABD2/spark-streaming/exam_stream/exam_stream/data/halfourlydataset was not found. Was it deleted very recently?
25/07/11 12:31:24 WARN HadoopFSUtils: The directory file:/Users/evan/Desktop/COURS/4IABD2/spark-streaming/exam_stream/exam_stream/data/halfourlydataset was not found. Was it deleted very recently?
25/07/11 12:31:26 WARN HadoopFSUtils: The directory file:/Users/evan/Desktop/COURS/4IABD2/spark-streaming/exam_stream/exam_stream/data/halfourlydataset was not found. Was it deleted very recently?
25/07/11 12:31:28 WARN HadoopFSUtils: The directory file:/Users/evan/Desktop/COURS/4IABD2/spark-streaming/exam_stream/exam_stream/data/halfourlydataset was not found. Was it deleted very recently?
25/07/11 12:31:30 WARN HadoopFSUtils: The directory file:/Users/evan/Desktop/COURS/4IABD2/spark-streaming/exam_stream/exam_stream/data/halfourlydataset was not found. Was it deleted very recently?
25/07/11 12:31:32 WARN HadoopFSUtils: The directory file:/Users/evan/Desktop/COURS/4IABD2/spark-streaming/exam_stream/exam_stream/data/halfourlydataset was not found. Was it deleted very recently?
25/07/11 12:31:34 WARN HadoopFSUtils: The directory file:/Users/evan/Desktop/COURS/4IABD2/spark-streaming/exam_stream/exam_stream/data/halfourlydataset was not found. Was it deleted very recently?
25/07/11 12:31:36 WARN HadoopFSUtils: The directory file:/Users/evan/Desktop/COURS/4IABD2/spark-streaming/exam_stream/exam_stream/data/halfourlydataset was not found. Was it deleted very recently?
25/07/11 12:31:38 WARN HadoopFSUtils: The directory file:/Users/evan/Desktop/COURS/4IABD2/spark-streaming/exam_stream/exam_stream/data/halfourlydataset was not found. Was it deleted very recently?
25/07/11 12:31:40 WARN HadoopFSUtils: The directory file:/Users/evan/Desktop/COURS/4IABD2/spark-streaming/exam_stream/exam_stream/data/halfourlydataset was not found. Was it deleted very recently?
25/07/11 12:31:42 WARN HadoopFSUtils: The directory file:/Users/evan/Desktop/COURS/4IABD2/spark-streaming/exam_stream/exam_stream/data/halfourlydataset was not found. Was it deleted very recently?
25/07/11 12:31:44 WARN HadoopFSUtils: The directory file:/Users/evan/Desktop/COURS/4IABD2/spark-streaming/exam_stream/exam_stream/data/halfourlydataset was not found. Was it deleted very recently?
25/07/11 12:31:46 WARN HadoopFSUtils: The directory file:/Users/evan/Desktop/COURS/4IABD2/spark-streaming/exam_stream/exam_stream/data/halfourlydataset was not found. Was it deleted very recently?
25/07/11 12:31:48 WARN HadoopFSUtils: The directory file:/Users/evan/Desktop/COURS/4IABD2/spark-streaming/exam_stream/exam_stream/data/halfourlydataset was not found. Was it deleted very recently?
25/07/11 12:31:50 WARN HadoopFSUtils: The directory file:/Users/evan/Desktop/COURS/4IABD2/spark-streaming/exam_stream/exam_stream/data/halfourlydataset was not found. Was it deleted very recently?
25/07/11 12:31:52 WARN HadoopFSUtils: The directory file:/Users/evan/Desktop/COURS/4IABD2/spark-streaming/exam_stream/exam_stream/data/halfourlydataset was not found. Was it deleted very recently?
25/07/11 12:31:54 WARN HadoopFSUtils: The directory file:/Users/evan/Desktop/COURS/4IABD2/spark-streaming/exam_stream/exam_stream/data/halfourlydataset was not found. Was it deleted very recently?
25/07/11 12:31:56 WARN HadoopFSUtils: The directory file:/Users/evan/Desktop/COURS/4IABD2/spark-streaming/exam_stream/exam_stream/data/halfourlydataset was not found. Was it deleted very recently?
25/07/11 12:31:58 WARN HadoopFSUtils: The directory file:/Users/evan/Desktop/COURS/4IABD2/spark-streaming/exam_stream/exam_stream/data/halfourlydataset was not found. Was it deleted very recently?
25/07/11 12:32:00 WARN HadoopFSUtils: The directory file:/Users/evan/Desktop/COURS/4IABD2/spark-streaming/exam_stream/exam_stream/data/halfourlydataset was not found. Was it deleted very recently?
25/07/11 12:32:02 WARN HadoopFSUtils: The directory file:/Users/evan/Desktop/COURS/4IABD2/spark-streaming/exam_stream/exam_stream/data/halfourlydataset was not found. Was it deleted very recently?
25/07/11 12:32:04 WARN HadoopFSUtils: The directory file:/Users/evan/Desktop/COURS/4IABD2/spark-streaming/exam_stream/exam_stream/data/halfourlydataset was not found. Was it deleted very recently?
25/07/11 12:32:06 WARN HadoopFSUtils: The directory file:/Users/evan/Desktop/COURS/4IABD2/spark-streaming/exam_stream/exam_stream/data/halfourlydataset was not found. Was it deleted very recently?
25/07/11 12:32:08 WARN HadoopFSUtils: The directory file:/Users/evan/Desktop/COURS/4IABD2/spark-streaming/exam_stream/exam_stream/data/halfourlydataset was not found. Was it deleted very recently?
25/07/11 12:32:10 WARN HadoopFSUtils: The directory file:/Users/evan/Desktop/COURS/4IABD2/spark-streaming/exam_stream/exam_stream/data/halfourlydataset was not found. Was it deleted very recently?
25/07/11 12:32:12 WARN HadoopFSUtils: The directory file:/Users/evan/Desktop/COURS/4IABD2/spark-streaming/exam_stream/exam_stream/data/halfourlydataset was not found. Was it deleted very recently?
25/07/11 12:32:14 WARN HadoopFSUtils: The directory file:/Users/evan/Desktop/COURS/4IABD2/spark-streaming/exam_stream/exam_stream/data/halfourlydataset was not found. Was it deleted very recently?
25/07/11 12:32:16 WARN HadoopFSUtils: The directory file:/Users/evan/Desktop/COURS/4IABD2/spark-streaming/exam_stream/exam_stream/data/halfourlydataset was not found. Was it deleted very recently?
25/07/11 12:32:18 WARN HadoopFSUtils: The directory file:/Users/evan/Desktop/COURS/4IABD2/spark-streaming/exam_stream/exam_stream/data/halfourlydataset was not found. Was it deleted very recently?
25/07/11 12:32:20 WARN HadoopFSUtils: The directory file:/Users/evan/Desktop/COURS/4IABD2/spark-streaming/exam_stream/exam_stream/data/halfourlydataset was not found. Was it deleted very recently?
25/07/11 12:32:22 WARN HadoopFSUtils: The directory file:/Users/evan/Desktop/COURS/4IABD2/spark-streaming/exam_stream/exam_stream/data/halfourlydataset was not found. Was it deleted very recently?
25/07/11 12:32:24 WARN HadoopFSUtils: The directory file:/Users/evan/Desktop/COURS/4IABD2/spark-streaming/exam_stream/exam_stream/data/halfourlydataset was not found. Was it deleted very recently?
25/07/11 12:32:26 WARN HadoopFSUtils: The directory file:/Users/evan/Desktop/COURS/4IABD2/spark-streaming/exam_stream/exam_stream/data/halfourlydataset was not found. Was it deleted very recently?
25/07/11 12:32:28 WARN HadoopFSUtils: The directory file:/Users/evan/Desktop/COURS/4IABD2/spark-streaming/exam_stream/exam_stream/data/halfourlydataset was not found. Was it deleted very recently?
25/07/11 12:32:30 WARN HadoopFSUtils: The directory file:/Users/evan/Desktop/COURS/4IABD2/spark-streaming/exam_stream/exam_stream/data/halfourlydataset was not found. Was it deleted very recently?
25/07/11 12:32:32 WARN HadoopFSUtils: The directory file:/Users/evan/Desktop/COURS/4IABD2/spark-streaming/exam_stream/exam_stream/data/halfourlydataset was not found. Was it deleted very recently?
25/07/11 12:32:34 WARN HadoopFSUtils: The directory file:/Users/evan/Desktop/COURS/4IABD2/spark-streaming/exam_stream/exam_stream/data/halfourlydataset was not found. Was it deleted very recently?
25/07/11 12:32:36 WARN HadoopFSUtils: The directory file:/Users/evan/Desktop/COURS/4IABD2/spark-streaming/exam_stream/exam_stream/data/halfourlydataset was not found. Was it deleted very recently?
25/07/11 12:32:38 WARN HadoopFSUtils: The directory file:/Users/evan/Desktop/COURS/4IABD2/spark-streaming/exam_stream/exam_stream/data/halfourlydataset was not found. Was it deleted very recently?
25/07/11 12:32:40 WARN HadoopFSUtils: The directory file:/Users/evan/Desktop/COURS/4IABD2/spark-streaming/exam_stream/exam_stream/data/halfourlydataset was not found. Was it deleted very recently?
25/07/11 12:32:42 WARN HadoopFSUtils: The directory file:/Users/evan/Desktop/COURS/4IABD2/spark-streaming/exam_stream/exam_stream/data/halfourlydataset was not found. Was it deleted very recently?
25/07/11 12:32:44 WARN HadoopFSUtils: The directory file:/Users/evan/Desktop/COURS/4IABD2/spark-streaming/exam_stream/exam_stream/data/halfourlydataset was not found. Was it deleted very recently?
25/07/11 12:32:46 WARN HadoopFSUtils: The directory file:/Users/evan/Desktop/COURS/4IABD2/spark-streaming/exam_stream/exam_stream/data/halfourlydataset was not found. Was it deleted very recently?
25/07/11 12:32:48 WARN HadoopFSUtils: The directory file:/Users/evan/Desktop/COURS/4IABD2/spark-streaming/exam_stream/exam_stream/data/halfourlydataset was not found. Was it deleted very recently?
25/07/11 12:32:50 WARN HadoopFSUtils: The directory file:/Users/evan/Desktop/COURS/4IABD2/spark-streaming/exam_stream/exam_stream/data/halfourlydataset was not found. Was it deleted very recently?
25/07/11 12:32:52 WARN HadoopFSUtils: The directory file:/Users/evan/Desktop/COURS/4IABD2/spark-streaming/exam_stream/exam_stream/data/halfourlydataset was not found. Was it deleted very recently?
25/07/11 12:32:54 WARN HadoopFSUtils: The directory file:/Users/evan/Desktop/COURS/4IABD2/spark-streaming/exam_stream/exam_stream/data/halfourlydataset was not found. Was it deleted very recently?
25/07/11 12:32:56 WARN HadoopFSUtils: The directory file:/Users/evan/Desktop/COURS/4IABD2/spark-streaming/exam_stream/exam_stream/data/halfourlydataset was not found. Was it deleted very recently?
25/07/11 12:32:58 WARN HadoopFSUtils: The directory file:/Users/evan/Desktop/COURS/4IABD2/spark-streaming/exam_stream/exam_stream/data/halfourlydataset was not found. Was it deleted very recently?
25/07/11 12:33:00 WARN HadoopFSUtils: The directory file:/Users/evan/Desktop/COURS/4IABD2/spark-streaming/exam_stream/exam_stream/data/halfourlydataset was not found. Was it deleted very recently?
25/07/11 12:33:02 WARN HadoopFSUtils: The directory file:/Users/evan/Desktop/COURS/4IABD2/spark-streaming/exam_stream/exam_stream/data/halfourlydataset was not found. Was it deleted very recently?
25/07/11 12:33:04 WARN HadoopFSUtils: The directory file:/Users/evan/Desktop/COURS/4IABD2/spark-streaming/exam_stream/exam_stream/data/halfourlydataset was not found. Was it deleted very recently?
25/07/11 12:33:06 WARN HadoopFSUtils: The directory file:/Users/evan/Desktop/COURS/4IABD2/spark-streaming/exam_stream/exam_stream/data/halfourlydataset was not found. Was it deleted very recently?
25/07/11 12:33:08 WARN HadoopFSUtils: The directory file:/Users/evan/Desktop/COURS/4IABD2/spark-streaming/exam_stream/exam_stream/data/halfourlydataset was not found. Was it deleted very recently?
25/07/11 12:33:10 WARN HadoopFSUtils: The directory file:/Users/evan/Desktop/COURS/4IABD2/spark-streaming/exam_stream/exam_stream/data/halfourlydataset was not found. Was it deleted very recently?
25/07/11 12:33:12 WARN HadoopFSUtils: The directory file:/Users/evan/Desktop/COURS/4IABD2/spark-streaming/exam_stream/exam_stream/data/halfourlydataset was not found. Was it deleted very recently?
25/07/11 12:33:14 WARN HadoopFSUtils: The directory file:/Users/evan/Desktop/COURS/4IABD2/spark-streaming/exam_stream/exam_stream/data/halfourlydataset was not found. Was it deleted very recently?
25/07/11 12:33:16 WARN HadoopFSUtils: The directory file:/Users/evan/Desktop/COURS/4IABD2/spark-streaming/exam_stream/exam_stream/data/halfourlydataset was not found. Was it deleted very recently?
25/07/11 12:33:18 WARN HadoopFSUtils: The directory file:/Users/evan/Desktop/COURS/4IABD2/spark-streaming/exam_stream/exam_stream/data/halfourlydataset was not found. Was it deleted very recently?
25/07/11 12:33:20 WARN HadoopFSUtils: The directory file:/Users/evan/Desktop/COURS/4IABD2/spark-streaming/exam_stream/exam_stream/data/halfourlydataset was not found. Was it deleted very recently?
25/07/11 12:33:22 WARN HadoopFSUtils: The directory file:/Users/evan/Desktop/COURS/4IABD2/spark-streaming/exam_stream/exam_stream/data/halfourlydataset was not found. Was it deleted very recently?
25/07/11 12:33:24 WARN HadoopFSUtils: The directory file:/Users/evan/Desktop/COURS/4IABD2/spark-streaming/exam_stream/exam_stream/data/halfourlydataset was not found. Was it deleted very recently?
25/07/11 12:33:26 WARN HadoopFSUtils: The directory file:/Users/evan/Desktop/COURS/4IABD2/spark-streaming/exam_stream/exam_stream/data/halfourlydataset was not found. Was it deleted very recently?
25/07/11 12:33:28 WARN HadoopFSUtils: The directory file:/Users/evan/Desktop/COURS/4IABD2/spark-streaming/exam_stream/exam_stream/data/halfourlydataset was not found. Was it deleted very recently?
25/07/11 12:33:30 WARN HadoopFSUtils: The directory file:/Users/evan/Desktop/COURS/4IABD2/spark-streaming/exam_stream/exam_stream/data/halfourlydataset was not found. Was it deleted very recently?
25/07/11 12:33:32 WARN HadoopFSUtils: The directory file:/Users/evan/Desktop/COURS/4IABD2/spark-streaming/exam_stream/exam_stream/data/halfourlydataset was not found. Was it deleted very recently?
25/07/11 12:33:34 WARN HadoopFSUtils: The directory file:/Users/evan/Desktop/COURS/4IABD2/spark-streaming/exam_stream/exam_stream/data/halfourlydataset was not found. Was it deleted very recently?
25/07/11 12:33:36 WARN HadoopFSUtils: The directory file:/Users/evan/Desktop/COURS/4IABD2/spark-streaming/exam_stream/exam_stream/data/halfourlydataset was not found. Was it deleted very recently?
25/07/11 12:33:38 WARN HadoopFSUtils: The directory file:/Users/evan/Desktop/COURS/4IABD2/spark-streaming/exam_stream/exam_stream/data/halfourlydataset was not found. Was it deleted very recently?
25/07/11 12:33:40 WARN HadoopFSUtils: The directory file:/Users/evan/Desktop/COURS/4IABD2/spark-streaming/exam_stream/exam_stream/data/halfourlydataset was not found. Was it deleted very recently?
25/07/11 12:33:42 WARN HadoopFSUtils: The directory file:/Users/evan/Desktop/COURS/4IABD2/spark-streaming/exam_stream/exam_stream/data/halfourlydataset was not found. Was it deleted very recently?
25/07/11 12:33:44 WARN HadoopFSUtils: The directory file:/Users/evan/Desktop/COURS/4IABD2/spark-streaming/exam_stream/exam_stream/data/halfourlydataset was not found. Was it deleted very recently?
25/07/11 12:33:46 WARN HadoopFSUtils: The directory file:/Users/evan/Desktop/COURS/4IABD2/spark-streaming/exam_stream/exam_stream/data/halfourlydataset was not found. Was it deleted very recently?
25/07/11 12:33:48 WARN HadoopFSUtils: The directory file:/Users/evan/Desktop/COURS/4IABD2/spark-streaming/exam_stream/exam_stream/data/halfourlydataset was not found. Was it deleted very recently?
25/07/11 12:33:50 WARN HadoopFSUtils: The directory file:/Users/evan/Desktop/COURS/4IABD2/spark-streaming/exam_stream/exam_stream/data/halfourlydataset was not found. Was it deleted very recently?
25/07/11 12:33:52 WARN HadoopFSUtils: The directory file:/Users/evan/Desktop/COURS/4IABD2/spark-streaming/exam_stream/exam_stream/data/halfourlydataset was not found. Was it deleted very recently?
25/07/11 12:33:54 WARN HadoopFSUtils: The directory file:/Users/evan/Desktop/COURS/4IABD2/spark-streaming/exam_stream/exam_stream/data/halfourlydataset was not found. Was it deleted very recently?
25/07/11 12:33:56 WARN HadoopFSUtils: The directory file:/Users/evan/Desktop/COURS/4IABD2/spark-streaming/exam_stream/exam_stream/data/halfourlydataset was not found. Was it deleted very recently?
25/07/11 12:33:58 WARN HadoopFSUtils: The directory file:/Users/evan/Desktop/COURS/4IABD2/spark-streaming/exam_stream/exam_stream/data/halfourlydataset was not found. Was it deleted very recently?
25/07/11 12:34:00 WARN HadoopFSUtils: The directory file:/Users/evan/Desktop/COURS/4IABD2/spark-streaming/exam_stream/exam_stream/data/halfourlydataset was not found. Was it deleted very recently?
25/07/11 12:34:02 WARN HadoopFSUtils: The directory file:/Users/evan/Desktop/COURS/4IABD2/spark-streaming/exam_stream/exam_stream/data/halfourlydataset was not found. Was it deleted very recently?
25/07/11 12:34:04 WARN HadoopFSUtils: The directory file:/Users/evan/Desktop/COURS/4IABD2/spark-streaming/exam_stream/exam_stream/data/halfourlydataset was not found. Was it deleted very recently?
25/07/11 12:34:06 WARN HadoopFSUtils: The directory file:/Users/evan/Desktop/COURS/4IABD2/spark-streaming/exam_stream/exam_stream/data/halfourlydataset was not found. Was it deleted very recently?
25/07/11 12:34:08 WARN HadoopFSUtils: The directory file:/Users/evan/Desktop/COURS/4IABD2/spark-streaming/exam_stream/exam_stream/data/halfourlydataset was not found. Was it deleted very recently?
25/07/11 12:34:10 WARN HadoopFSUtils: The directory file:/Users/evan/Desktop/COURS/4IABD2/spark-streaming/exam_stream/exam_stream/data/halfourlydataset was not found. Was it deleted very recently?
25/07/11 12:34:12 WARN HadoopFSUtils: The directory file:/Users/evan/Desktop/COURS/4IABD2/spark-streaming/exam_stream/exam_stream/data/halfourlydataset was not found. Was it deleted very recently?
25/07/11 12:34:14 WARN HadoopFSUtils: The directory file:/Users/evan/Desktop/COURS/4IABD2/spark-streaming/exam_stream/exam_stream/data/halfourlydataset was not found. Was it deleted very recently?
25/07/11 12:34:16 WARN HadoopFSUtils: The directory file:/Users/evan/Desktop/COURS/4IABD2/spark-streaming/exam_stream/exam_stream/data/halfourlydataset was not found. Was it deleted very recently?
25/07/11 12:34:18 WARN HadoopFSUtils: The directory file:/Users/evan/Desktop/COURS/4IABD2/spark-streaming/exam_stream/exam_stream/data/halfourlydataset was not found. Was it deleted very recently?
25/07/11 12:34:20 WARN HadoopFSUtils: The directory file:/Users/evan/Desktop/COURS/4IABD2/spark-streaming/exam_stream/exam_stream/data/halfourlydataset was not found. Was it deleted very recently?
25/07/11 12:34:22 WARN HadoopFSUtils: The directory file:/Users/evan/Desktop/COURS/4IABD2/spark-streaming/exam_stream/exam_stream/data/halfourlydataset was not found. Was it deleted very recently?
25/07/11 12:34:24 WARN HadoopFSUtils: The directory file:/Users/evan/Desktop/COURS/4IABD2/spark-streaming/exam_stream/exam_stream/data/halfourlydataset was not found. Was it deleted very recently?
25/07/11 12:34:26 WARN HadoopFSUtils: The directory file:/Users/evan/Desktop/COURS/4IABD2/spark-streaming/exam_stream/exam_stream/data/halfourlydataset was not found. Was it deleted very recently?
25/07/11 12:34:28 WARN HadoopFSUtils: The directory file:/Users/evan/Desktop/COURS/4IABD2/spark-streaming/exam_stream/exam_stream/data/halfourlydataset was not found. Was it deleted very recently?
25/07/11 12:34:30 WARN HadoopFSUtils: The directory file:/Users/evan/Desktop/COURS/4IABD2/spark-streaming/exam_stream/exam_stream/data/halfourlydataset was not found. Was it deleted very recently?
25/07/11 12:34:32 WARN HadoopFSUtils: The directory file:/Users/evan/Desktop/COURS/4IABD2/spark-streaming/exam_stream/exam_stream/data/halfourlydataset was not found. Was it deleted very recently?
25/07/11 12:34:34 WARN HadoopFSUtils: The directory file:/Users/evan/Desktop/COURS/4IABD2/spark-streaming/exam_stream/exam_stream/data/halfourlydataset was not found. Was it deleted very recently?
25/07/11 12:34:36 WARN HadoopFSUtils: The directory file:/Users/evan/Desktop/COURS/4IABD2/spark-streaming/exam_stream/exam_stream/data/halfourlydataset was not found. Was it deleted very recently?
25/07/11 12:34:38 WARN HadoopFSUtils: The directory file:/Users/evan/Desktop/COURS/4IABD2/spark-streaming/exam_stream/exam_stream/data/halfourlydataset was not found. Was it deleted very recently?
25/07/11 12:34:40 WARN HadoopFSUtils: The directory file:/Users/evan/Desktop/COURS/4IABD2/spark-streaming/exam_stream/exam_stream/data/halfourlydataset was not found. Was it deleted very recently?
25/07/11 12:34:42 WARN HadoopFSUtils: The directory file:/Users/evan/Desktop/COURS/4IABD2/spark-streaming/exam_stream/exam_stream/data/halfourlydataset was not found. Was it deleted very recently?
25/07/11 12:34:44 WARN HadoopFSUtils: The directory file:/Users/evan/Desktop/COURS/4IABD2/spark-streaming/exam_stream/exam_stream/data/halfourlydataset was not found. Was it deleted very recently?
25/07/11 12:34:46 WARN HadoopFSUtils: The directory file:/Users/evan/Desktop/COURS/4IABD2/spark-streaming/exam_stream/exam_stream/data/halfourlydataset was not found. Was it deleted very recently?
25/07/11 12:34:48 WARN HadoopFSUtils: The directory file:/Users/evan/Desktop/COURS/4IABD2/spark-streaming/exam_stream/exam_stream/data/halfourlydataset was not found. Was it deleted very recently?
25/07/11 12:34:50 WARN HadoopFSUtils: The directory file:/Users/evan/Desktop/COURS/4IABD2/spark-streaming/exam_stream/exam_stream/data/halfourlydataset was not found. Was it deleted very recently?
25/07/11 12:34:52 WARN HadoopFSUtils: The directory file:/Users/evan/Desktop/COURS/4IABD2/spark-streaming/exam_stream/exam_stream/data/halfourlydataset was not found. Was it deleted very recently?
25/07/11 12:34:54 WARN HadoopFSUtils: The directory file:/Users/evan/Desktop/COURS/4IABD2/spark-streaming/exam_stream/exam_stream/data/halfourlydataset was not found. Was it deleted very recently?
25/07/11 12:34:56 WARN HadoopFSUtils: The directory file:/Users/evan/Desktop/COURS/4IABD2/spark-streaming/exam_stream/exam_stream/data/halfourlydataset was not found. Was it deleted very recently?
25/07/11 12:34:58 WARN HadoopFSUtils: The directory file:/Users/evan/Desktop/COURS/4IABD2/spark-streaming/exam_stream/exam_stream/data/halfourlydataset was not found. Was it deleted very recently?
25/07/11 12:35:00 WARN HadoopFSUtils: The directory file:/Users/evan/Desktop/COURS/4IABD2/spark-streaming/exam_stream/exam_stream/data/halfourlydataset was not found. Was it deleted very recently?
25/07/11 12:35:02 WARN HadoopFSUtils: The directory file:/Users/evan/Desktop/COURS/4IABD2/spark-streaming/exam_stream/exam_stream/data/halfourlydataset was not found. Was it deleted very recently?
25/07/11 12:35:04 WARN HadoopFSUtils: The directory file:/Users/evan/Desktop/COURS/4IABD2/spark-streaming/exam_stream/exam_stream/data/halfourlydataset was not found. Was it deleted very recently?
25/07/11 12:35:06 WARN HadoopFSUtils: The directory file:/Users/evan/Desktop/COURS/4IABD2/spark-streaming/exam_stream/exam_stream/data/halfourlydataset was not found. Was it deleted very recently?
25/07/11 12:35:08 WARN HadoopFSUtils: The directory file:/Users/evan/Desktop/COURS/4IABD2/spark-streaming/exam_stream/exam_stream/data/halfourlydataset was not found. Was it deleted very recently?
25/07/11 12:35:10 WARN HadoopFSUtils: The directory file:/Users/evan/Desktop/COURS/4IABD2/spark-streaming/exam_stream/exam_stream/data/halfourlydataset was not found. Was it deleted very recently?
25/07/11 12:35:12 WARN HadoopFSUtils: The directory file:/Users/evan/Desktop/COURS/4IABD2/spark-streaming/exam_stream/exam_stream/data/halfourlydataset was not found. Was it deleted very recently?
25/07/11 12:35:14 WARN HadoopFSUtils: The directory file:/Users/evan/Desktop/COURS/4IABD2/spark-streaming/exam_stream/exam_stream/data/halfourlydataset was not found. Was it deleted very recently?
25/07/11 12:35:16 WARN HadoopFSUtils: The directory file:/Users/evan/Desktop/COURS/4IABD2/spark-streaming/exam_stream/exam_stream/data/halfourlydataset was not found. Was it deleted very recently?
25/07/11 12:35:18 WARN HadoopFSUtils: The directory file:/Users/evan/Desktop/COURS/4IABD2/spark-streaming/exam_stream/exam_stream/data/halfourlydataset was not found. Was it deleted very recently?
25/07/11 12:35:20 WARN HadoopFSUtils: The directory file:/Users/evan/Desktop/COURS/4IABD2/spark-streaming/exam_stream/exam_stream/data/halfourlydataset was not found. Was it deleted very recently?
25/07/11 12:35:22 WARN HadoopFSUtils: The directory file:/Users/evan/Desktop/COURS/4IABD2/spark-streaming/exam_stream/exam_stream/data/halfourlydataset was not found. Was it deleted very recently?
25/07/11 12:35:24 WARN HadoopFSUtils: The directory file:/Users/evan/Desktop/COURS/4IABD2/spark-streaming/exam_stream/exam_stream/data/halfourlydataset was not found. Was it deleted very recently?
25/07/11 12:35:26 WARN HadoopFSUtils: The directory file:/Users/evan/Desktop/COURS/4IABD2/spark-streaming/exam_stream/exam_stream/data/halfourlydataset was not found. Was it deleted very recently?
25/07/11 12:35:28 WARN HadoopFSUtils: The directory file:/Users/evan/Desktop/COURS/4IABD2/spark-streaming/exam_stream/exam_stream/data/halfourlydataset was not found. Was it deleted very recently?
25/07/11 12:35:30 WARN HadoopFSUtils: The directory file:/Users/evan/Desktop/COURS/4IABD2/spark-streaming/exam_stream/exam_stream/data/halfourlydataset was not found. Was it deleted very recently?
25/07/11 12:35:32 WARN HadoopFSUtils: The directory file:/Users/evan/Desktop/COURS/4IABD2/spark-streaming/exam_stream/exam_stream/data/halfourlydataset was not found. Was it deleted very recently?
25/07/11 12:35:34 WARN HadoopFSUtils: The directory file:/Users/evan/Desktop/COURS/4IABD2/spark-streaming/exam_stream/exam_stream/data/halfourlydataset was not found. Was it deleted very recently?
25/07/11 12:35:36 WARN HadoopFSUtils: The directory file:/Users/evan/Desktop/COURS/4IABD2/spark-streaming/exam_stream/exam_stream/data/halfourlydataset was not found. Was it deleted very recently?
25/07/11 12:35:38 WARN HadoopFSUtils: The directory file:/Users/evan/Desktop/COURS/4IABD2/spark-streaming/exam_stream/exam_stream/data/halfourlydataset was not found. Was it deleted very recently?
25/07/11 12:35:40 WARN HadoopFSUtils: The directory file:/Users/evan/Desktop/COURS/4IABD2/spark-streaming/exam_stream/exam_stream/data/halfourlydataset was not found. Was it deleted very recently?
25/07/11 12:35:42 WARN HadoopFSUtils: The directory file:/Users/evan/Desktop/COURS/4IABD2/spark-streaming/exam_stream/exam_stream/data/halfourlydataset was not found. Was it deleted very recently?
25/07/11 12:35:44 WARN HadoopFSUtils: The directory file:/Users/evan/Desktop/COURS/4IABD2/spark-streaming/exam_stream/exam_stream/data/halfourlydataset was not found. Was it deleted very recently?
25/07/11 12:35:46 WARN HadoopFSUtils: The directory file:/Users/evan/Desktop/COURS/4IABD2/spark-streaming/exam_stream/exam_stream/data/halfourlydataset was not found. Was it deleted very recently?
25/07/11 12:35:48 WARN HadoopFSUtils: The directory file:/Users/evan/Desktop/COURS/4IABD2/spark-streaming/exam_stream/exam_stream/data/halfourlydataset was not found. Was it deleted very recently?
25/07/11 12:35:50 WARN HadoopFSUtils: The directory file:/Users/evan/Desktop/COURS/4IABD2/spark-streaming/exam_stream/exam_stream/data/halfourlydataset was not found. Was it deleted very recently?
25/07/11 12:35:52 WARN HadoopFSUtils: The directory file:/Users/evan/Desktop/COURS/4IABD2/spark-streaming/exam_stream/exam_stream/data/halfourlydataset was not found. Was it deleted very recently?
25/07/11 12:35:54 WARN HadoopFSUtils: The directory file:/Users/evan/Desktop/COURS/4IABD2/spark-streaming/exam_stream/exam_stream/data/halfourlydataset was not found. Was it deleted very recently?
25/07/11 12:35:56 WARN HadoopFSUtils: The directory file:/Users/evan/Desktop/COURS/4IABD2/spark-streaming/exam_stream/exam_stream/data/halfourlydataset was not found. Was it deleted very recently?
25/07/11 12:35:58 WARN HadoopFSUtils: The directory file:/Users/evan/Desktop/COURS/4IABD2/spark-streaming/exam_stream/exam_stream/data/halfourlydataset was not found. Was it deleted very recently?
25/07/11 12:36:00 WARN HadoopFSUtils: The directory file:/Users/evan/Desktop/COURS/4IABD2/spark-streaming/exam_stream/exam_stream/data/halfourlydataset was not found. Was it deleted very recently?
25/07/11 12:36:02 WARN HadoopFSUtils: The directory file:/Users/evan/Desktop/COURS/4IABD2/spark-streaming/exam_stream/exam_stream/data/halfourlydataset was not found. Was it deleted very recently?
25/07/11 12:36:04 WARN HadoopFSUtils: The directory file:/Users/evan/Desktop/COURS/4IABD2/spark-streaming/exam_stream/exam_stream/data/halfourlydataset was not found. Was it deleted very recently?
25/07/11 12:36:06 WARN HadoopFSUtils: The directory file:/Users/evan/Desktop/COURS/4IABD2/spark-streaming/exam_stream/exam_stream/data/halfourlydataset was not found. Was it deleted very recently?
25/07/11 12:36:08 WARN HadoopFSUtils: The directory file:/Users/evan/Desktop/COURS/4IABD2/spark-streaming/exam_stream/exam_stream/data/halfourlydataset was not found. Was it deleted very recently?
25/07/11 12:36:10 WARN HadoopFSUtils: The directory file:/Users/evan/Desktop/COURS/4IABD2/spark-streaming/exam_stream/exam_stream/data/halfourlydataset was not found. Was it deleted very recently?
25/07/11 12:36:12 WARN HadoopFSUtils: The directory file:/Users/evan/Desktop/COURS/4IABD2/spark-streaming/exam_stream/exam_stream/data/halfourlydataset was not found. Was it deleted very recently?
25/07/11 12:36:14 WARN HadoopFSUtils: The directory file:/Users/evan/Desktop/COURS/4IABD2/spark-streaming/exam_stream/exam_stream/data/halfourlydataset was not found. Was it deleted very recently?
25/07/11 12:36:16 WARN HadoopFSUtils: The directory file:/Users/evan/Desktop/COURS/4IABD2/spark-streaming/exam_stream/exam_stream/data/halfourlydataset was not found. Was it deleted very recently?
25/07/11 12:36:18 WARN HadoopFSUtils: The directory file:/Users/evan/Desktop/COURS/4IABD2/spark-streaming/exam_stream/exam_stream/data/halfourlydataset was not found. Was it deleted very recently?
25/07/11 12:36:20 WARN HadoopFSUtils: The directory file:/Users/evan/Desktop/COURS/4IABD2/spark-streaming/exam_stream/exam_stream/data/halfourlydataset was not found. Was it deleted very recently?
25/07/11 12:36:22 WARN HadoopFSUtils: The directory file:/Users/evan/Desktop/COURS/4IABD2/spark-streaming/exam_stream/exam_stream/data/halfourlydataset was not found. Was it deleted very recently?
25/07/11 12:36:24 WARN HadoopFSUtils: The directory file:/Users/evan/Desktop/COURS/4IABD2/spark-streaming/exam_stream/exam_stream/data/halfourlydataset was not found. Was it deleted very recently?
25/07/11 12:36:26 WARN HadoopFSUtils: The directory file:/Users/evan/Desktop/COURS/4IABD2/spark-streaming/exam_stream/exam_stream/data/halfourlydataset was not found. Was it deleted very recently?
25/07/11 12:36:28 WARN HadoopFSUtils: The directory file:/Users/evan/Desktop/COURS/4IABD2/spark-streaming/exam_stream/exam_stream/data/halfourlydataset was not found. Was it deleted very recently?
25/07/11 12:36:30 WARN HadoopFSUtils: The directory file:/Users/evan/Desktop/COURS/4IABD2/spark-streaming/exam_stream/exam_stream/data/halfourlydataset was not found. Was it deleted very recently?
25/07/11 12:36:32 WARN HadoopFSUtils: The directory file:/Users/evan/Desktop/COURS/4IABD2/spark-streaming/exam_stream/exam_stream/data/halfourlydataset was not found. Was it deleted very recently?
25/07/11 12:36:34 WARN HadoopFSUtils: The directory file:/Users/evan/Desktop/COURS/4IABD2/spark-streaming/exam_stream/exam_stream/data/halfourlydataset was not found. Was it deleted very recently?
25/07/11 12:36:36 WARN HadoopFSUtils: The directory file:/Users/evan/Desktop/COURS/4IABD2/spark-streaming/exam_stream/exam_stream/data/halfourlydataset was not found. Was it deleted very recently?
25/07/11 12:36:38 WARN HadoopFSUtils: The directory file:/Users/evan/Desktop/COURS/4IABD2/spark-streaming/exam_stream/exam_stream/data/halfourlydataset was not found. Was it deleted very recently?
25/07/11 12:36:40 WARN HadoopFSUtils: The directory file:/Users/evan/Desktop/COURS/4IABD2/spark-streaming/exam_stream/exam_stream/data/halfourlydataset was not found. Was it deleted very recently?
25/07/11 12:36:42 WARN HadoopFSUtils: The directory file:/Users/evan/Desktop/COURS/4IABD2/spark-streaming/exam_stream/exam_stream/data/halfourlydataset was not found. Was it deleted very recently?
25/07/11 12:36:44 WARN HadoopFSUtils: The directory file:/Users/evan/Desktop/COURS/4IABD2/spark-streaming/exam_stream/exam_stream/data/halfourlydataset was not found. Was it deleted very recently?
25/07/11 12:36:46 WARN HadoopFSUtils: The directory file:/Users/evan/Desktop/COURS/4IABD2/spark-streaming/exam_stream/exam_stream/data/halfourlydataset was not found. Was it deleted very recently?
25/07/11 12:36:48 WARN HadoopFSUtils: The directory file:/Users/evan/Desktop/COURS/4IABD2/spark-streaming/exam_stream/exam_stream/data/halfourlydataset was not found. Was it deleted very recently?
25/07/11 12:36:50 WARN HadoopFSUtils: The directory file:/Users/evan/Desktop/COURS/4IABD2/spark-streaming/exam_stream/exam_stream/data/halfourlydataset was not found. Was it deleted very recently?
25/07/11 12:36:52 WARN HadoopFSUtils: The directory file:/Users/evan/Desktop/COURS/4IABD2/spark-streaming/exam_stream/exam_stream/data/halfourlydataset was not found. Was it deleted very recently?
25/07/11 12:36:54 WARN HadoopFSUtils: The directory file:/Users/evan/Desktop/COURS/4IABD2/spark-streaming/exam_stream/exam_stream/data/halfourlydataset was not found. Was it deleted very recently?
25/07/11 12:36:56 WARN HadoopFSUtils: The directory file:/Users/evan/Desktop/COURS/4IABD2/spark-streaming/exam_stream/exam_stream/data/halfourlydataset was not found. Was it deleted very recently?
25/07/11 12:36:58 WARN HadoopFSUtils: The directory file:/Users/evan/Desktop/COURS/4IABD2/spark-streaming/exam_stream/exam_stream/data/halfourlydataset was not found. Was it deleted very recently?
25/07/11 12:37:00 WARN HadoopFSUtils: The directory file:/Users/evan/Desktop/COURS/4IABD2/spark-streaming/exam_stream/exam_stream/data/halfourlydataset was not found. Was it deleted very recently?
25/07/11 12:37:02 WARN HadoopFSUtils: The directory file:/Users/evan/Desktop/COURS/4IABD2/spark-streaming/exam_stream/exam_stream/data/halfourlydataset was not found. Was it deleted very recently?
25/07/11 12:37:04 WARN HadoopFSUtils: The directory file:/Users/evan/Desktop/COURS/4IABD2/spark-streaming/exam_stream/exam_stream/data/halfourlydataset was not found. Was it deleted very recently?
25/07/11 12:37:06 WARN HadoopFSUtils: The directory file:/Users/evan/Desktop/COURS/4IABD2/spark-streaming/exam_stream/exam_stream/data/halfourlydataset was not found. Was it deleted very recently?
25/07/11 12:37:08 WARN HadoopFSUtils: The directory file:/Users/evan/Desktop/COURS/4IABD2/spark-streaming/exam_stream/exam_stream/data/halfourlydataset was not found. Was it deleted very recently?
25/07/11 12:37:10 WARN HadoopFSUtils: The directory file:/Users/evan/Desktop/COURS/4IABD2/spark-streaming/exam_stream/exam_stream/data/halfourlydataset was not found. Was it deleted very recently?
25/07/11 12:37:12 WARN HadoopFSUtils: The directory file:/Users/evan/Desktop/COURS/4IABD2/spark-streaming/exam_stream/exam_stream/data/halfourlydataset was not found. Was it deleted very recently?
25/07/11 12:37:14 WARN HadoopFSUtils: The directory file:/Users/evan/Desktop/COURS/4IABD2/spark-streaming/exam_stream/exam_stream/data/halfourlydataset was not found. Was it deleted very recently?
25/07/11 12:37:16 WARN HadoopFSUtils: The directory file:/Users/evan/Desktop/COURS/4IABD2/spark-streaming/exam_stream/exam_stream/data/halfourlydataset was not found. Was it deleted very recently?
25/07/11 12:37:18 WARN HadoopFSUtils: The directory file:/Users/evan/Desktop/COURS/4IABD2/spark-streaming/exam_stream/exam_stream/data/halfourlydataset was not found. Was it deleted very recently?
25/07/11 12:37:20 WARN HadoopFSUtils: The directory file:/Users/evan/Desktop/COURS/4IABD2/spark-streaming/exam_stream/exam_stream/data/halfourlydataset was not found. Was it deleted very recently?
25/07/11 12:37:22 WARN HadoopFSUtils: The directory file:/Users/evan/Desktop/COURS/4IABD2/spark-streaming/exam_stream/exam_stream/data/halfourlydataset was not found. Was it deleted very recently?
25/07/11 12:37:24 WARN HadoopFSUtils: The directory file:/Users/evan/Desktop/COURS/4IABD2/spark-streaming/exam_stream/exam_stream/data/halfourlydataset was not found. Was it deleted very recently?
25/07/11 12:37:26 WARN HadoopFSUtils: The directory file:/Users/evan/Desktop/COURS/4IABD2/spark-streaming/exam_stream/exam_stream/data/halfourlydataset was not found. Was it deleted very recently?
25/07/11 12:37:28 WARN HadoopFSUtils: The directory file:/Users/evan/Desktop/COURS/4IABD2/spark-streaming/exam_stream/exam_stream/data/halfourlydataset was not found. Was it deleted very recently?
25/07/11 12:37:30 WARN HadoopFSUtils: The directory file:/Users/evan/Desktop/COURS/4IABD2/spark-streaming/exam_stream/exam_stream/data/halfourlydataset was not found. Was it deleted very recently?
25/07/11 12:37:32 WARN HadoopFSUtils: The directory file:/Users/evan/Desktop/COURS/4IABD2/spark-streaming/exam_stream/exam_stream/data/halfourlydataset was not found. Was it deleted very recently?
25/07/11 12:37:34 WARN HadoopFSUtils: The directory file:/Users/evan/Desktop/COURS/4IABD2/spark-streaming/exam_stream/exam_stream/data/halfourlydataset was not found. Was it deleted very recently?
25/07/11 12:37:36 WARN HadoopFSUtils: The directory file:/Users/evan/Desktop/COURS/4IABD2/spark-streaming/exam_stream/exam_stream/data/halfourlydataset was not found. Was it deleted very recently?
25/07/11 12:37:38 WARN HadoopFSUtils: The directory file:/Users/evan/Desktop/COURS/4IABD2/spark-streaming/exam_stream/exam_stream/data/halfourlydataset was not found. Was it deleted very recently?
25/07/11 12:37:40 WARN HadoopFSUtils: The directory file:/Users/evan/Desktop/COURS/4IABD2/spark-streaming/exam_stream/exam_stream/data/halfourlydataset was not found. Was it deleted very recently?
25/07/11 12:37:42 WARN HadoopFSUtils: The directory file:/Users/evan/Desktop/COURS/4IABD2/spark-streaming/exam_stream/exam_stream/data/halfourlydataset was not found. Was it deleted very recently?
25/07/11 12:37:44 WARN HadoopFSUtils: The directory file:/Users/evan/Desktop/COURS/4IABD2/spark-streaming/exam_stream/exam_stream/data/halfourlydataset was not found. Was it deleted very recently?
25/07/11 12:37:46 WARN HadoopFSUtils: The directory file:/Users/evan/Desktop/COURS/4IABD2/spark-streaming/exam_stream/exam_stream/data/halfourlydataset was not found. Was it deleted very recently?
25/07/11 12:37:48 WARN HadoopFSUtils: The directory file:/Users/evan/Desktop/COURS/4IABD2/spark-streaming/exam_stream/exam_stream/data/halfourlydataset was not found. Was it deleted very recently?
25/07/11 12:37:50 WARN HadoopFSUtils: The directory file:/Users/evan/Desktop/COURS/4IABD2/spark-streaming/exam_stream/exam_stream/data/halfourlydataset was not found. Was it deleted very recently?
25/07/11 12:37:52 WARN HadoopFSUtils: The directory file:/Users/evan/Desktop/COURS/4IABD2/spark-streaming/exam_stream/exam_stream/data/halfourlydataset was not found. Was it deleted very recently?
25/07/11 12:37:54 WARN HadoopFSUtils: The directory file:/Users/evan/Desktop/COURS/4IABD2/spark-streaming/exam_stream/exam_stream/data/halfourlydataset was not found. Was it deleted very recently?
25/07/11 12:37:56 WARN HadoopFSUtils: The directory file:/Users/evan/Desktop/COURS/4IABD2/spark-streaming/exam_stream/exam_stream/data/halfourlydataset was not found. Was it deleted very recently?
25/07/11 12:37:58 WARN HadoopFSUtils: The directory file:/Users/evan/Desktop/COURS/4IABD2/spark-streaming/exam_stream/exam_stream/data/halfourlydataset was not found. Was it deleted very recently?
25/07/11 12:38:00 WARN HadoopFSUtils: The directory file:/Users/evan/Desktop/COURS/4IABD2/spark-streaming/exam_stream/exam_stream/data/halfourlydataset was not found. Was it deleted very recently?
25/07/11 12:38:02 WARN HadoopFSUtils: The directory file:/Users/evan/Desktop/COURS/4IABD2/spark-streaming/exam_stream/exam_stream/data/halfourlydataset was not found. Was it deleted very recently?
25/07/11 12:38:04 WARN HadoopFSUtils: The directory file:/Users/evan/Desktop/COURS/4IABD2/spark-streaming/exam_stream/exam_stream/data/halfourlydataset was not found. Was it deleted very recently?
25/07/11 12:38:06 WARN HadoopFSUtils: The directory file:/Users/evan/Desktop/COURS/4IABD2/spark-streaming/exam_stream/exam_stream/data/halfourlydataset was not found. Was it deleted very recently?
25/07/11 12:38:08 WARN HadoopFSUtils: The directory file:/Users/evan/Desktop/COURS/4IABD2/spark-streaming/exam_stream/exam_stream/data/halfourlydataset was not found. Was it deleted very recently?
25/07/11 12:38:10 WARN HadoopFSUtils: The directory file:/Users/evan/Desktop/COURS/4IABD2/spark-streaming/exam_stream/exam_stream/data/halfourlydataset was not found. Was it deleted very recently?
25/07/11 12:38:12 WARN HadoopFSUtils: The directory file:/Users/evan/Desktop/COURS/4IABD2/spark-streaming/exam_stream/exam_stream/data/halfourlydataset was not found. Was it deleted very recently?
25/07/11 12:38:14 WARN HadoopFSUtils: The directory file:/Users/evan/Desktop/COURS/4IABD2/spark-streaming/exam_stream/exam_stream/data/halfourlydataset was not found. Was it deleted very recently?
25/07/11 12:38:16 WARN HadoopFSUtils: The directory file:/Users/evan/Desktop/COURS/4IABD2/spark-streaming/exam_stream/exam_stream/data/halfourlydataset was not found. Was it deleted very recently?
25/07/11 12:38:18 WARN HadoopFSUtils: The directory file:/Users/evan/Desktop/COURS/4IABD2/spark-streaming/exam_stream/exam_stream/data/halfourlydataset was not found. Was it deleted very recently?
25/07/11 12:38:20 WARN HadoopFSUtils: The directory file:/Users/evan/Desktop/COURS/4IABD2/spark-streaming/exam_stream/exam_stream/data/halfourlydataset was not found. Was it deleted very recently?
25/07/11 12:38:22 WARN HadoopFSUtils: The directory file:/Users/evan/Desktop/COURS/4IABD2/spark-streaming/exam_stream/exam_stream/data/halfourlydataset was not found. Was it deleted very recently?
25/07/11 12:38:24 WARN HadoopFSUtils: The directory file:/Users/evan/Desktop/COURS/4IABD2/spark-streaming/exam_stream/exam_stream/data/halfourlydataset was not found. Was it deleted very recently?
25/07/11 12:38:26 WARN HadoopFSUtils: The directory file:/Users/evan/Desktop/COURS/4IABD2/spark-streaming/exam_stream/exam_stream/data/halfourlydataset was not found. Was it deleted very recently?
25/07/11 12:38:28 WARN HadoopFSUtils: The directory file:/Users/evan/Desktop/COURS/4IABD2/spark-streaming/exam_stream/exam_stream/data/halfourlydataset was not found. Was it deleted very recently?
25/07/11 12:38:30 WARN HadoopFSUtils: The directory file:/Users/evan/Desktop/COURS/4IABD2/spark-streaming/exam_stream/exam_stream/data/halfourlydataset was not found. Was it deleted very recently?
25/07/11 12:38:32 WARN HadoopFSUtils: The directory file:/Users/evan/Desktop/COURS/4IABD2/spark-streaming/exam_stream/exam_stream/data/halfourlydataset was not found. Was it deleted very recently?
25/07/11 12:38:34 WARN HadoopFSUtils: The directory file:/Users/evan/Desktop/COURS/4IABD2/spark-streaming/exam_stream/exam_stream/data/halfourlydataset was not found. Was it deleted very recently?
25/07/11 12:38:36 WARN HadoopFSUtils: The directory file:/Users/evan/Desktop/COURS/4IABD2/spark-streaming/exam_stream/exam_stream/data/halfourlydataset was not found. Was it deleted very recently?
25/07/11 12:38:38 WARN HadoopFSUtils: The directory file:/Users/evan/Desktop/COURS/4IABD2/spark-streaming/exam_stream/exam_stream/data/halfourlydataset was not found. Was it deleted very recently?
25/07/11 12:38:40 WARN HadoopFSUtils: The directory file:/Users/evan/Desktop/COURS/4IABD2/spark-streaming/exam_stream/exam_stream/data/halfourlydataset was not found. Was it deleted very recently?
25/07/11 12:38:42 WARN HadoopFSUtils: The directory file:/Users/evan/Desktop/COURS/4IABD2/spark-streaming/exam_stream/exam_stream/data/halfourlydataset was not found. Was it deleted very recently?
25/07/11 12:38:44 WARN HadoopFSUtils: The directory file:/Users/evan/Desktop/COURS/4IABD2/spark-streaming/exam_stream/exam_stream/data/halfourlydataset was not found. Was it deleted very recently?
25/07/11 12:38:46 WARN HadoopFSUtils: The directory file:/Users/evan/Desktop/COURS/4IABD2/spark-streaming/exam_stream/exam_stream/data/halfourlydataset was not found. Was it deleted very recently?
25/07/11 12:38:48 WARN HadoopFSUtils: The directory file:/Users/evan/Desktop/COURS/4IABD2/spark-streaming/exam_stream/exam_stream/data/halfourlydataset was not found. Was it deleted very recently?
25/07/11 12:38:50 WARN HadoopFSUtils: The directory file:/Users/evan/Desktop/COURS/4IABD2/spark-streaming/exam_stream/exam_stream/data/halfourlydataset was not found. Was it deleted very recently?
25/07/11 12:38:52 WARN HadoopFSUtils: The directory file:/Users/evan/Desktop/COURS/4IABD2/spark-streaming/exam_stream/exam_stream/data/halfourlydataset was not found. Was it deleted very recently?
25/07/11 12:38:54 WARN HadoopFSUtils: The directory file:/Users/evan/Desktop/COURS/4IABD2/spark-streaming/exam_stream/exam_stream/data/halfourlydataset was not found. Was it deleted very recently?
25/07/11 12:38:56 WARN HadoopFSUtils: The directory file:/Users/evan/Desktop/COURS/4IABD2/spark-streaming/exam_stream/exam_stream/data/halfourlydataset was not found. Was it deleted very recently?
25/07/11 12:38:58 WARN HadoopFSUtils: The directory file:/Users/evan/Desktop/COURS/4IABD2/spark-streaming/exam_stream/exam_stream/data/halfourlydataset was not found. Was it deleted very recently?
25/07/11 12:39:00 WARN HadoopFSUtils: The directory file:/Users/evan/Desktop/COURS/4IABD2/spark-streaming/exam_stream/exam_stream/data/halfourlydataset was not found. Was it deleted very recently?
25/07/11 12:39:02 WARN HadoopFSUtils: The directory file:/Users/evan/Desktop/COURS/4IABD2/spark-streaming/exam_stream/exam_stream/data/halfourlydataset was not found. Was it deleted very recently?
25/07/11 12:39:04 WARN HadoopFSUtils: The directory file:/Users/evan/Desktop/COURS/4IABD2/spark-streaming/exam_stream/exam_stream/data/halfourlydataset was not found. Was it deleted very recently?
25/07/11 12:39:06 WARN HadoopFSUtils: The directory file:/Users/evan/Desktop/COURS/4IABD2/spark-streaming/exam_stream/exam_stream/data/halfourlydataset was not found. Was it deleted very recently?
25/07/11 12:39:08 WARN HadoopFSUtils: The directory file:/Users/evan/Desktop/COURS/4IABD2/spark-streaming/exam_stream/exam_stream/data/halfourlydataset was not found. Was it deleted very recently?
25/07/11 12:39:10 WARN HadoopFSUtils: The directory file:/Users/evan/Desktop/COURS/4IABD2/spark-streaming/exam_stream/exam_stream/data/halfourlydataset was not found. Was it deleted very recently?
25/07/11 12:39:12 WARN HadoopFSUtils: The directory file:/Users/evan/Desktop/COURS/4IABD2/spark-streaming/exam_stream/exam_stream/data/halfourlydataset was not found. Was it deleted very recently?
25/07/11 12:39:14 WARN HadoopFSUtils: The directory file:/Users/evan/Desktop/COURS/4IABD2/spark-streaming/exam_stream/exam_stream/data/halfourlydataset was not found. Was it deleted very recently?
25/07/11 12:39:16 WARN HadoopFSUtils: The directory file:/Users/evan/Desktop/COURS/4IABD2/spark-streaming/exam_stream/exam_stream/data/halfourlydataset was not found. Was it deleted very recently?
25/07/11 12:39:18 WARN HadoopFSUtils: The directory file:/Users/evan/Desktop/COURS/4IABD2/spark-streaming/exam_stream/exam_stream/data/halfourlydataset was not found. Was it deleted very recently?
25/07/11 12:39:20 WARN HadoopFSUtils: The directory file:/Users/evan/Desktop/COURS/4IABD2/spark-streaming/exam_stream/exam_stream/data/halfourlydataset was not found. Was it deleted very recently?
25/07/11 12:39:22 WARN HadoopFSUtils: The directory file:/Users/evan/Desktop/COURS/4IABD2/spark-streaming/exam_stream/exam_stream/data/halfourlydataset was not found. Was it deleted very recently?
25/07/11 12:39:24 WARN HadoopFSUtils: The directory file:/Users/evan/Desktop/COURS/4IABD2/spark-streaming/exam_stream/exam_stream/data/halfourlydataset was not found. Was it deleted very recently?
25/07/11 12:39:26 WARN HadoopFSUtils: The directory file:/Users/evan/Desktop/COURS/4IABD2/spark-streaming/exam_stream/exam_stream/data/halfourlydataset was not found. Was it deleted very recently?
25/07/11 12:39:28 WARN HadoopFSUtils: The directory file:/Users/evan/Desktop/COURS/4IABD2/spark-streaming/exam_stream/exam_stream/data/halfourlydataset was not found. Was it deleted very recently?
25/07/11 12:39:30 WARN HadoopFSUtils: The directory file:/Users/evan/Desktop/COURS/4IABD2/spark-streaming/exam_stream/exam_stream/data/halfourlydataset was not found. Was it deleted very recently?
25/07/11 12:39:32 WARN HadoopFSUtils: The directory file:/Users/evan/Desktop/COURS/4IABD2/spark-streaming/exam_stream/exam_stream/data/halfourlydataset was not found. Was it deleted very recently?
25/07/11 12:39:34 WARN HadoopFSUtils: The directory file:/Users/evan/Desktop/COURS/4IABD2/spark-streaming/exam_stream/exam_stream/data/halfourlydataset was not found. Was it deleted very recently?
25/07/11 12:39:36 WARN HadoopFSUtils: The directory file:/Users/evan/Desktop/COURS/4IABD2/spark-streaming/exam_stream/exam_stream/data/halfourlydataset was not found. Was it deleted very recently?
25/07/11 12:39:38 WARN HadoopFSUtils: The directory file:/Users/evan/Desktop/COURS/4IABD2/spark-streaming/exam_stream/exam_stream/data/halfourlydataset was not found. Was it deleted very recently?
25/07/11 12:39:40 WARN HadoopFSUtils: The directory file:/Users/evan/Desktop/COURS/4IABD2/spark-streaming/exam_stream/exam_stream/data/halfourlydataset was not found. Was it deleted very recently?
25/07/11 12:39:42 WARN HadoopFSUtils: The directory file:/Users/evan/Desktop/COURS/4IABD2/spark-streaming/exam_stream/exam_stream/data/halfourlydataset was not found. Was it deleted very recently?
25/07/11 12:39:44 WARN HadoopFSUtils: The directory file:/Users/evan/Desktop/COURS/4IABD2/spark-streaming/exam_stream/exam_stream/data/halfourlydataset was not found. Was it deleted very recently?
25/07/11 12:39:46 WARN HadoopFSUtils: The directory file:/Users/evan/Desktop/COURS/4IABD2/spark-streaming/exam_stream/exam_stream/data/halfourlydataset was not found. Was it deleted very recently?
25/07/11 12:39:48 WARN HadoopFSUtils: The directory file:/Users/evan/Desktop/COURS/4IABD2/spark-streaming/exam_stream/exam_stream/data/halfourlydataset was not found. Was it deleted very recently?
25/07/11 12:39:50 WARN HadoopFSUtils: The directory file:/Users/evan/Desktop/COURS/4IABD2/spark-streaming/exam_stream/exam_stream/data/halfourlydataset was not found. Was it deleted very recently?
25/07/11 12:39:52 WARN HadoopFSUtils: The directory file:/Users/evan/Desktop/COURS/4IABD2/spark-streaming/exam_stream/exam_stream/data/halfourlydataset was not found. Was it deleted very recently?
25/07/11 12:39:54 WARN HadoopFSUtils: The directory file:/Users/evan/Desktop/COURS/4IABD2/spark-streaming/exam_stream/exam_stream/data/halfourlydataset was not found. Was it deleted very recently?
25/07/11 12:39:56 WARN HadoopFSUtils: The directory file:/Users/evan/Desktop/COURS/4IABD2/spark-streaming/exam_stream/exam_stream/data/halfourlydataset was not found. Was it deleted very recently?
25/07/11 12:39:58 WARN HadoopFSUtils: The directory file:/Users/evan/Desktop/COURS/4IABD2/spark-streaming/exam_stream/exam_stream/data/halfourlydataset was not found. Was it deleted very recently?
25/07/11 12:40:00 WARN HadoopFSUtils: The directory file:/Users/evan/Desktop/COURS/4IABD2/spark-streaming/exam_stream/exam_stream/data/halfourlydataset was not found. Was it deleted very recently?
25/07/11 12:40:02 WARN HadoopFSUtils: The directory file:/Users/evan/Desktop/COURS/4IABD2/spark-streaming/exam_stream/exam_stream/data/halfourlydataset was not found. Was it deleted very recently?
25/07/11 12:40:04 WARN HadoopFSUtils: The directory file:/Users/evan/Desktop/COURS/4IABD2/spark-streaming/exam_stream/exam_stream/data/halfourlydataset was not found. Was it deleted very recently?
25/07/11 12:40:06 WARN HadoopFSUtils: The directory file:/Users/evan/Desktop/COURS/4IABD2/spark-streaming/exam_stream/exam_stream/data/halfourlydataset was not found. Was it deleted very recently?
25/07/11 12:40:08 WARN HadoopFSUtils: The directory file:/Users/evan/Desktop/COURS/4IABD2/spark-streaming/exam_stream/exam_stream/data/halfourlydataset was not found. Was it deleted very recently?
25/07/11 12:40:10 WARN HadoopFSUtils: The directory file:/Users/evan/Desktop/COURS/4IABD2/spark-streaming/exam_stream/exam_stream/data/halfourlydataset was not found. Was it deleted very recently?
25/07/11 12:40:12 WARN HadoopFSUtils: The directory file:/Users/evan/Desktop/COURS/4IABD2/spark-streaming/exam_stream/exam_stream/data/halfourlydataset was not found. Was it deleted very recently?
25/07/11 12:40:14 WARN HadoopFSUtils: The directory file:/Users/evan/Desktop/COURS/4IABD2/spark-streaming/exam_stream/exam_stream/data/halfourlydataset was not found. Was it deleted very recently?
25/07/11 12:40:16 WARN HadoopFSUtils: The directory file:/Users/evan/Desktop/COURS/4IABD2/spark-streaming/exam_stream/exam_stream/data/halfourlydataset was not found. Was it deleted very recently?
25/07/11 12:40:18 WARN HadoopFSUtils: The directory file:/Users/evan/Desktop/COURS/4IABD2/spark-streaming/exam_stream/exam_stream/data/halfourlydataset was not found. Was it deleted very recently?
25/07/11 12:40:20 WARN HadoopFSUtils: The directory file:/Users/evan/Desktop/COURS/4IABD2/spark-streaming/exam_stream/exam_stream/data/halfourlydataset was not found. Was it deleted very recently?
25/07/11 12:40:22 WARN HadoopFSUtils: The directory file:/Users/evan/Desktop/COURS/4IABD2/spark-streaming/exam_stream/exam_stream/data/halfourlydataset was not found. Was it deleted very recently?
25/07/11 12:40:24 WARN HadoopFSUtils: The directory file:/Users/evan/Desktop/COURS/4IABD2/spark-streaming/exam_stream/exam_stream/data/halfourlydataset was not found. Was it deleted very recently?
25/07/11 12:40:26 WARN HadoopFSUtils: The directory file:/Users/evan/Desktop/COURS/4IABD2/spark-streaming/exam_stream/exam_stream/data/halfourlydataset was not found. Was it deleted very recently?
25/07/11 12:40:28 WARN HadoopFSUtils: The directory file:/Users/evan/Desktop/COURS/4IABD2/spark-streaming/exam_stream/exam_stream/data/halfourlydataset was not found. Was it deleted very recently?
25/07/11 12:40:30 WARN HadoopFSUtils: The directory file:/Users/evan/Desktop/COURS/4IABD2/spark-streaming/exam_stream/exam_stream/data/halfourlydataset was not found. Was it deleted very recently?
25/07/11 12:40:32 WARN HadoopFSUtils: The directory file:/Users/evan/Desktop/COURS/4IABD2/spark-streaming/exam_stream/exam_stream/data/halfourlydataset was not found. Was it deleted very recently?
25/07/11 12:40:34 WARN HadoopFSUtils: The directory file:/Users/evan/Desktop/COURS/4IABD2/spark-streaming/exam_stream/exam_stream/data/halfourlydataset was not found. Was it deleted very recently?
25/07/11 12:40:36 WARN HadoopFSUtils: The directory file:/Users/evan/Desktop/COURS/4IABD2/spark-streaming/exam_stream/exam_stream/data/halfourlydataset was not found. Was it deleted very recently?
25/07/11 12:40:38 WARN HadoopFSUtils: The directory file:/Users/evan/Desktop/COURS/4IABD2/spark-streaming/exam_stream/exam_stream/data/halfourlydataset was not found. Was it deleted very recently?
25/07/11 12:40:40 WARN HadoopFSUtils: The directory file:/Users/evan/Desktop/COURS/4IABD2/spark-streaming/exam_stream/exam_stream/data/halfourlydataset was not found. Was it deleted very recently?
25/07/11 12:40:42 WARN HadoopFSUtils: The directory file:/Users/evan/Desktop/COURS/4IABD2/spark-streaming/exam_stream/exam_stream/data/halfourlydataset was not found. Was it deleted very recently?
25/07/11 12:40:44 WARN HadoopFSUtils: The directory file:/Users/evan/Desktop/COURS/4IABD2/spark-streaming/exam_stream/exam_stream/data/halfourlydataset was not found. Was it deleted very recently?
25/07/11 12:40:46 WARN HadoopFSUtils: The directory file:/Users/evan/Desktop/COURS/4IABD2/spark-streaming/exam_stream/exam_stream/data/halfourlydataset was not found. Was it deleted very recently?
25/07/11 12:40:48 WARN HadoopFSUtils: The directory file:/Users/evan/Desktop/COURS/4IABD2/spark-streaming/exam_stream/exam_stream/data/halfourlydataset was not found. Was it deleted very recently?
25/07/11 12:40:50 WARN HadoopFSUtils: The directory file:/Users/evan/Desktop/COURS/4IABD2/spark-streaming/exam_stream/exam_stream/data/halfourlydataset was not found. Was it deleted very recently?
25/07/11 12:40:52 WARN HadoopFSUtils: The directory file:/Users/evan/Desktop/COURS/4IABD2/spark-streaming/exam_stream/exam_stream/data/halfourlydataset was not found. Was it deleted very recently?
25/07/11 12:40:54 WARN HadoopFSUtils: The directory file:/Users/evan/Desktop/COURS/4IABD2/spark-streaming/exam_stream/exam_stream/data/halfourlydataset was not found. Was it deleted very recently?
25/07/11 12:40:56 WARN HadoopFSUtils: The directory file:/Users/evan/Desktop/COURS/4IABD2/spark-streaming/exam_stream/exam_stream/data/halfourlydataset was not found. Was it deleted very recently?
25/07/11 12:40:58 WARN HadoopFSUtils: The directory file:/Users/evan/Desktop/COURS/4IABD2/spark-streaming/exam_stream/exam_stream/data/halfourlydataset was not found. Was it deleted very recently?
25/07/11 12:41:00 WARN HadoopFSUtils: The directory file:/Users/evan/Desktop/COURS/4IABD2/spark-streaming/exam_stream/exam_stream/data/halfourlydataset was not found. Was it deleted very recently?
25/07/11 12:41:02 WARN HadoopFSUtils: The directory file:/Users/evan/Desktop/COURS/4IABD2/spark-streaming/exam_stream/exam_stream/data/halfourlydataset was not found. Was it deleted very recently?
25/07/11 12:41:04 WARN HadoopFSUtils: The directory file:/Users/evan/Desktop/COURS/4IABD2/spark-streaming/exam_stream/exam_stream/data/halfourlydataset was not found. Was it deleted very recently?
25/07/11 12:41:06 WARN HadoopFSUtils: The directory file:/Users/evan/Desktop/COURS/4IABD2/spark-streaming/exam_stream/exam_stream/data/halfourlydataset was not found. Was it deleted very recently?
25/07/11 12:41:08 WARN HadoopFSUtils: The directory file:/Users/evan/Desktop/COURS/4IABD2/spark-streaming/exam_stream/exam_stream/data/halfourlydataset was not found. Was it deleted very recently?
25/07/11 12:41:10 WARN HadoopFSUtils: The directory file:/Users/evan/Desktop/COURS/4IABD2/spark-streaming/exam_stream/exam_stream/data/halfourlydataset was not found. Was it deleted very recently?
25/07/11 12:41:12 WARN HadoopFSUtils: The directory file:/Users/evan/Desktop/COURS/4IABD2/spark-streaming/exam_stream/exam_stream/data/halfourlydataset was not found. Was it deleted very recently?
25/07/11 12:41:14 WARN HadoopFSUtils: The directory file:/Users/evan/Desktop/COURS/4IABD2/spark-streaming/exam_stream/exam_stream/data/halfourlydataset was not found. Was it deleted very recently?
25/07/11 12:41:16 WARN HadoopFSUtils: The directory file:/Users/evan/Desktop/COURS/4IABD2/spark-streaming/exam_stream/exam_stream/data/halfourlydataset was not found. Was it deleted very recently?
25/07/11 12:41:18 WARN HadoopFSUtils: The directory file:/Users/evan/Desktop/COURS/4IABD2/spark-streaming/exam_stream/exam_stream/data/halfourlydataset was not found. Was it deleted very recently?
25/07/11 12:41:20 WARN HadoopFSUtils: The directory file:/Users/evan/Desktop/COURS/4IABD2/spark-streaming/exam_stream/exam_stream/data/halfourlydataset was not found. Was it deleted very recently?
25/07/11 12:41:22 WARN HadoopFSUtils: The directory file:/Users/evan/Desktop/COURS/4IABD2/spark-streaming/exam_stream/exam_stream/data/halfourlydataset was not found. Was it deleted very recently?
25/07/11 12:41:24 WARN HadoopFSUtils: The directory file:/Users/evan/Desktop/COURS/4IABD2/spark-streaming/exam_stream/exam_stream/data/halfourlydataset was not found. Was it deleted very recently?
25/07/11 12:41:26 WARN HadoopFSUtils: The directory file:/Users/evan/Desktop/COURS/4IABD2/spark-streaming/exam_stream/exam_stream/data/halfourlydataset was not found. Was it deleted very recently?
25/07/11 12:41:28 WARN HadoopFSUtils: The directory file:/Users/evan/Desktop/COURS/4IABD2/spark-streaming/exam_stream/exam_stream/data/halfourlydataset was not found. Was it deleted very recently?
25/07/11 12:41:30 WARN HadoopFSUtils: The directory file:/Users/evan/Desktop/COURS/4IABD2/spark-streaming/exam_stream/exam_stream/data/halfourlydataset was not found. Was it deleted very recently?
25/07/11 12:41:32 WARN HadoopFSUtils: The directory file:/Users/evan/Desktop/COURS/4IABD2/spark-streaming/exam_stream/exam_stream/data/halfourlydataset was not found. Was it deleted very recently?
25/07/11 12:41:34 WARN HadoopFSUtils: The directory file:/Users/evan/Desktop/COURS/4IABD2/spark-streaming/exam_stream/exam_stream/data/halfourlydataset was not found. Was it deleted very recently?
25/07/11 12:41:36 WARN HadoopFSUtils: The directory file:/Users/evan/Desktop/COURS/4IABD2/spark-streaming/exam_stream/exam_stream/data/halfourlydataset was not found. Was it deleted very recently?
25/07/11 12:41:38 WARN HadoopFSUtils: The directory file:/Users/evan/Desktop/COURS/4IABD2/spark-streaming/exam_stream/exam_stream/data/halfourlydataset was not found. Was it deleted very recently?
25/07/11 12:41:40 WARN HadoopFSUtils: The directory file:/Users/evan/Desktop/COURS/4IABD2/spark-streaming/exam_stream/exam_stream/data/halfourlydataset was not found. Was it deleted very recently?
25/07/11 12:41:42 WARN HadoopFSUtils: The directory file:/Users/evan/Desktop/COURS/4IABD2/spark-streaming/exam_stream/exam_stream/data/halfourlydataset was not found. Was it deleted very recently?
25/07/11 12:41:44 WARN HadoopFSUtils: The directory file:/Users/evan/Desktop/COURS/4IABD2/spark-streaming/exam_stream/exam_stream/data/halfourlydataset was not found. Was it deleted very recently?
25/07/11 12:41:46 WARN HadoopFSUtils: The directory file:/Users/evan/Desktop/COURS/4IABD2/spark-streaming/exam_stream/exam_stream/data/halfourlydataset was not found. Was it deleted very recently?
25/07/11 12:41:48 WARN HadoopFSUtils: The directory file:/Users/evan/Desktop/COURS/4IABD2/spark-streaming/exam_stream/exam_stream/data/halfourlydataset was not found. Was it deleted very recently?
25/07/11 12:41:50 WARN HadoopFSUtils: The directory file:/Users/evan/Desktop/COURS/4IABD2/spark-streaming/exam_stream/exam_stream/data/halfourlydataset was not found. Was it deleted very recently?
25/07/11 12:41:52 WARN HadoopFSUtils: The directory file:/Users/evan/Desktop/COURS/4IABD2/spark-streaming/exam_stream/exam_stream/data/halfourlydataset was not found. Was it deleted very recently?
25/07/11 12:41:54 WARN HadoopFSUtils: The directory file:/Users/evan/Desktop/COURS/4IABD2/spark-streaming/exam_stream/exam_stream/data/halfourlydataset was not found. Was it deleted very recently?
25/07/11 12:41:56 WARN HadoopFSUtils: The directory file:/Users/evan/Desktop/COURS/4IABD2/spark-streaming/exam_stream/exam_stream/data/halfourlydataset was not found. Was it deleted very recently?
25/07/11 12:41:58 WARN HadoopFSUtils: The directory file:/Users/evan/Desktop/COURS/4IABD2/spark-streaming/exam_stream/exam_stream/data/halfourlydataset was not found. Was it deleted very recently?
25/07/11 12:42:00 WARN HadoopFSUtils: The directory file:/Users/evan/Desktop/COURS/4IABD2/spark-streaming/exam_stream/exam_stream/data/halfourlydataset was not found. Was it deleted very recently?
25/07/11 12:42:02 WARN HadoopFSUtils: The directory file:/Users/evan/Desktop/COURS/4IABD2/spark-streaming/exam_stream/exam_stream/data/halfourlydataset was not found. Was it deleted very recently?
25/07/11 12:42:04 WARN HadoopFSUtils: The directory file:/Users/evan/Desktop/COURS/4IABD2/spark-streaming/exam_stream/exam_stream/data/halfourlydataset was not found. Was it deleted very recently?
25/07/11 12:42:06 WARN HadoopFSUtils: The directory file:/Users/evan/Desktop/COURS/4IABD2/spark-streaming/exam_stream/exam_stream/data/halfourlydataset was not found. Was it deleted very recently?
25/07/11 12:42:08 WARN HadoopFSUtils: The directory file:/Users/evan/Desktop/COURS/4IABD2/spark-streaming/exam_stream/exam_stream/data/halfourlydataset was not found. Was it deleted very recently?
25/07/11 12:42:10 WARN HadoopFSUtils: The directory file:/Users/evan/Desktop/COURS/4IABD2/spark-streaming/exam_stream/exam_stream/data/halfourlydataset was not found. Was it deleted very recently?
25/07/11 12:42:12 WARN HadoopFSUtils: The directory file:/Users/evan/Desktop/COURS/4IABD2/spark-streaming/exam_stream/exam_stream/data/halfourlydataset was not found. Was it deleted very recently?
25/07/11 12:42:14 WARN HadoopFSUtils: The directory file:/Users/evan/Desktop/COURS/4IABD2/spark-streaming/exam_stream/exam_stream/data/halfourlydataset was not found. Was it deleted very recently?
25/07/11 12:42:16 WARN HadoopFSUtils: The directory file:/Users/evan/Desktop/COURS/4IABD2/spark-streaming/exam_stream/exam_stream/data/halfourlydataset was not found. Was it deleted very recently?
25/07/11 12:42:18 WARN HadoopFSUtils: The directory file:/Users/evan/Desktop/COURS/4IABD2/spark-streaming/exam_stream/exam_stream/data/halfourlydataset was not found. Was it deleted very recently?
25/07/11 12:42:20 WARN HadoopFSUtils: The directory file:/Users/evan/Desktop/COURS/4IABD2/spark-streaming/exam_stream/exam_stream/data/halfourlydataset was not found. Was it deleted very recently?
25/07/11 12:42:22 WARN HadoopFSUtils: The directory file:/Users/evan/Desktop/COURS/4IABD2/spark-streaming/exam_stream/exam_stream/data/halfourlydataset was not found. Was it deleted very recently?
25/07/11 12:42:24 WARN HadoopFSUtils: The directory file:/Users/evan/Desktop/COURS/4IABD2/spark-streaming/exam_stream/exam_stream/data/halfourlydataset was not found. Was it deleted very recently?
25/07/11 12:42:26 WARN HadoopFSUtils: The directory file:/Users/evan/Desktop/COURS/4IABD2/spark-streaming/exam_stream/exam_stream/data/halfourlydataset was not found. Was it deleted very recently?
25/07/11 12:42:28 WARN HadoopFSUtils: The directory file:/Users/evan/Desktop/COURS/4IABD2/spark-streaming/exam_stream/exam_stream/data/halfourlydataset was not found. Was it deleted very recently?
25/07/11 12:42:30 WARN HadoopFSUtils: The directory file:/Users/evan/Desktop/COURS/4IABD2/spark-streaming/exam_stream/exam_stream/data/halfourlydataset was not found. Was it deleted very recently?
25/07/11 12:42:32 WARN HadoopFSUtils: The directory file:/Users/evan/Desktop/COURS/4IABD2/spark-streaming/exam_stream/exam_stream/data/halfourlydataset was not found. Was it deleted very recently?
25/07/11 12:42:34 WARN HadoopFSUtils: The directory file:/Users/evan/Desktop/COURS/4IABD2/spark-streaming/exam_stream/exam_stream/data/halfourlydataset was not found. Was it deleted very recently?
25/07/11 12:42:36 WARN HadoopFSUtils: The directory file:/Users/evan/Desktop/COURS/4IABD2/spark-streaming/exam_stream/exam_stream/data/halfourlydataset was not found. Was it deleted very recently?
25/07/11 12:42:38 WARN HadoopFSUtils: The directory file:/Users/evan/Desktop/COURS/4IABD2/spark-streaming/exam_stream/exam_stream/data/halfourlydataset was not found. Was it deleted very recently?
25/07/11 12:42:40 WARN HadoopFSUtils: The directory file:/Users/evan/Desktop/COURS/4IABD2/spark-streaming/exam_stream/exam_stream/data/halfourlydataset was not found. Was it deleted very recently?
25/07/11 12:42:42 WARN HadoopFSUtils: The directory file:/Users/evan/Desktop/COURS/4IABD2/spark-streaming/exam_stream/exam_stream/data/halfourlydataset was not found. Was it deleted very recently?
25/07/11 12:42:44 WARN HadoopFSUtils: The directory file:/Users/evan/Desktop/COURS/4IABD2/spark-streaming/exam_stream/exam_stream/data/halfourlydataset was not found. Was it deleted very recently?
25/07/11 12:42:46 WARN HadoopFSUtils: The directory file:/Users/evan/Desktop/COURS/4IABD2/spark-streaming/exam_stream/exam_stream/data/halfourlydataset was not found. Was it deleted very recently?
25/07/11 12:42:48 WARN HadoopFSUtils: The directory file:/Users/evan/Desktop/COURS/4IABD2/spark-streaming/exam_stream/exam_stream/data/halfourlydataset was not found. Was it deleted very recently?
25/07/11 12:42:50 WARN HadoopFSUtils: The directory file:/Users/evan/Desktop/COURS/4IABD2/spark-streaming/exam_stream/exam_stream/data/halfourlydataset was not found. Was it deleted very recently?
25/07/11 12:42:52 WARN HadoopFSUtils: The directory file:/Users/evan/Desktop/COURS/4IABD2/spark-streaming/exam_stream/exam_stream/data/halfourlydataset was not found. Was it deleted very recently?
25/07/11 12:42:54 WARN HadoopFSUtils: The directory file:/Users/evan/Desktop/COURS/4IABD2/spark-streaming/exam_stream/exam_stream/data/halfourlydataset was not found. Was it deleted very recently?
25/07/11 12:42:56 WARN HadoopFSUtils: The directory file:/Users/evan/Desktop/COURS/4IABD2/spark-streaming/exam_stream/exam_stream/data/halfourlydataset was not found. Was it deleted very recently?
25/07/11 12:42:58 WARN HadoopFSUtils: The directory file:/Users/evan/Desktop/COURS/4IABD2/spark-streaming/exam_stream/exam_stream/data/halfourlydataset was not found. Was it deleted very recently?
25/07/11 12:43:00 WARN HadoopFSUtils: The directory file:/Users/evan/Desktop/COURS/4IABD2/spark-streaming/exam_stream/exam_stream/data/halfourlydataset was not found. Was it deleted very recently?
25/07/11 12:43:02 WARN HadoopFSUtils: The directory file:/Users/evan/Desktop/COURS/4IABD2/spark-streaming/exam_stream/exam_stream/data/halfourlydataset was not found. Was it deleted very recently?
25/07/11 12:43:04 WARN HadoopFSUtils: The directory file:/Users/evan/Desktop/COURS/4IABD2/spark-streaming/exam_stream/exam_stream/data/halfourlydataset was not found. Was it deleted very recently?
25/07/11 12:43:06 WARN HadoopFSUtils: The directory file:/Users/evan/Desktop/COURS/4IABD2/spark-streaming/exam_stream/exam_stream/data/halfourlydataset was not found. Was it deleted very recently?
25/07/11 12:43:08 WARN HadoopFSUtils: The directory file:/Users/evan/Desktop/COURS/4IABD2/spark-streaming/exam_stream/exam_stream/data/halfourlydataset was not found. Was it deleted very recently?
25/07/11 12:43:10 WARN HadoopFSUtils: The directory file:/Users/evan/Desktop/COURS/4IABD2/spark-streaming/exam_stream/exam_stream/data/halfourlydataset was not found. Was it deleted very recently?
25/07/11 12:43:12 WARN HadoopFSUtils: The directory file:/Users/evan/Desktop/COURS/4IABD2/spark-streaming/exam_stream/exam_stream/data/halfourlydataset was not found. Was it deleted very recently?
25/07/11 12:43:14 WARN HadoopFSUtils: The directory file:/Users/evan/Desktop/COURS/4IABD2/spark-streaming/exam_stream/exam_stream/data/halfourlydataset was not found. Was it deleted very recently?
25/07/11 12:43:16 WARN HadoopFSUtils: The directory file:/Users/evan/Desktop/COURS/4IABD2/spark-streaming/exam_stream/exam_stream/data/halfourlydataset was not found. Was it deleted very recently?
25/07/11 12:43:18 WARN HadoopFSUtils: The directory file:/Users/evan/Desktop/COURS/4IABD2/spark-streaming/exam_stream/exam_stream/data/halfourlydataset was not found. Was it deleted very recently?
25/07/11 12:43:20 WARN HadoopFSUtils: The directory file:/Users/evan/Desktop/COURS/4IABD2/spark-streaming/exam_stream/exam_stream/data/halfourlydataset was not found. Was it deleted very recently?
25/07/11 12:43:22 WARN HadoopFSUtils: The directory file:/Users/evan/Desktop/COURS/4IABD2/spark-streaming/exam_stream/exam_stream/data/halfourlydataset was not found. Was it deleted very recently?
25/07/11 12:43:24 WARN HadoopFSUtils: The directory file:/Users/evan/Desktop/COURS/4IABD2/spark-streaming/exam_stream/exam_stream/data/halfourlydataset was not found. Was it deleted very recently?
25/07/11 12:43:26 WARN HadoopFSUtils: The directory file:/Users/evan/Desktop/COURS/4IABD2/spark-streaming/exam_stream/exam_stream/data/halfourlydataset was not found. Was it deleted very recently?
25/07/11 12:43:28 WARN HadoopFSUtils: The directory file:/Users/evan/Desktop/COURS/4IABD2/spark-streaming/exam_stream/exam_stream/data/halfourlydataset was not found. Was it deleted very recently?
25/07/11 12:43:30 WARN HadoopFSUtils: The directory file:/Users/evan/Desktop/COURS/4IABD2/spark-streaming/exam_stream/exam_stream/data/halfourlydataset was not found. Was it deleted very recently?
25/07/11 12:43:32 WARN HadoopFSUtils: The directory file:/Users/evan/Desktop/COURS/4IABD2/spark-streaming/exam_stream/exam_stream/data/halfourlydataset was not found. Was it deleted very recently?
25/07/11 12:43:34 WARN HadoopFSUtils: The directory file:/Users/evan/Desktop/COURS/4IABD2/spark-streaming/exam_stream/exam_stream/data/halfourlydataset was not found. Was it deleted very recently?
25/07/11 12:43:36 WARN HadoopFSUtils: The directory file:/Users/evan/Desktop/COURS/4IABD2/spark-streaming/exam_stream/exam_stream/data/halfourlydataset was not found. Was it deleted very recently?
25/07/11 12:43:38 WARN HadoopFSUtils: The directory file:/Users/evan/Desktop/COURS/4IABD2/spark-streaming/exam_stream/exam_stream/data/halfourlydataset was not found. Was it deleted very recently?
25/07/11 12:43:40 WARN HadoopFSUtils: The directory file:/Users/evan/Desktop/COURS/4IABD2/spark-streaming/exam_stream/exam_stream/data/halfourlydataset was not found. Was it deleted very recently?
25/07/11 12:43:42 WARN HadoopFSUtils: The directory file:/Users/evan/Desktop/COURS/4IABD2/spark-streaming/exam_stream/exam_stream/data/halfourlydataset was not found. Was it deleted very recently?
25/07/11 12:43:44 WARN HadoopFSUtils: The directory file:/Users/evan/Desktop/COURS/4IABD2/spark-streaming/exam_stream/exam_stream/data/halfourlydataset was not found. Was it deleted very recently?
25/07/11 12:43:46 WARN HadoopFSUtils: The directory file:/Users/evan/Desktop/COURS/4IABD2/spark-streaming/exam_stream/exam_stream/data/halfourlydataset was not found. Was it deleted very recently?
25/07/11 12:43:48 WARN HadoopFSUtils: The directory file:/Users/evan/Desktop/COURS/4IABD2/spark-streaming/exam_stream/exam_stream/data/halfourlydataset was not found. Was it deleted very recently?
25/07/11 12:43:50 WARN HadoopFSUtils: The directory file:/Users/evan/Desktop/COURS/4IABD2/spark-streaming/exam_stream/exam_stream/data/halfourlydataset was not found. Was it deleted very recently?
25/07/11 12:43:52 WARN HadoopFSUtils: The directory file:/Users/evan/Desktop/COURS/4IABD2/spark-streaming/exam_stream/exam_stream/data/halfourlydataset was not found. Was it deleted very recently?
25/07/11 12:43:54 WARN HadoopFSUtils: The directory file:/Users/evan/Desktop/COURS/4IABD2/spark-streaming/exam_stream/exam_stream/data/halfourlydataset was not found. Was it deleted very recently?
25/07/11 12:43:56 WARN HadoopFSUtils: The directory file:/Users/evan/Desktop/COURS/4IABD2/spark-streaming/exam_stream/exam_stream/data/halfourlydataset was not found. Was it deleted very recently?
25/07/11 12:43:58 WARN HadoopFSUtils: The directory file:/Users/evan/Desktop/COURS/4IABD2/spark-streaming/exam_stream/exam_stream/data/halfourlydataset was not found. Was it deleted very recently?
25/07/11 12:44:00 WARN HadoopFSUtils: The directory file:/Users/evan/Desktop/COURS/4IABD2/spark-streaming/exam_stream/exam_stream/data/halfourlydataset was not found. Was it deleted very recently?
25/07/11 12:44:02 WARN HadoopFSUtils: The directory file:/Users/evan/Desktop/COURS/4IABD2/spark-streaming/exam_stream/exam_stream/data/halfourlydataset was not found. Was it deleted very recently?
25/07/11 12:44:04 WARN HadoopFSUtils: The directory file:/Users/evan/Desktop/COURS/4IABD2/spark-streaming/exam_stream/exam_stream/data/halfourlydataset was not found. Was it deleted very recently?
25/07/11 12:44:06 WARN HadoopFSUtils: The directory file:/Users/evan/Desktop/COURS/4IABD2/spark-streaming/exam_stream/exam_stream/data/halfourlydataset was not found. Was it deleted very recently?
25/07/11 12:44:08 WARN HadoopFSUtils: The directory file:/Users/evan/Desktop/COURS/4IABD2/spark-streaming/exam_stream/exam_stream/data/halfourlydataset was not found. Was it deleted very recently?
25/07/11 12:44:10 WARN HadoopFSUtils: The directory file:/Users/evan/Desktop/COURS/4IABD2/spark-streaming/exam_stream/exam_stream/data/halfourlydataset was not found. Was it deleted very recently?
25/07/11 12:44:12 WARN HadoopFSUtils: The directory file:/Users/evan/Desktop/COURS/4IABD2/spark-streaming/exam_stream/exam_stream/data/halfourlydataset was not found. Was it deleted very recently?
25/07/11 12:44:14 WARN HadoopFSUtils: The directory file:/Users/evan/Desktop/COURS/4IABD2/spark-streaming/exam_stream/exam_stream/data/halfourlydataset was not found. Was it deleted very recently?
25/07/11 12:44:16 WARN HadoopFSUtils: The directory file:/Users/evan/Desktop/COURS/4IABD2/spark-streaming/exam_stream/exam_stream/data/halfourlydataset was not found. Was it deleted very recently?
25/07/11 12:44:18 WARN HadoopFSUtils: The directory file:/Users/evan/Desktop/COURS/4IABD2/spark-streaming/exam_stream/exam_stream/data/halfourlydataset was not found. Was it deleted very recently?
25/07/11 12:44:20 WARN HadoopFSUtils: The directory file:/Users/evan/Desktop/COURS/4IABD2/spark-streaming/exam_stream/exam_stream/data/halfourlydataset was not found. Was it deleted very recently?
25/07/11 12:44:22 WARN HadoopFSUtils: The directory file:/Users/evan/Desktop/COURS/4IABD2/spark-streaming/exam_stream/exam_stream/data/halfourlydataset was not found. Was it deleted very recently?
25/07/11 12:44:24 WARN HadoopFSUtils: The directory file:/Users/evan/Desktop/COURS/4IABD2/spark-streaming/exam_stream/exam_stream/data/halfourlydataset was not found. Was it deleted very recently?
25/07/11 12:44:26 WARN HadoopFSUtils: The directory file:/Users/evan/Desktop/COURS/4IABD2/spark-streaming/exam_stream/exam_stream/data/halfourlydataset was not found. Was it deleted very recently?
25/07/11 12:44:28 WARN HadoopFSUtils: The directory file:/Users/evan/Desktop/COURS/4IABD2/spark-streaming/exam_stream/exam_stream/data/halfourlydataset was not found. Was it deleted very recently?
25/07/11 12:44:30 WARN HadoopFSUtils: The directory file:/Users/evan/Desktop/COURS/4IABD2/spark-streaming/exam_stream/exam_stream/data/halfourlydataset was not found. Was it deleted very recently?
25/07/11 12:44:32 WARN HadoopFSUtils: The directory file:/Users/evan/Desktop/COURS/4IABD2/spark-streaming/exam_stream/exam_stream/data/halfourlydataset was not found. Was it deleted very recently?
25/07/11 12:44:34 WARN HadoopFSUtils: The directory file:/Users/evan/Desktop/COURS/4IABD2/spark-streaming/exam_stream/exam_stream/data/halfourlydataset was not found. Was it deleted very recently?
25/07/11 12:44:36 WARN HadoopFSUtils: The directory file:/Users/evan/Desktop/COURS/4IABD2/spark-streaming/exam_stream/exam_stream/data/halfourlydataset was not found. Was it deleted very recently?
25/07/11 12:44:38 WARN HadoopFSUtils: The directory file:/Users/evan/Desktop/COURS/4IABD2/spark-streaming/exam_stream/exam_stream/data/halfourlydataset was not found. Was it deleted very recently?
25/07/11 12:44:40 WARN HadoopFSUtils: The directory file:/Users/evan/Desktop/COURS/4IABD2/spark-streaming/exam_stream/exam_stream/data/halfourlydataset was not found. Was it deleted very recently?
25/07/11 12:44:42 WARN HadoopFSUtils: The directory file:/Users/evan/Desktop/COURS/4IABD2/spark-streaming/exam_stream/exam_stream/data/halfourlydataset was not found. Was it deleted very recently?
25/07/11 12:44:44 WARN HadoopFSUtils: The directory file:/Users/evan/Desktop/COURS/4IABD2/spark-streaming/exam_stream/exam_stream/data/halfourlydataset was not found. Was it deleted very recently?
25/07/11 12:44:46 WARN HadoopFSUtils: The directory file:/Users/evan/Desktop/COURS/4IABD2/spark-streaming/exam_stream/exam_stream/data/halfourlydataset was not found. Was it deleted very recently?
25/07/11 12:44:48 WARN HadoopFSUtils: The directory file:/Users/evan/Desktop/COURS/4IABD2/spark-streaming/exam_stream/exam_stream/data/halfourlydataset was not found. Was it deleted very recently?
25/07/11 12:44:50 WARN HadoopFSUtils: The directory file:/Users/evan/Desktop/COURS/4IABD2/spark-streaming/exam_stream/exam_stream/data/halfourlydataset was not found. Was it deleted very recently?
25/07/11 12:44:52 WARN HadoopFSUtils: The directory file:/Users/evan/Desktop/COURS/4IABD2/spark-streaming/exam_stream/exam_stream/data/halfourlydataset was not found. Was it deleted very recently?
25/07/11 12:44:54 WARN HadoopFSUtils: The directory file:/Users/evan/Desktop/COURS/4IABD2/spark-streaming/exam_stream/exam_stream/data/halfourlydataset was not found. Was it deleted very recently?
25/07/11 12:44:56 WARN HadoopFSUtils: The directory file:/Users/evan/Desktop/COURS/4IABD2/spark-streaming/exam_stream/exam_stream/data/halfourlydataset was not found. Was it deleted very recently?
25/07/11 12:44:58 WARN HadoopFSUtils: The directory file:/Users/evan/Desktop/COURS/4IABD2/spark-streaming/exam_stream/exam_stream/data/halfourlydataset was not found. Was it deleted very recently?
25/07/11 12:45:00 WARN HadoopFSUtils: The directory file:/Users/evan/Desktop/COURS/4IABD2/spark-streaming/exam_stream/exam_stream/data/halfourlydataset was not found. Was it deleted very recently?
25/07/11 12:45:02 WARN HadoopFSUtils: The directory file:/Users/evan/Desktop/COURS/4IABD2/spark-streaming/exam_stream/exam_stream/data/halfourlydataset was not found. Was it deleted very recently?
25/07/11 12:45:04 WARN HadoopFSUtils: The directory file:/Users/evan/Desktop/COURS/4IABD2/spark-streaming/exam_stream/exam_stream/data/halfourlydataset was not found. Was it deleted very recently?
25/07/11 12:45:06 WARN HadoopFSUtils: The directory file:/Users/evan/Desktop/COURS/4IABD2/spark-streaming/exam_stream/exam_stream/data/halfourlydataset was not found. Was it deleted very recently?
25/07/11 12:45:08 WARN HadoopFSUtils: The directory file:/Users/evan/Desktop/COURS/4IABD2/spark-streaming/exam_stream/exam_stream/data/halfourlydataset was not found. Was it deleted very recently?
25/07/11 12:45:10 WARN HadoopFSUtils: The directory file:/Users/evan/Desktop/COURS/4IABD2/spark-streaming/exam_stream/exam_stream/data/halfourlydataset was not found. Was it deleted very recently?
25/07/11 12:45:12 WARN HadoopFSUtils: The directory file:/Users/evan/Desktop/COURS/4IABD2/spark-streaming/exam_stream/exam_stream/data/halfourlydataset was not found. Was it deleted very recently?
25/07/11 12:45:14 WARN HadoopFSUtils: The directory file:/Users/evan/Desktop/COURS/4IABD2/spark-streaming/exam_stream/exam_stream/data/halfourlydataset was not found. Was it deleted very recently?
25/07/11 12:45:16 WARN HadoopFSUtils: The directory file:/Users/evan/Desktop/COURS/4IABD2/spark-streaming/exam_stream/exam_stream/data/halfourlydataset was not found. Was it deleted very recently?
25/07/11 12:45:18 WARN HadoopFSUtils: The directory file:/Users/evan/Desktop/COURS/4IABD2/spark-streaming/exam_stream/exam_stream/data/halfourlydataset was not found. Was it deleted very recently?
25/07/11 12:45:20 WARN HadoopFSUtils: The directory file:/Users/evan/Desktop/COURS/4IABD2/spark-streaming/exam_stream/exam_stream/data/halfourlydataset was not found. Was it deleted very recently?
25/07/11 12:45:22 WARN HadoopFSUtils: The directory file:/Users/evan/Desktop/COURS/4IABD2/spark-streaming/exam_stream/exam_stream/data/halfourlydataset was not found. Was it deleted very recently?
25/07/11 12:45:24 WARN HadoopFSUtils: The directory file:/Users/evan/Desktop/COURS/4IABD2/spark-streaming/exam_stream/exam_stream/data/halfourlydataset was not found. Was it deleted very recently?
25/07/11 12:45:26 WARN HadoopFSUtils: The directory file:/Users/evan/Desktop/COURS/4IABD2/spark-streaming/exam_stream/exam_stream/data/halfourlydataset was not found. Was it deleted very recently?
25/07/11 12:45:28 WARN HadoopFSUtils: The directory file:/Users/evan/Desktop/COURS/4IABD2/spark-streaming/exam_stream/exam_stream/data/halfourlydataset was not found. Was it deleted very recently?
25/07/11 12:45:30 WARN HadoopFSUtils: The directory file:/Users/evan/Desktop/COURS/4IABD2/spark-streaming/exam_stream/exam_stream/data/halfourlydataset was not found. Was it deleted very recently?
25/07/11 12:45:32 WARN HadoopFSUtils: The directory file:/Users/evan/Desktop/COURS/4IABD2/spark-streaming/exam_stream/exam_stream/data/halfourlydataset was not found. Was it deleted very recently?
25/07/11 12:45:34 WARN HadoopFSUtils: The directory file:/Users/evan/Desktop/COURS/4IABD2/spark-streaming/exam_stream/exam_stream/data/halfourlydataset was not found. Was it deleted very recently?
25/07/11 12:45:36 WARN HadoopFSUtils: The directory file:/Users/evan/Desktop/COURS/4IABD2/spark-streaming/exam_stream/exam_stream/data/halfourlydataset was not found. Was it deleted very recently?
25/07/11 12:45:38 WARN HadoopFSUtils: The directory file:/Users/evan/Desktop/COURS/4IABD2/spark-streaming/exam_stream/exam_stream/data/halfourlydataset was not found. Was it deleted very recently?
25/07/11 12:45:40 WARN HadoopFSUtils: The directory file:/Users/evan/Desktop/COURS/4IABD2/spark-streaming/exam_stream/exam_stream/data/halfourlydataset was not found. Was it deleted very recently?
25/07/11 12:45:42 WARN HadoopFSUtils: The directory file:/Users/evan/Desktop/COURS/4IABD2/spark-streaming/exam_stream/exam_stream/data/halfourlydataset was not found. Was it deleted very recently?
25/07/11 12:45:44 WARN HadoopFSUtils: The directory file:/Users/evan/Desktop/COURS/4IABD2/spark-streaming/exam_stream/exam_stream/data/halfourlydataset was not found. Was it deleted very recently?
25/07/11 12:45:46 WARN HadoopFSUtils: The directory file:/Users/evan/Desktop/COURS/4IABD2/spark-streaming/exam_stream/exam_stream/data/halfourlydataset was not found. Was it deleted very recently?
25/07/11 12:45:48 WARN HadoopFSUtils: The directory file:/Users/evan/Desktop/COURS/4IABD2/spark-streaming/exam_stream/exam_stream/data/halfourlydataset was not found. Was it deleted very recently?
25/07/11 12:45:50 WARN HadoopFSUtils: The directory file:/Users/evan/Desktop/COURS/4IABD2/spark-streaming/exam_stream/exam_stream/data/halfourlydataset was not found. Was it deleted very recently?
25/07/11 12:45:52 WARN HadoopFSUtils: The directory file:/Users/evan/Desktop/COURS/4IABD2/spark-streaming/exam_stream/exam_stream/data/halfourlydataset was not found. Was it deleted very recently?
25/07/11 12:45:54 WARN HadoopFSUtils: The directory file:/Users/evan/Desktop/COURS/4IABD2/spark-streaming/exam_stream/exam_stream/data/halfourlydataset was not found. Was it deleted very recently?
25/07/11 12:45:56 WARN HadoopFSUtils: The directory file:/Users/evan/Desktop/COURS/4IABD2/spark-streaming/exam_stream/exam_stream/data/halfourlydataset was not found. Was it deleted very recently?
25/07/11 12:45:58 WARN HadoopFSUtils: The directory file:/Users/evan/Desktop/COURS/4IABD2/spark-streaming/exam_stream/exam_stream/data/halfourlydataset was not found. Was it deleted very recently?
25/07/11 12:46:00 WARN HadoopFSUtils: The directory file:/Users/evan/Desktop/COURS/4IABD2/spark-streaming/exam_stream/exam_stream/data/halfourlydataset was not found. Was it deleted very recently?
25/07/11 12:46:02 WARN HadoopFSUtils: The directory file:/Users/evan/Desktop/COURS/4IABD2/spark-streaming/exam_stream/exam_stream/data/halfourlydataset was not found. Was it deleted very recently?
25/07/11 12:46:04 WARN HadoopFSUtils: The directory file:/Users/evan/Desktop/COURS/4IABD2/spark-streaming/exam_stream/exam_stream/data/halfourlydataset was not found. Was it deleted very recently?
25/07/11 12:46:06 WARN HadoopFSUtils: The directory file:/Users/evan/Desktop/COURS/4IABD2/spark-streaming/exam_stream/exam_stream/data/halfourlydataset was not found. Was it deleted very recently?
25/07/11 12:46:08 WARN HadoopFSUtils: The directory file:/Users/evan/Desktop/COURS/4IABD2/spark-streaming/exam_stream/exam_stream/data/halfourlydataset was not found. Was it deleted very recently?
25/07/11 12:46:10 WARN HadoopFSUtils: The directory file:/Users/evan/Desktop/COURS/4IABD2/spark-streaming/exam_stream/exam_stream/data/halfourlydataset was not found. Was it deleted very recently?
25/07/11 12:46:12 WARN HadoopFSUtils: The directory file:/Users/evan/Desktop/COURS/4IABD2/spark-streaming/exam_stream/exam_stream/data/halfourlydataset was not found. Was it deleted very recently?
25/07/11 12:46:14 WARN HadoopFSUtils: The directory file:/Users/evan/Desktop/COURS/4IABD2/spark-streaming/exam_stream/exam_stream/data/halfourlydataset was not found. Was it deleted very recently?
25/07/11 12:46:16 WARN HadoopFSUtils: The directory file:/Users/evan/Desktop/COURS/4IABD2/spark-streaming/exam_stream/exam_stream/data/halfourlydataset was not found. Was it deleted very recently?
25/07/11 12:46:18 WARN HadoopFSUtils: The directory file:/Users/evan/Desktop/COURS/4IABD2/spark-streaming/exam_stream/exam_stream/data/halfourlydataset was not found. Was it deleted very recently?
25/07/11 12:46:20 WARN HadoopFSUtils: The directory file:/Users/evan/Desktop/COURS/4IABD2/spark-streaming/exam_stream/exam_stream/data/halfourlydataset was not found. Was it deleted very recently?
25/07/11 12:46:22 WARN HadoopFSUtils: The directory file:/Users/evan/Desktop/COURS/4IABD2/spark-streaming/exam_stream/exam_stream/data/halfourlydataset was not found. Was it deleted very recently?
25/07/11 12:46:24 WARN HadoopFSUtils: The directory file:/Users/evan/Desktop/COURS/4IABD2/spark-streaming/exam_stream/exam_stream/data/halfourlydataset was not found. Was it deleted very recently?
25/07/11 12:46:26 WARN HadoopFSUtils: The directory file:/Users/evan/Desktop/COURS/4IABD2/spark-streaming/exam_stream/exam_stream/data/halfourlydataset was not found. Was it deleted very recently?
25/07/11 12:46:28 WARN HadoopFSUtils: The directory file:/Users/evan/Desktop/COURS/4IABD2/spark-streaming/exam_stream/exam_stream/data/halfourlydataset was not found. Was it deleted very recently?
25/07/11 12:46:30 WARN HadoopFSUtils: The directory file:/Users/evan/Desktop/COURS/4IABD2/spark-streaming/exam_stream/exam_stream/data/halfourlydataset was not found. Was it deleted very recently?
25/07/11 12:46:32 WARN HadoopFSUtils: The directory file:/Users/evan/Desktop/COURS/4IABD2/spark-streaming/exam_stream/exam_stream/data/halfourlydataset was not found. Was it deleted very recently?
25/07/11 12:46:34 WARN HadoopFSUtils: The directory file:/Users/evan/Desktop/COURS/4IABD2/spark-streaming/exam_stream/exam_stream/data/halfourlydataset was not found. Was it deleted very recently?
25/07/11 12:46:36 WARN HadoopFSUtils: The directory file:/Users/evan/Desktop/COURS/4IABD2/spark-streaming/exam_stream/exam_stream/data/halfourlydataset was not found. Was it deleted very recently?
25/07/11 12:46:38 WARN HadoopFSUtils: The directory file:/Users/evan/Desktop/COURS/4IABD2/spark-streaming/exam_stream/exam_stream/data/halfourlydataset was not found. Was it deleted very recently?
25/07/11 12:46:40 WARN HadoopFSUtils: The directory file:/Users/evan/Desktop/COURS/4IABD2/spark-streaming/exam_stream/exam_stream/data/halfourlydataset was not found. Was it deleted very recently?
25/07/11 12:46:42 WARN HadoopFSUtils: The directory file:/Users/evan/Desktop/COURS/4IABD2/spark-streaming/exam_stream/exam_stream/data/halfourlydataset was not found. Was it deleted very recently?
25/07/11 12:46:44 WARN HadoopFSUtils: The directory file:/Users/evan/Desktop/COURS/4IABD2/spark-streaming/exam_stream/exam_stream/data/halfourlydataset was not found. Was it deleted very recently?
25/07/11 12:46:46 WARN HadoopFSUtils: The directory file:/Users/evan/Desktop/COURS/4IABD2/spark-streaming/exam_stream/exam_stream/data/halfourlydataset was not found. Was it deleted very recently?
25/07/11 12:46:48 WARN HadoopFSUtils: The directory file:/Users/evan/Desktop/COURS/4IABD2/spark-streaming/exam_stream/exam_stream/data/halfourlydataset was not found. Was it deleted very recently?
25/07/11 12:46:50 WARN HadoopFSUtils: The directory file:/Users/evan/Desktop/COURS/4IABD2/spark-streaming/exam_stream/exam_stream/data/halfourlydataset was not found. Was it deleted very recently?
25/07/11 12:46:52 WARN HadoopFSUtils: The directory file:/Users/evan/Desktop/COURS/4IABD2/spark-streaming/exam_stream/exam_stream/data/halfourlydataset was not found. Was it deleted very recently?
25/07/11 12:46:54 WARN HadoopFSUtils: The directory file:/Users/evan/Desktop/COURS/4IABD2/spark-streaming/exam_stream/exam_stream/data/halfourlydataset was not found. Was it deleted very recently?
25/07/11 12:46:56 WARN HadoopFSUtils: The directory file:/Users/evan/Desktop/COURS/4IABD2/spark-streaming/exam_stream/exam_stream/data/halfourlydataset was not found. Was it deleted very recently?
25/07/11 12:46:58 WARN HadoopFSUtils: The directory file:/Users/evan/Desktop/COURS/4IABD2/spark-streaming/exam_stream/exam_stream/data/halfourlydataset was not found. Was it deleted very recently?
25/07/11 12:47:00 WARN HadoopFSUtils: The directory file:/Users/evan/Desktop/COURS/4IABD2/spark-streaming/exam_stream/exam_stream/data/halfourlydataset was not found. Was it deleted very recently?
25/07/11 12:47:02 WARN HadoopFSUtils: The directory file:/Users/evan/Desktop/COURS/4IABD2/spark-streaming/exam_stream/exam_stream/data/halfourlydataset was not found. Was it deleted very recently?
25/07/11 12:47:04 WARN HadoopFSUtils: The directory file:/Users/evan/Desktop/COURS/4IABD2/spark-streaming/exam_stream/exam_stream/data/halfourlydataset was not found. Was it deleted very recently?
25/07/11 12:47:06 WARN HadoopFSUtils: The directory file:/Users/evan/Desktop/COURS/4IABD2/spark-streaming/exam_stream/exam_stream/data/halfourlydataset was not found. Was it deleted very recently?
25/07/11 12:47:08 WARN HadoopFSUtils: The directory file:/Users/evan/Desktop/COURS/4IABD2/spark-streaming/exam_stream/exam_stream/data/halfourlydataset was not found. Was it deleted very recently?
25/07/11 12:47:10 WARN HadoopFSUtils: The directory file:/Users/evan/Desktop/COURS/4IABD2/spark-streaming/exam_stream/exam_stream/data/halfourlydataset was not found. Was it deleted very recently?
25/07/11 12:47:12 WARN HadoopFSUtils: The directory file:/Users/evan/Desktop/COURS/4IABD2/spark-streaming/exam_stream/exam_stream/data/halfourlydataset was not found. Was it deleted very recently?
25/07/11 12:47:14 WARN HadoopFSUtils: The directory file:/Users/evan/Desktop/COURS/4IABD2/spark-streaming/exam_stream/exam_stream/data/halfourlydataset was not found. Was it deleted very recently?
25/07/11 12:47:16 WARN HadoopFSUtils: The directory file:/Users/evan/Desktop/COURS/4IABD2/spark-streaming/exam_stream/exam_stream/data/halfourlydataset was not found. Was it deleted very recently?
25/07/11 12:47:18 WARN HadoopFSUtils: The directory file:/Users/evan/Desktop/COURS/4IABD2/spark-streaming/exam_stream/exam_stream/data/halfourlydataset was not found. Was it deleted very recently?
25/07/11 12:47:20 WARN HadoopFSUtils: The directory file:/Users/evan/Desktop/COURS/4IABD2/spark-streaming/exam_stream/exam_stream/data/halfourlydataset was not found. Was it deleted very recently?
25/07/11 12:47:22 WARN HadoopFSUtils: The directory file:/Users/evan/Desktop/COURS/4IABD2/spark-streaming/exam_stream/exam_stream/data/halfourlydataset was not found. Was it deleted very recently?
25/07/11 12:47:24 WARN HadoopFSUtils: The directory file:/Users/evan/Desktop/COURS/4IABD2/spark-streaming/exam_stream/exam_stream/data/halfourlydataset was not found. Was it deleted very recently?
25/07/11 12:47:26 WARN HadoopFSUtils: The directory file:/Users/evan/Desktop/COURS/4IABD2/spark-streaming/exam_stream/exam_stream/data/halfourlydataset was not found. Was it deleted very recently?
25/07/11 12:47:28 WARN HadoopFSUtils: The directory file:/Users/evan/Desktop/COURS/4IABD2/spark-streaming/exam_stream/exam_stream/data/halfourlydataset was not found. Was it deleted very recently?
25/07/11 12:47:30 WARN HadoopFSUtils: The directory file:/Users/evan/Desktop/COURS/4IABD2/spark-streaming/exam_stream/exam_stream/data/halfourlydataset was not found. Was it deleted very recently?
25/07/11 12:47:32 WARN HadoopFSUtils: The directory file:/Users/evan/Desktop/COURS/4IABD2/spark-streaming/exam_stream/exam_stream/data/halfourlydataset was not found. Was it deleted very recently?
25/07/11 12:47:34 WARN HadoopFSUtils: The directory file:/Users/evan/Desktop/COURS/4IABD2/spark-streaming/exam_stream/exam_stream/data/halfourlydataset was not found. Was it deleted very recently?
25/07/11 12:47:36 WARN HadoopFSUtils: The directory file:/Users/evan/Desktop/COURS/4IABD2/spark-streaming/exam_stream/exam_stream/data/halfourlydataset was not found. Was it deleted very recently?
25/07/11 12:47:38 WARN HadoopFSUtils: The directory file:/Users/evan/Desktop/COURS/4IABD2/spark-streaming/exam_stream/exam_stream/data/halfourlydataset was not found. Was it deleted very recently?
25/07/11 12:47:40 WARN HadoopFSUtils: The directory file:/Users/evan/Desktop/COURS/4IABD2/spark-streaming/exam_stream/exam_stream/data/halfourlydataset was not found. Was it deleted very recently?
25/07/11 12:47:42 WARN HadoopFSUtils: The directory file:/Users/evan/Desktop/COURS/4IABD2/spark-streaming/exam_stream/exam_stream/data/halfourlydataset was not found. Was it deleted very recently?
25/07/11 12:47:44 WARN HadoopFSUtils: The directory file:/Users/evan/Desktop/COURS/4IABD2/spark-streaming/exam_stream/exam_stream/data/halfourlydataset was not found. Was it deleted very recently?
25/07/11 12:47:46 WARN HadoopFSUtils: The directory file:/Users/evan/Desktop/COURS/4IABD2/spark-streaming/exam_stream/exam_stream/data/halfourlydataset was not found. Was it deleted very recently?
25/07/11 12:47:48 WARN HadoopFSUtils: The directory file:/Users/evan/Desktop/COURS/4IABD2/spark-streaming/exam_stream/exam_stream/data/halfourlydataset was not found. Was it deleted very recently?
25/07/11 12:47:50 WARN HadoopFSUtils: The directory file:/Users/evan/Desktop/COURS/4IABD2/spark-streaming/exam_stream/exam_stream/data/halfourlydataset was not found. Was it deleted very recently?
25/07/11 12:47:52 WARN HadoopFSUtils: The directory file:/Users/evan/Desktop/COURS/4IABD2/spark-streaming/exam_stream/exam_stream/data/halfourlydataset was not found. Was it deleted very recently?
25/07/11 12:47:54 WARN HadoopFSUtils: The directory file:/Users/evan/Desktop/COURS/4IABD2/spark-streaming/exam_stream/exam_stream/data/halfourlydataset was not found. Was it deleted very recently?
25/07/11 12:47:56 WARN HadoopFSUtils: The directory file:/Users/evan/Desktop/COURS/4IABD2/spark-streaming/exam_stream/exam_stream/data/halfourlydataset was not found. Was it deleted very recently?
25/07/11 12:47:58 WARN HadoopFSUtils: The directory file:/Users/evan/Desktop/COURS/4IABD2/spark-streaming/exam_stream/exam_stream/data/halfourlydataset was not found. Was it deleted very recently?
25/07/11 12:48:00 WARN HadoopFSUtils: The directory file:/Users/evan/Desktop/COURS/4IABD2/spark-streaming/exam_stream/exam_stream/data/halfourlydataset was not found. Was it deleted very recently?
25/07/11 12:48:02 WARN HadoopFSUtils: The directory file:/Users/evan/Desktop/COURS/4IABD2/spark-streaming/exam_stream/exam_stream/data/halfourlydataset was not found. Was it deleted very recently?
25/07/11 12:48:04 WARN HadoopFSUtils: The directory file:/Users/evan/Desktop/COURS/4IABD2/spark-streaming/exam_stream/exam_stream/data/halfourlydataset was not found. Was it deleted very recently?
25/07/11 12:48:06 WARN HadoopFSUtils: The directory file:/Users/evan/Desktop/COURS/4IABD2/spark-streaming/exam_stream/exam_stream/data/halfourlydataset was not found. Was it deleted very recently?
25/07/11 12:48:08 WARN HadoopFSUtils: The directory file:/Users/evan/Desktop/COURS/4IABD2/spark-streaming/exam_stream/exam_stream/data/halfourlydataset was not found. Was it deleted very recently?
25/07/11 12:48:10 WARN HadoopFSUtils: The directory file:/Users/evan/Desktop/COURS/4IABD2/spark-streaming/exam_stream/exam_stream/data/halfourlydataset was not found. Was it deleted very recently?
25/07/11 12:48:12 WARN HadoopFSUtils: The directory file:/Users/evan/Desktop/COURS/4IABD2/spark-streaming/exam_stream/exam_stream/data/halfourlydataset was not found. Was it deleted very recently?
25/07/11 12:48:14 WARN HadoopFSUtils: The directory file:/Users/evan/Desktop/COURS/4IABD2/spark-streaming/exam_stream/exam_stream/data/halfourlydataset was not found. Was it deleted very recently?
25/07/11 12:48:16 WARN HadoopFSUtils: The directory file:/Users/evan/Desktop/COURS/4IABD2/spark-streaming/exam_stream/exam_stream/data/halfourlydataset was not found. Was it deleted very recently?
25/07/11 12:48:18 WARN HadoopFSUtils: The directory file:/Users/evan/Desktop/COURS/4IABD2/spark-streaming/exam_stream/exam_stream/data/halfourlydataset was not found. Was it deleted very recently?
25/07/11 12:48:20 WARN HadoopFSUtils: The directory file:/Users/evan/Desktop/COURS/4IABD2/spark-streaming/exam_stream/exam_stream/data/halfourlydataset was not found. Was it deleted very recently?
25/07/11 12:48:22 WARN HadoopFSUtils: The directory file:/Users/evan/Desktop/COURS/4IABD2/spark-streaming/exam_stream/exam_stream/data/halfourlydataset was not found. Was it deleted very recently?
25/07/11 12:48:24 WARN HadoopFSUtils: The directory file:/Users/evan/Desktop/COURS/4IABD2/spark-streaming/exam_stream/exam_stream/data/halfourlydataset was not found. Was it deleted very recently?
25/07/11 12:48:26 WARN HadoopFSUtils: The directory file:/Users/evan/Desktop/COURS/4IABD2/spark-streaming/exam_stream/exam_stream/data/halfourlydataset was not found. Was it deleted very recently?
25/07/11 12:48:28 WARN HadoopFSUtils: The directory file:/Users/evan/Desktop/COURS/4IABD2/spark-streaming/exam_stream/exam_stream/data/halfourlydataset was not found. Was it deleted very recently?
25/07/11 12:48:30 WARN HadoopFSUtils: The directory file:/Users/evan/Desktop/COURS/4IABD2/spark-streaming/exam_stream/exam_stream/data/halfourlydataset was not found. Was it deleted very recently?
25/07/11 12:48:32 WARN HadoopFSUtils: The directory file:/Users/evan/Desktop/COURS/4IABD2/spark-streaming/exam_stream/exam_stream/data/halfourlydataset was not found. Was it deleted very recently?
25/07/11 12:48:34 WARN HadoopFSUtils: The directory file:/Users/evan/Desktop/COURS/4IABD2/spark-streaming/exam_stream/exam_stream/data/halfourlydataset was not found. Was it deleted very recently?
25/07/11 12:48:36 WARN HadoopFSUtils: The directory file:/Users/evan/Desktop/COURS/4IABD2/spark-streaming/exam_stream/exam_stream/data/halfourlydataset was not found. Was it deleted very recently?
25/07/11 12:48:38 WARN HadoopFSUtils: The directory file:/Users/evan/Desktop/COURS/4IABD2/spark-streaming/exam_stream/exam_stream/data/halfourlydataset was not found. Was it deleted very recently?
25/07/11 12:48:40 WARN HadoopFSUtils: The directory file:/Users/evan/Desktop/COURS/4IABD2/spark-streaming/exam_stream/exam_stream/data/halfourlydataset was not found. Was it deleted very recently?
25/07/11 12:48:42 WARN HadoopFSUtils: The directory file:/Users/evan/Desktop/COURS/4IABD2/spark-streaming/exam_stream/exam_stream/data/halfourlydataset was not found. Was it deleted very recently?
25/07/11 12:48:44 WARN HadoopFSUtils: The directory file:/Users/evan/Desktop/COURS/4IABD2/spark-streaming/exam_stream/exam_stream/data/halfourlydataset was not found. Was it deleted very recently?
25/07/11 12:48:46 WARN HadoopFSUtils: The directory file:/Users/evan/Desktop/COURS/4IABD2/spark-streaming/exam_stream/exam_stream/data/halfourlydataset was not found. Was it deleted very recently?
25/07/11 12:48:48 WARN HadoopFSUtils: The directory file:/Users/evan/Desktop/COURS/4IABD2/spark-streaming/exam_stream/exam_stream/data/halfourlydataset was not found. Was it deleted very recently?
25/07/11 12:48:50 WARN HadoopFSUtils: The directory file:/Users/evan/Desktop/COURS/4IABD2/spark-streaming/exam_stream/exam_stream/data/halfourlydataset was not found. Was it deleted very recently?
25/07/11 12:48:52 WARN HadoopFSUtils: The directory file:/Users/evan/Desktop/COURS/4IABD2/spark-streaming/exam_stream/exam_stream/data/halfourlydataset was not found. Was it deleted very recently?
25/07/11 12:48:54 WARN HadoopFSUtils: The directory file:/Users/evan/Desktop/COURS/4IABD2/spark-streaming/exam_stream/exam_stream/data/halfourlydataset was not found. Was it deleted very recently?
25/07/11 12:48:56 WARN HadoopFSUtils: The directory file:/Users/evan/Desktop/COURS/4IABD2/spark-streaming/exam_stream/exam_stream/data/halfourlydataset was not found. Was it deleted very recently?
25/07/11 12:48:58 WARN HadoopFSUtils: The directory file:/Users/evan/Desktop/COURS/4IABD2/spark-streaming/exam_stream/exam_stream/data/halfourlydataset was not found. Was it deleted very recently?
25/07/11 12:49:00 WARN HadoopFSUtils: The directory file:/Users/evan/Desktop/COURS/4IABD2/spark-streaming/exam_stream/exam_stream/data/halfourlydataset was not found. Was it deleted very recently?
25/07/11 12:49:02 WARN HadoopFSUtils: The directory file:/Users/evan/Desktop/COURS/4IABD2/spark-streaming/exam_stream/exam_stream/data/halfourlydataset was not found. Was it deleted very recently?
25/07/11 12:49:04 WARN HadoopFSUtils: The directory file:/Users/evan/Desktop/COURS/4IABD2/spark-streaming/exam_stream/exam_stream/data/halfourlydataset was not found. Was it deleted very recently?
25/07/11 12:49:06 WARN HadoopFSUtils: The directory file:/Users/evan/Desktop/COURS/4IABD2/spark-streaming/exam_stream/exam_stream/data/halfourlydataset was not found. Was it deleted very recently?
25/07/11 12:49:08 WARN HadoopFSUtils: The directory file:/Users/evan/Desktop/COURS/4IABD2/spark-streaming/exam_stream/exam_stream/data/halfourlydataset was not found. Was it deleted very recently?
25/07/11 12:49:10 WARN HadoopFSUtils: The directory file:/Users/evan/Desktop/COURS/4IABD2/spark-streaming/exam_stream/exam_stream/data/halfourlydataset was not found. Was it deleted very recently?
25/07/11 12:49:12 WARN HadoopFSUtils: The directory file:/Users/evan/Desktop/COURS/4IABD2/spark-streaming/exam_stream/exam_stream/data/halfourlydataset was not found. Was it deleted very recently?
25/07/11 12:49:14 WARN HadoopFSUtils: The directory file:/Users/evan/Desktop/COURS/4IABD2/spark-streaming/exam_stream/exam_stream/data/halfourlydataset was not found. Was it deleted very recently?
25/07/11 12:49:16 WARN HadoopFSUtils: The directory file:/Users/evan/Desktop/COURS/4IABD2/spark-streaming/exam_stream/exam_stream/data/halfourlydataset was not found. Was it deleted very recently?
25/07/11 12:49:18 WARN HadoopFSUtils: The directory file:/Users/evan/Desktop/COURS/4IABD2/spark-streaming/exam_stream/exam_stream/data/halfourlydataset was not found. Was it deleted very recently?
25/07/11 12:49:20 WARN HadoopFSUtils: The directory file:/Users/evan/Desktop/COURS/4IABD2/spark-streaming/exam_stream/exam_stream/data/halfourlydataset was not found. Was it deleted very recently?
25/07/11 12:49:22 WARN HadoopFSUtils: The directory file:/Users/evan/Desktop/COURS/4IABD2/spark-streaming/exam_stream/exam_stream/data/halfourlydataset was not found. Was it deleted very recently?
25/07/11 12:49:24 WARN HadoopFSUtils: The directory file:/Users/evan/Desktop/COURS/4IABD2/spark-streaming/exam_stream/exam_stream/data/halfourlydataset was not found. Was it deleted very recently?
25/07/11 12:49:26 WARN HadoopFSUtils: The directory file:/Users/evan/Desktop/COURS/4IABD2/spark-streaming/exam_stream/exam_stream/data/halfourlydataset was not found. Was it deleted very recently?
25/07/11 12:49:28 WARN HadoopFSUtils: The directory file:/Users/evan/Desktop/COURS/4IABD2/spark-streaming/exam_stream/exam_stream/data/halfourlydataset was not found. Was it deleted very recently?
25/07/11 12:49:30 WARN HadoopFSUtils: The directory file:/Users/evan/Desktop/COURS/4IABD2/spark-streaming/exam_stream/exam_stream/data/halfourlydataset was not found. Was it deleted very recently?
25/07/11 12:49:32 WARN HadoopFSUtils: The directory file:/Users/evan/Desktop/COURS/4IABD2/spark-streaming/exam_stream/exam_stream/data/halfourlydataset was not found. Was it deleted very recently?
25/07/11 12:49:34 WARN HadoopFSUtils: The directory file:/Users/evan/Desktop/COURS/4IABD2/spark-streaming/exam_stream/exam_stream/data/halfourlydataset was not found. Was it deleted very recently?
25/07/11 12:49:36 WARN HadoopFSUtils: The directory file:/Users/evan/Desktop/COURS/4IABD2/spark-streaming/exam_stream/exam_stream/data/halfourlydataset was not found. Was it deleted very recently?
25/07/11 12:49:38 WARN HadoopFSUtils: The directory file:/Users/evan/Desktop/COURS/4IABD2/spark-streaming/exam_stream/exam_stream/data/halfourlydataset was not found. Was it deleted very recently?
25/07/11 12:49:40 WARN HadoopFSUtils: The directory file:/Users/evan/Desktop/COURS/4IABD2/spark-streaming/exam_stream/exam_stream/data/halfourlydataset was not found. Was it deleted very recently?
25/07/11 12:49:42 WARN HadoopFSUtils: The directory file:/Users/evan/Desktop/COURS/4IABD2/spark-streaming/exam_stream/exam_stream/data/halfourlydataset was not found. Was it deleted very recently?
25/07/11 12:49:44 WARN HadoopFSUtils: The directory file:/Users/evan/Desktop/COURS/4IABD2/spark-streaming/exam_stream/exam_stream/data/halfourlydataset was not found. Was it deleted very recently?
25/07/11 12:49:46 WARN HadoopFSUtils: The directory file:/Users/evan/Desktop/COURS/4IABD2/spark-streaming/exam_stream/exam_stream/data/halfourlydataset was not found. Was it deleted very recently?
25/07/11 12:49:48 WARN HadoopFSUtils: The directory file:/Users/evan/Desktop/COURS/4IABD2/spark-streaming/exam_stream/exam_stream/data/halfourlydataset was not found. Was it deleted very recently?
25/07/11 12:49:50 WARN HadoopFSUtils: The directory file:/Users/evan/Desktop/COURS/4IABD2/spark-streaming/exam_stream/exam_stream/data/halfourlydataset was not found. Was it deleted very recently?
25/07/11 12:49:52 WARN HadoopFSUtils: The directory file:/Users/evan/Desktop/COURS/4IABD2/spark-streaming/exam_stream/exam_stream/data/halfourlydataset was not found. Was it deleted very recently?
25/07/11 12:49:54 WARN HadoopFSUtils: The directory file:/Users/evan/Desktop/COURS/4IABD2/spark-streaming/exam_stream/exam_stream/data/halfourlydataset was not found. Was it deleted very recently?
25/07/11 12:49:56 WARN HadoopFSUtils: The directory file:/Users/evan/Desktop/COURS/4IABD2/spark-streaming/exam_stream/exam_stream/data/halfourlydataset was not found. Was it deleted very recently?
25/07/11 12:49:58 WARN HadoopFSUtils: The directory file:/Users/evan/Desktop/COURS/4IABD2/spark-streaming/exam_stream/exam_stream/data/halfourlydataset was not found. Was it deleted very recently?
25/07/11 12:50:00 WARN HadoopFSUtils: The directory file:/Users/evan/Desktop/COURS/4IABD2/spark-streaming/exam_stream/exam_stream/data/halfourlydataset was not found. Was it deleted very recently?
25/07/11 12:50:02 WARN HadoopFSUtils: The directory file:/Users/evan/Desktop/COURS/4IABD2/spark-streaming/exam_stream/exam_stream/data/halfourlydataset was not found. Was it deleted very recently?
25/07/11 12:50:04 WARN HadoopFSUtils: The directory file:/Users/evan/Desktop/COURS/4IABD2/spark-streaming/exam_stream/exam_stream/data/halfourlydataset was not found. Was it deleted very recently?
25/07/11 12:50:06 WARN HadoopFSUtils: The directory file:/Users/evan/Desktop/COURS/4IABD2/spark-streaming/exam_stream/exam_stream/data/halfourlydataset was not found. Was it deleted very recently?
25/07/11 12:50:08 WARN HadoopFSUtils: The directory file:/Users/evan/Desktop/COURS/4IABD2/spark-streaming/exam_stream/exam_stream/data/halfourlydataset was not found. Was it deleted very recently?
25/07/11 12:50:10 WARN HadoopFSUtils: The directory file:/Users/evan/Desktop/COURS/4IABD2/spark-streaming/exam_stream/exam_stream/data/halfourlydataset was not found. Was it deleted very recently?
25/07/11 12:50:12 WARN HadoopFSUtils: The directory file:/Users/evan/Desktop/COURS/4IABD2/spark-streaming/exam_stream/exam_stream/data/halfourlydataset was not found. Was it deleted very recently?
25/07/11 12:50:14 WARN HadoopFSUtils: The directory file:/Users/evan/Desktop/COURS/4IABD2/spark-streaming/exam_stream/exam_stream/data/halfourlydataset was not found. Was it deleted very recently?
25/07/11 12:50:16 WARN HadoopFSUtils: The directory file:/Users/evan/Desktop/COURS/4IABD2/spark-streaming/exam_stream/exam_stream/data/halfourlydataset was not found. Was it deleted very recently?
25/07/11 12:50:18 WARN HadoopFSUtils: The directory file:/Users/evan/Desktop/COURS/4IABD2/spark-streaming/exam_stream/exam_stream/data/halfourlydataset was not found. Was it deleted very recently?
25/07/11 12:50:20 WARN HadoopFSUtils: The directory file:/Users/evan/Desktop/COURS/4IABD2/spark-streaming/exam_stream/exam_stream/data/halfourlydataset was not found. Was it deleted very recently?
25/07/11 12:50:22 WARN HadoopFSUtils: The directory file:/Users/evan/Desktop/COURS/4IABD2/spark-streaming/exam_stream/exam_stream/data/halfourlydataset was not found. Was it deleted very recently?
25/07/11 12:50:24 WARN HadoopFSUtils: The directory file:/Users/evan/Desktop/COURS/4IABD2/spark-streaming/exam_stream/exam_stream/data/halfourlydataset was not found. Was it deleted very recently?
25/07/11 12:50:26 WARN HadoopFSUtils: The directory file:/Users/evan/Desktop/COURS/4IABD2/spark-streaming/exam_stream/exam_stream/data/halfourlydataset was not found. Was it deleted very recently?
25/07/11 12:50:28 WARN HadoopFSUtils: The directory file:/Users/evan/Desktop/COURS/4IABD2/spark-streaming/exam_stream/exam_stream/data/halfourlydataset was not found. Was it deleted very recently?
25/07/11 12:50:30 WARN HadoopFSUtils: The directory file:/Users/evan/Desktop/COURS/4IABD2/spark-streaming/exam_stream/exam_stream/data/halfourlydataset was not found. Was it deleted very recently?
25/07/11 12:50:32 WARN HadoopFSUtils: The directory file:/Users/evan/Desktop/COURS/4IABD2/spark-streaming/exam_stream/exam_stream/data/halfourlydataset was not found. Was it deleted very recently?
25/07/11 12:50:34 WARN HadoopFSUtils: The directory file:/Users/evan/Desktop/COURS/4IABD2/spark-streaming/exam_stream/exam_stream/data/halfourlydataset was not found. Was it deleted very recently?
25/07/11 12:50:36 WARN HadoopFSUtils: The directory file:/Users/evan/Desktop/COURS/4IABD2/spark-streaming/exam_stream/exam_stream/data/halfourlydataset was not found. Was it deleted very recently?
25/07/11 12:50:38 WARN HadoopFSUtils: The directory file:/Users/evan/Desktop/COURS/4IABD2/spark-streaming/exam_stream/exam_stream/data/halfourlydataset was not found. Was it deleted very recently?
25/07/11 12:50:40 WARN HadoopFSUtils: The directory file:/Users/evan/Desktop/COURS/4IABD2/spark-streaming/exam_stream/exam_stream/data/halfourlydataset was not found. Was it deleted very recently?
25/07/11 12:50:42 WARN HadoopFSUtils: The directory file:/Users/evan/Desktop/COURS/4IABD2/spark-streaming/exam_stream/exam_stream/data/halfourlydataset was not found. Was it deleted very recently?
25/07/11 12:50:44 WARN HadoopFSUtils: The directory file:/Users/evan/Desktop/COURS/4IABD2/spark-streaming/exam_stream/exam_stream/data/halfourlydataset was not found. Was it deleted very recently?
25/07/11 12:50:46 WARN HadoopFSUtils: The directory file:/Users/evan/Desktop/COURS/4IABD2/spark-streaming/exam_stream/exam_stream/data/halfourlydataset was not found. Was it deleted very recently?
25/07/11 12:50:48 WARN HadoopFSUtils: The directory file:/Users/evan/Desktop/COURS/4IABD2/spark-streaming/exam_stream/exam_stream/data/halfourlydataset was not found. Was it deleted very recently?
25/07/11 12:50:50 WARN HadoopFSUtils: The directory file:/Users/evan/Desktop/COURS/4IABD2/spark-streaming/exam_stream/exam_stream/data/halfourlydataset was not found. Was it deleted very recently?
25/07/11 12:50:52 WARN HadoopFSUtils: The directory file:/Users/evan/Desktop/COURS/4IABD2/spark-streaming/exam_stream/exam_stream/data/halfourlydataset was not found. Was it deleted very recently?
25/07/11 12:50:54 WARN HadoopFSUtils: The directory file:/Users/evan/Desktop/COURS/4IABD2/spark-streaming/exam_stream/exam_stream/data/halfourlydataset was not found. Was it deleted very recently?
25/07/11 12:50:56 WARN HadoopFSUtils: The directory file:/Users/evan/Desktop/COURS/4IABD2/spark-streaming/exam_stream/exam_stream/data/halfourlydataset was not found. Was it deleted very recently?
25/07/11 12:50:58 WARN HadoopFSUtils: The directory file:/Users/evan/Desktop/COURS/4IABD2/spark-streaming/exam_stream/exam_stream/data/halfourlydataset was not found. Was it deleted very recently?
25/07/11 12:51:00 WARN HadoopFSUtils: The directory file:/Users/evan/Desktop/COURS/4IABD2/spark-streaming/exam_stream/exam_stream/data/halfourlydataset was not found. Was it deleted very recently?
25/07/11 12:51:02 WARN HadoopFSUtils: The directory file:/Users/evan/Desktop/COURS/4IABD2/spark-streaming/exam_stream/exam_stream/data/halfourlydataset was not found. Was it deleted very recently?
25/07/11 12:51:04 WARN HadoopFSUtils: The directory file:/Users/evan/Desktop/COURS/4IABD2/spark-streaming/exam_stream/exam_stream/data/halfourlydataset was not found. Was it deleted very recently?
25/07/11 12:51:06 WARN HadoopFSUtils: The directory file:/Users/evan/Desktop/COURS/4IABD2/spark-streaming/exam_stream/exam_stream/data/halfourlydataset was not found. Was it deleted very recently?
25/07/11 12:51:08 WARN HadoopFSUtils: The directory file:/Users/evan/Desktop/COURS/4IABD2/spark-streaming/exam_stream/exam_stream/data/halfourlydataset was not found. Was it deleted very recently?
25/07/11 12:51:10 WARN HadoopFSUtils: The directory file:/Users/evan/Desktop/COURS/4IABD2/spark-streaming/exam_stream/exam_stream/data/halfourlydataset was not found. Was it deleted very recently?
25/07/11 12:51:12 WARN HadoopFSUtils: The directory file:/Users/evan/Desktop/COURS/4IABD2/spark-streaming/exam_stream/exam_stream/data/halfourlydataset was not found. Was it deleted very recently?
25/07/11 12:51:14 WARN HadoopFSUtils: The directory file:/Users/evan/Desktop/COURS/4IABD2/spark-streaming/exam_stream/exam_stream/data/halfourlydataset was not found. Was it deleted very recently?
25/07/11 12:51:16 WARN HadoopFSUtils: The directory file:/Users/evan/Desktop/COURS/4IABD2/spark-streaming/exam_stream/exam_stream/data/halfourlydataset was not found. Was it deleted very recently?
25/07/11 12:51:18 WARN HadoopFSUtils: The directory file:/Users/evan/Desktop/COURS/4IABD2/spark-streaming/exam_stream/exam_stream/data/halfourlydataset was not found. Was it deleted very recently?
25/07/11 12:51:20 WARN HadoopFSUtils: The directory file:/Users/evan/Desktop/COURS/4IABD2/spark-streaming/exam_stream/exam_stream/data/halfourlydataset was not found. Was it deleted very recently?
